LIMIT_BAL,EDUCATION,MARRIAGE,AGE,PAY_0,PAY_2,PAY_3,PAY_4,PAY_5,PAY_6,BILL_AMT1,BILL_AMT2,BILL_AMT3,BILL_AMT4,BILL_AMT5,BILL_AMT6,PAY_AMT1,PAY_AMT2,PAY_AMT3,PAY_AMT4,PAY_AMT5,PAY_AMT6,utilization_last,utilization_avg,pay_ratio_avg,pay_ratio_last,months_delayed,max_delay,delay_trend,bill_growth,avg_payment,zero_payment_months
180000,2,2,30,0,0,0,0,0,0,145563,147348,143548,133408,136481,140008,10035,5096,5000,5200,6024,5015,0.8086833333333333,0.783662962962963,0.044441697939335695,0.06810361794107866,0,0,0.0,0.03086111111111111,6061.666666666667,0
30000,2,1,41,2,2,0,0,0,0,25594,21485,22320,23933,22742,2500,0,1300,5000,945,1850,1060,0.8531333333333333,0.6587444444444444,0.2096808625969977,0.0,2,2,1.3333333333333333,0.7698,1692.5,1
130000,3,1,54,0,0,0,0,0,0,77506,78535,72776,66053,52505,12242,2900,2564,2368,2200,364,152,0.5962,0.46104743589743585,0.03592747135641567,0.03692574106142406,0,0,0.0,0.5020307692307693,1758.0,0
370000,1,1,40,1,0,0,0,0,0,0,0,0,0,0,0,0,0,0,0,0,0,0.0,0.0,0.0,0.0,1,1,0.3333333333333333,0.0,0.0,6
30000,2,1,38,0,0,0,0,0,0,184,1522,0,5480,175,-2000,1522,0,5480,175,0,2000,0.0061333333333333335,0.04089444444444444,0.5986958269083498,0.9993434011818779,0,0,0.0,0.0061333333333333335,1529.5,2
220000,3,1,33,0,0,0,0,0,0,1037,1062,0,0,0,0,1062,0,0,0,0,0,0.004713636363636363,0.0015901515151515151,0.19981185324553152,0.9990592662276576,0,0,0.0,0.004713636363636363,177.0,5
150000,3,1,46,0,0,0,0,0,0,38985,36466,31907,33300,34681,36060,10107,20000,10000,10000,10000,10000,0.2599,0.23488777777777775,0.353977985464638,0.2771546877999287,0,0,0.0,0.0195,11684.5,0
410000,2,2,42,0,0,0,0,0,0,7114,8223,6557,16128,7539,5300,8309,6645,16141,0,5300,5600,0.01735121951219512,0.020675203252032523,0.804831440131186,1.0103356031128405,0,0,0.0,0.004424390243902439,6999.166666666667,1
190000,2,2,26,0,0,2,0,0,0,115608,138097,130898,130950,115342,115657,26500,0,7000,4550,4600,4170,0.6084631578947368,0.6548701754385965,0.06491356326059315,0.19189271386986054,1,2,0.6666666666666666,-0.0002578947368421053,7803.333333333333,1
290000,3,2,27,0,0,0,0,0,0,13820,15614,16293,7760,2000,0,2000,1300,0,2000,1000,0,0.04765517241379311,0.03188908045977012,1.241473238379357,0.12808197246237593,0,0,0.0,0.04765517241379311,1050.0,2
780000,2,2,41,0,0,0,0,0,0,101957,61715,38686,21482,72628,182792,62819,39558,22204,82097,184322,25695,0.13071410256410257,0.1024059829059829,1.0425346871220147,1.017872188735498,0,0,0.0,-0.10363461538461538,69449.16666666667,0
500000,2,2,39,0,0,0,0,0,0,229332,161360,117606,18343,15737,203291,7400,6000,1889,3781,208122,6084,0.458664,0.24855633333333335,0.2927718381517707,0.04585990418998395,0,0,0.0,0.052082,38879.333333333336,0
20000,3,1,35,1,2,0,0,0,0,24122,23089,22422,20794,19914,7476,1300,1481,503,2019,233,100,1.2061,0.9818083333333334,0.05581625792016136,0.056301429190125596,2,2,1.0,0.8323,939.3333333333334,0
240000,2,1,41,0,0,0,0,0,0,22165,21292,16469,13737,9071,177268,7002,3002,5002,3009,177004,5452,0.09235416666666667,0.18055694444444442,0.4410791656309784,0.32884046400225425,0,0,0.0,-0.6462625,33411.833333333336,0
110000,1,2,29,0,0,0,0,0,0,69718,67961,68306,69786,48728,18574,3000,2000,2049,2000,1000,1000,0.6338,0.5198075757575757,0.039532356417104106,0.04414231482298932,0,0,0.0,0.46494545454545455,1841.5,0
90000,2,1,37,0,0,0,0,0,0,85220,86745,71536,72964,64487,65845,3000,3000,2411,2294,2383,2285,0.9468888888888889,0.8274018518518519,0.03626526449604321,0.034583727203559816,0,0,0.0,0.2152777777777778,2562.1666666666665,0
180000,2,1,34,0,0,0,0,0,0,47517,26137,18177,16866,15067,7615,1526,3006,5020,5000,2000,935,0.26398333333333335,0.12164722222222223,0.22316076372493251,0.05838243170862346,0,0,0.0,0.22167777777777778,2914.5,0
50000,1,2,25,0,0,0,0,0,0,40181,66569,19281,18679,12980,8592,1500,2400,5700,8000,3062,1000,0.80362,0.5542733333333334,0.2849524335861172,0.02253267237494367,0,0,0.0,0.63178,3610.3333333333335,0
60000,2,1,52,0,0,0,0,0,0,58682,56893,58170,56539,29425,28013,3762,3000,2000,1000,1000,1500,0.9780333333333333,0.7992277777777778,0.04454964625613974,0.06612296551481703,0,0,0.0,0.51115,2043.6666666666667,0
160000,2,2,28,0,0,0,0,0,0,2191,645,2102,5477,2258,1849,645,2118,5477,2276,1851,5543,0.01369375,0.015127083333333334,1.0026936251814809,0.9984520123839009,0,0,0.0,0.0021375,2985.0,0
50000,3,1,41,1,2,2,0,0,0,85579,78993,69424,64201,58110,57337,3023,23,4023,2523,7926,102,1.71158,1.3788133333333334,0.0565822929814412,0.03826872927057751,3,2,1.6666666666666667,0.56484,2936.6666666666665,0
270000,2,1,52,0,0,0,0,0,0,43210,45670,47625,49332,22950,25561,3500,3000,3000,3000,3000,4000,0.16003703703703703,0.14465925925925927,0.08970241126684701,0.0766350638260603,0,0,0.0,0.06536666666666667,3250.0,0
130000,1,2,27,0,0,0,0,0,0,91467,68747,66372,64854,66432,46919,3247,3372,2354,2432,2919,1926,0.7035923076923077,0.5189628205128205,0.04663023946737728,0.04723046488625124,0,0,0.0,0.3426769230769231,2708.3333333333335,0
20000,2,1,36,1,0,0,0,0,0,-25,-25,-25,-25,-25,-25,0,0,0,0,0,0,0.0,0.0,0.0,0.0,1,1,0.3333333333333333,0.0,0.0,6
280000,1,2,41,0,0,0,0,0,0,5819,14656,8971,5747,11927,40170,3683,9059,5787,11985,40370,8314,0.020782142857142857,0.051958333333333336,0.8554987099914207,0.25127925223442726,0,0,0.0,-0.12268214285714285,13199.666666666666,0
180000,1,2,28,0,0,0,0,0,0,26000,5480,5960,600,6800,12627,5488,5960,600,6800,12627,0,0.14444444444444443,0.05321018518518519,0.999843852461126,1.0012771392081736,0,0,0.0,0.07429444444444444,5245.833333333333,1
100000,1,2,24,1,0,0,0,0,0,-78,-78,-78,-78,-78,-78,0,0,0,0,0,0,0.0,0.0,0.0,0.0,1,1,0.3333333333333333,0.0,0.0,6
20000,3,1,45,0,0,0,0,0,0,26400,27400,28400,29400,30000,0,1000,1000,1000,600,0,0,1.32,1.18,0.025143365631526533,0.03649501842998431,0,0,0.0,1.32,600.0,2
100000,2,2,33,0,0,3,2,0,0,35169,39581,38678,37453,38013,0,5328,0,0,760,0,0,0.35169,0.31482333333333334,0.03091985473483322,0.13460663938153705,2,3,0.33333333333333337,0.35169,1014.6666666666666,4
30000,2,1,30,0,0,0,0,0,0,5678,20762,2462,13019,4679,0,20774,2476,13263,4793,0,0,0.18926666666666667,0.2588888888888889,0.8097233596600197,1.0005297885661995,0,0,0.0,0.18926666666666667,6884.333333333333,2
290000,1,2,30,0,0,0,0,0,0,1459,1029,2154,1492,229,943,1078,2154,1518,229,943,189,0.005031034482758621,0.004198850574712644,1.0114951131225847,1.0466019417475727,0,0,0.0,0.0017793103448275863,1018.5,0
360000,2,2,44,0,0,0,0,0,0,189003,154847,122037,119366,86285,83589,6050,5033,5055,3021,2363,3000,0.5250083333333333,0.34959583333333333,0.03718812361291488,0.039070572432320726,0,0,0.0,0.29281666666666667,4087.0,0
430000,2,2,50,0,0,0,0,0,0,268537,207118,202412,207496,250337,255277,10000,8000,12000,50000,28000,60000,0.6245046511627907,0.5392158914728682,0.09101020931139238,0.0482814227569658,0,0,0.0,0.030837209302325582,28000.0,0
50000,2,2,42,0,0,0,0,0,0,50300,50898,49111,48943,45775,0,2200,1600,1700,1700,0,0,1.006,0.8167566666666667,0.029534477316939495,0.04322285310123971,0,0,0.0,1.006,1200.0,2
60000,3,1,50,0,0,0,0,0,0,1400,373,1299,1170,600,510,373,1299,1172,600,510,600,0.023333333333333334,0.014866666666666667,0.9987580205462141,0.9973262032085561,0,0,0.0,0.014833333333333334,759.0,0
100000,2,1,45,0,0,0,0,0,0,0,0,0,0,0,1505,0,0,0,0,1505,0,0.0,0.0025083333333333333,0.199867197875166,0.0,0,0,0.0,-0.01505,250.83333333333334,5
170000,2,1,59,2,2,2,2,2,2,44619,45386,46365,47304,47727,49315,1800,2000,2000,1500,2500,0,0.26246470588235293,0.2752117647058824,0.0414388794672285,0.039658933174697604,6,2,0.0,-0.027623529411764706,1633.3333333333333,1
130000,2,1,31,0,0,0,0,0,0,132242,117873,120889,118293,121312,121162,5000,5000,5000,5000,5000,5000,1.017246153846154,0.9381679487179487,0.041705616303007245,0.04241817533976958,0,0,0.0,0.08523076923076923,5000.0,0
50000,2,2,37,0,0,0,0,0,0,67570,61248,54707,29250,29905,29519,3000,3000,2100,1500,1300,1200,1.3514,0.90733,0.05396089906371769,0.04898039151659619,0,0,0.0,0.76102,2016.6666666666667,0
320000,2,2,28,0,0,0,2,0,0,5799,70891,76755,74838,72402,71847,70891,7001,21,3012,3015,2713,0.018121875,0.19402708333333332,0.23500833657923934,0.9999858940359985,1,2,-0.6666666666666666,-0.2064,14442.166666666666,0
50000,2,1,52,0,0,2,0,0,0,43286,47744,46706,48066,49026,49755,5500,0,2500,2000,2000,2058,0.86572,0.94861,0.04963920979200202,0.11519530840925751,1,2,0.6666666666666666,-0.12938,2343.0,1
220000,2,1,38,0,0,0,0,0,0,147048,137560,131090,121259,117003,116902,6364,5892,5000,4369,4178,5000,0.6684,0.5839863636363636,0.04110446751686571,0.046263112364696386,0,0,0.0,0.13702727272727272,5133.833333333333,0
70000,2,1,38,0,0,0,0,0,0,19500,19884,20567,21526,21499,21556,1400,1400,1700,1000,781,815,0.2785714285714286,0.2965047619047619,0.0600366963565918,0.0704048277596178,0,0,0.0,-0.029371428571428573,1182.6666666666667,0
150000,2,1,36,2,2,2,2,2,2,100247,109909,112453,113318,114268,116688,12924,5800,4200,4300,4400,4700,0.6683133333333333,0.7409811111111111,0.05631296866863167,0.11758711673187153,6,2,0.0,-0.10960666666666667,6054.0,0
50000,2,1,38,0,0,0,0,0,0,1121,-13,2254,1338,0,757,0,2267,1338,0,757,0,0.02242,0.018233333333333334,0.6006510841114535,0.0,0,0,0.0,0.00728,727.0,3
160000,2,2,26,0,0,0,0,0,0,1236,1234,4888,4187,8995,9731,1234,4890,1010,8998,2005,3669,0.007725,0.03153229166666667,0.6893607504061946,0.9991902834008097,0,0,0.0,-0.05309375,3634.3333333333335,0
150000,2,2,36,0,0,0,0,0,0,149931,152915,149867,144731,147661,149949,5500,5513,5200,5200,5400,6000,0.99954,0.9945044444444444,0.035981840514254064,0.03596745925867797,0,0,0.0,-0.00012,5468.833333333333,0
500000,2,2,50,0,0,0,0,0,0,10061,20587,9984,7461,8093,7342,20631,10009,7488,8129,7369,6027,0.020122,0.021176,1.003168299833328,1.002088595298232,0,0,0.0,0.005438,9942.166666666666,0
240000,2,1,54,0,0,0,2,0,0,14332,16135,249258,243589,204754,201426,2000,234000,30,7046,7023,10005,0.05971666666666667,0.6454819444444444,0.22642605038124247,0.12394645513138325,1,2,-0.6666666666666666,-0.7795583333333334,43350.666666666664,0
270000,2,1,41,0,2,0,0,0,0,832,416,832,416,566,416,0,832,0,566,416,416,0.0030814814814814815,0.0021469135802469133,0.5989275539685631,0.0,1,2,0.6666666666666666,0.0015407407407407407,371.6666666666667,2
280000,2,2,38,2,2,2,2,0,0,163675,168581,170775,166749,168739,166757,9000,6000,5,5858,5741,5608,0.5845535714285715,0.5983785714285714,0.03153869505065374,0.05338648254262021,4,2,1.3333333333333335,-0.011007142857142858,5368.666666666667,0
280000,1,2,27,0,0,0,0,0,0,1284,842,1212,3244,2134,1270,846,1216,3249,4,6,3412,0.004585714285714286,0.005944047619047619,0.6027717640187229,1.00355871886121,0,0,0.0,5e-05,1455.5,0
360000,1,2,44,0,0,0,0,0,0,347696,329864,322159,289377,146946,130085,20000,20009,30000,10000,10000,10000,0.9658222222222222,0.7250587962962962,0.07426687103306688,0.060630864141391176,0,0,0.0,0.604475,16668.166666666668,0
210000,1,1,41,1,0,0,0,0,0,-28,-28,3330,0,0,300,0,3358,0,0,300,0,0.0,0.0028809523809523807,0.4009566829671135,0.0,1,1,0.3333333333333333,-0.0014285714285714286,609.6666666666666,4
140000,1,2,52,0,0,0,0,0,0,1388,0,980,0,0,0,0,980,0,0,0,0,0.009914285714285714,0.002819047619047619,0.19979612640163097,0.0,0,0,0.0,0.009914285714285714,163.33333333333334,5
220000,3,1,65,0,0,0,0,0,0,1193,1525,3067,1771,2326,390,1525,3470,1771,2333,390,2361,0.005422727272727273,0.007781818181818181,1.0259662454568106,0.9993446920052425,0,0,0.0,0.00365,1975.0,0
250000,1,1,37,1,2,0,0,0,0,206430,210029,214868,218593,159789,163454,8300,9500,9000,5500,6000,13000,0.82572,0.7821086666666667,0.03920617912071682,0.03951816407179927,2,2,1.0,0.171904,8550.0,0
10000,3,2,31,0,0,0,0,0,0,5062,5687,6132,5851,5735,6087,1259,1100,197,362,1000,1000,0.5062,0.5759,0.13234643885555336,0.22134317862165964,0,0,0.0,-0.1025,819.6666666666666,0
280000,1,2,30,1,0,0,0,0,0,0,230,0,327,168,168,230,0,327,0,0,0,0.0,0.0005315476190476191,0.39852444303663814,0.9956709956709957,1,1,0.3333333333333333,-0.0006,92.83333333333333,4
30000,3,2,40,0,2,0,0,0,0,780,390,650,260,370,-20,0,650,0,500,0,800,0.026,0.01361111111111111,0.4692345593136828,0.0,1,2,0.6666666666666666,0.026,325.0,3
100000,3,2,31,0,0,0,0,0,0,15856,510,2279,1796,466,466,510,2279,1730,466,466,468,0.15856,0.03562166666666666,0.9912074876546317,0.9980430528375733,0,0,0.0,0.1539,986.5,0
50000,2,1,32,1,0,0,0,0,0,0,0,530,26530,26574,26289,0,530,26000,951,943,970,0.0,0.26641,0.4099514204859352,0.0,1,1,0.3333333333333333,-0.52578,4899.0,1
150000,2,1,50,0,0,0,0,0,0,0,0,0,0,0,0,0,0,0,0,0,0,0.0,0.0,0.0,0.0,0,0,0.0,0.0,0.0,6
240000,1,2,28,0,0,0,0,0,0,227346,231891,240146,245552,91382,93177,8308,12000,10373,3403,4000,4000,0.947275,0.7843708333333334,0.04164146095562194,0.03582702292446484,0,0,0.0,0.5590375,7014.0,0
320000,2,1,35,0,0,0,0,0,0,158942,155925,126767,114110,109637,95850,5057,4606,5800,3375,3324,2500,0.49669375,0.39647447916666667,0.03701115832790127,0.03243205110116337,0,0,0.0,0.1971625,4110.333333333333,0
140000,2,1,37,0,0,0,0,2,0,316,586,5842,9422,8956,316,586,5842,8956,0,316,316,0.0022571428571428573,0.030283333333333336,0.7890822230306827,0.9982964224872232,1,2,-0.6666666666666666,0.0,2669.3333333333335,1
110000,2,3,54,0,0,0,0,0,2,316,316,632,150,632,166,316,632,150,632,0,0,0.002872727272727273,0.0033515151515151518,0.7974126703298579,0.9968454258675079,1,2,-0.6666666666666666,0.0013636363636363637,288.3333333333333,2
130000,2,1,42,0,0,0,0,0,0,396,396,396,396,396,396,396,396,396,396,396,396,0.003046153846153846,0.003046153846153846,0.9974811083123425,0.9974811083123426,0,0,0.0,0.0,396.0,0
160000,2,2,25,0,0,0,0,0,0,60905,62905,71405,82926,84278,93641,2000,8500,13000,2668,11259,2043,0.38065625,0.4750625,0.09189734757871407,0.031793469621339776,0,0,0.0,-0.2046,6578.333333333333,0
20000,2,1,46,2,0,0,0,0,0,5437,6602,7622,8479,8647,8829,1264,1284,1141,309,321,322,0.27185,0.3801333333333333,0.11330035883881306,0.19142813872482206,1,2,0.6666666666666666,-0.1696,773.5,0
20000,2,2,30,1,0,0,0,0,0,0,0,0,0,0,0,0,0,0,0,0,0,0.0,0.0,0.0,0.0,1,1,0.3333333333333333,0.0,0.0,6
20000,2,1,22,0,0,0,0,0,0,15749,16221,19836,14354,10962,9274,1500,5000,500,500,246,500,0.78745,0.7199666666666666,0.0902966393122566,0.0924670200961657,0,0,0.0,0.32375,1374.3333333333333,0
500000,2,1,42,0,0,0,0,0,0,431195,440304,341673,76519,77223,76684,17624,14783,3000,3000,2853,2385,0.86239,0.4811993333333333,0.03971015957509077,0.040026799604819384,0,0,0.0,0.709022,7274.166666666667,0
420000,2,1,40,0,0,0,0,0,0,3976,2892,2890,3391,2409,4270,2916,7898,3401,2416,4281,3785,0.009466666666666667,0.007868253968253969,1.3494722388279528,1.0079502246802627,0,0,0.0,-0.0007,4116.166666666667,0
180000,2,2,28,0,0,0,0,0,0,2177,1175,0,2530,0,0,1175,0,2530,0,0,0,0.012094444444444444,0.005446296296296296,0.3997509118226509,0.9991496598639455,0,0,0.0,0.012094444444444444,617.5,4
50000,2,2,25,3,2,0,0,0,0,66881,65115,51010,50342,36025,36778,0,2092,1460,1167,1209,1645,1.33762,1.0205033333333333,0.02705542120950406,0.0,2,3,1.6666666666666667,0.60206,1262.1666666666667,1
50000,2,1,34,0,0,0,0,0,0,26149,26660,27637,22521,20533,14659,2000,1718,1210,1018,539,5001,0.52298,0.46053,0.05544900100467206,0.07501594088743858,0,0,0.0,0.2298,1914.3333333333333,0
80000,2,2,23,2,2,2,2,2,2,22895,23837,24253,24562,25126,25476,1600,1100,1000,1100,906,0,0.2861875,0.30447708333333334,0.046504760923792535,0.06711972480912828,6,2,0.0,-0.0322625,951.0,1
190000,2,1,34,0,0,0,0,0,0,500,300,0,0,418,964,300,0,0,418,964,670,0.002631578947368421,0.0019140350877192983,0.5986509673177733,0.9966777408637874,0,0,0.0,-0.0024421052631578948,392.0,2
50000,2,1,23,0,0,0,0,0,0,14465,48796,50206,50831,42731,43224,50295,2500,2031,1274,1500,1600,0.2893,0.8341766666666667,0.23699269420691954,1.0306986085210157,0,0,0.0,-0.57518,9866.666666666666,0
110000,2,2,26,0,0,0,0,0,0,63376,67293,67536,77697,82888,88048,5000,1317,11380,6508,6540,6671,0.5761454545454545,0.6770272727272727,0.07861144616854215,0.07430082919725384,0,0,0.0,-0.2242909090909091,6236.0,0
20000,2,1,42,0,0,0,0,2,2,14310,15665,16706,18214,18626,18196,1600,1600,2100,1000,0,1500,0.7155,0.8476416666666666,0.07337507064831471,0.10213200561726031,2,2,-1.3333333333333333,-0.1943,1300.0,1
190000,2,1,28,0,0,0,0,0,0,4639,4718,5610,7300,4694,2250,1100,1610,2310,2000,1000,300,0.02441578947368421,0.025623684210526316,0.341332742862824,0.2331002331002331,0,0,0.0,0.012573684210526315,1386.6666666666667,0
120000,1,1,43,1,0,0,0,0,0,0,0,0,0,0,0,0,0,0,0,0,0,0.0,0.0,0.0,0.0,1,1,0.3333333333333333,0.0,0.0,6
50000,2,2,27,0,0,0,0,0,0,26655,27724,28676,27990,28790,29399,1800,1750,900,1200,1200,1100,0.5331,0.5641133333333334,0.048119415798176954,0.06492335437330929,0,0,0.0,-0.05488,1325.0,0
160000,2,2,34,0,0,0,0,0,0,149,1100,240,236,4022,4245,1100,240,236,4026,1000,1000,0.00093125,0.010408333333333334,0.8453968879245671,0.9990917347865577,0,0,0.0,-0.0256,1267.0,0
100000,2,2,27,3,2,0,0,0,0,104489,101123,101600,17046,1075,1442,0,4384,341,1075,1442,1396,1.04489,0.544625,0.412306066512137,0.0,2,3,1.6666666666666667,1.03047,1439.6666666666667,1
80000,3,1,25,0,0,0,0,0,0,61943,61458,57045,50652,48476,49815,2215,1900,1800,1920,2300,1485,0.7742875,0.6862270833333333,0.03813179182625398,0.03604028702061537,0,0,0.0,0.1516,1936.6666666666667,0
170000,1,2,25,0,0,0,0,0,0,70326,71919,68356,68724,68889,69712,3100,3626,2500,2450,2693,2602,0.41368235294117645,0.4097313725490196,0.04134382176785082,0.04310344827586207,0,0,0.0,0.003611764705882353,2828.5,0
10000,4,2,44,0,0,0,0,0,0,8958,8774,9461,9457,9650,7500,1147,1224,1000,193,150,0,0.8958,0.8966666666666666,0.08115953078981467,0.1307122507122507,0,0,0.0,0.1458,619.0,1
50000,1,1,35,0,0,0,0,0,0,50202,39765,14565,15421,16061,4344,1200,5000,1500,1000,500,2000,1.00404,0.46786,0.12960777320284098,0.030176532716390887,0,0,0.0,0.91716,1866.6666666666667,0
330000,2,2,30,0,0,0,0,0,0,0,0,0,0,0,0,0,0,0,0,0,0,0.0,0.0,0.0,0.0,0,0,0.0,0.0,0.0,6
460000,2,2,30,0,0,0,0,0,0,396155,367501,257836,388058,324478,313547,15299,7524,324097,12039,12006,12272,0.8612065217391305,0.741875,0.19627576474045189,0.041629705416569164,0,0,0.0,0.17958260869565218,63872.833333333336,0
50000,3,2,29,0,0,0,0,0,0,47863,48261,19258,19268,19040,19555,2000,2000,1000,1000,1000,1000,0.95726,0.5774833333333333,0.060167660645211375,0.04144047076374788,0,0,0.0,0.56616,1333.3333333333333,0
180000,1,2,28,0,0,0,0,0,0,180387,182361,184097,177870,169767,175867,9000,8500,8500,8000,14250,8000,1.00215,0.9910638888888889,0.054292140276447465,0.04935238701045174,0,0,0.0,0.025111111111111112,9375.0,0
110000,2,2,41,0,0,0,0,0,0,120767,133593,125852,118254,120537,112021,24800,4400,4300,4205,4500,4304,1.0978818181818182,1.1076121212121213,0.0664033093537146,0.18563707950955882,0,0,0.0,0.0795090909090909,7751.5,0
10000,3,2,22,1,2,0,0,2,0,8846,8560,9706,10406,10109,10057,0,1300,1000,0,1000,1000,0.8846,0.9614,0.06588729754856536,0.0,3,2,0.33333333333333337,-0.1211,716.6666666666666,2
160000,1,1,41,0,0,0,0,0,0,24411,7944,1080,0,40100,18899,7944,1080,0,40100,18899,4180,0.15256875,0.09628541666666666,0.7997742436417588,0.9998741346758968,0,0,0.0,0.03445,12033.833333333334,1
140000,3,1,28,2,2,2,2,2,2,96008,98017,99961,101123,97375,103044,4500,4400,3700,0,7800,0,0.6857714285714286,0.7089619047619048,0.04044209769431878,0.045909934909914504,6,2,0.0,-0.050257142857142854,3400.0,2
50000,1,2,26,0,0,0,0,0,2,46415,38226,31924,19682,19989,20452,1672,1699,1600,901,1500,7,0.9283,0.58896,0.0593314063524842,0.04373871870667329,1,2,-0.6666666666666666,0.51926,1229.8333333333333,0
200000,2,1,28,0,0,0,0,0,0,5733,4426,3559,22458,20888,17875,2023,2018,22491,7521,2000,3000,0.028665,0.06244916666666667,0.49943503257405686,0.4569686017619155,0,0,0.0,-0.06071,6508.833333333333,0
320000,2,1,32,0,0,0,0,0,0,44312,23132,-2793,-2793,20381,25198,3000,23,0,23381,5000,5000,0.138475,0.058866145833333335,1.2950490142061226,0.12968486577616392,0,0,0.0,0.05973125,6067.333333333333,1
20000,1,2,31,0,0,0,0,0,0,18551,19595,20546,20250,19754,19833,1647,1598,692,697,777,797,0.92755,0.9877416666666666,0.05408983771832301,0.08404776484996938,0,0,0.0,-0.0641,1034.6666666666667,0
20000,2,2,55,0,0,0,0,0,0,16503,17512,18481,15495,15938,16680,1289,1258,1260,700,1000,2100,0.82515,0.8384083333333334,0.06536917580820403,0.07360246673899389,0,0,0.0,-0.00885,1267.8333333333333,0
240000,2,1,34,0,0,0,0,0,0,626,1921,20740,21274,888,360,1921,19000,2624,888,360,360,0.002608333333333333,0.03181180555555555,0.8069963988514491,0.9994797086368367,0,0,0.0,0.0011083333333333333,4192.166666666667,0
50000,1,2,28,0,0,0,0,0,0,5953,1044,2450,248,198,0,1044,2450,248,198,0,2890,0.11906,0.03297666666666667,0.7979187751159524,0.999043062200957,0,0,0.0,0.11906,1138.3333333333333,1
80000,1,1,53,0,0,0,0,0,2,9527,42908,42108,30610,32396,31743,42908,2400,1900,2600,0,2700,0.1190875,0.39435833333333337,0.2398590343833275,0.9999766948658789,1,2,-0.6666666666666666,-0.2777,8751.333333333334,1
390000,1,2,31,0,0,0,0,0,0,50620,43220,44237,46495,47751,51941,5000,3000,3000,2000,5000,5000,0.12979487179487179,0.12148034188034189,0.07723309242015423,0.11568450521737118,0,0,0.0,-0.003387179487179487,3833.3333333333335,0
500000,1,2,31,1,0,0,0,0,0,29091,5763,15673,9393,69526,37940,5763,15691,9393,69526,5000,20000,0.058182,0.055795333333333336,0.8265147665844929,0.9998265093684942,1,1,0.3333333333333333,-0.017698,20895.5,0
220000,2,2,34,0,0,0,0,0,0,93815,96121,56148,35642,33516,30177,4300,2407,2000,2000,1100,1000,0.4264318181818182,0.2616810606060606,0.04796730096182139,0.044734816171115875,0,0,0.0,0.2892636363636364,2134.5,0
200000,2,1,29,0,0,0,0,0,0,1418,3052,3538,17091,2413,1301,3066,3555,17175,2435,1307,5839,0.00709,0.024010833333333335,1.0052349462133159,1.004258106780216,0,0,0.0,0.000585,5562.833333333333,0
120000,3,1,46,0,0,0,0,0,0,94953,116914,89799,89913,88484,90477,120656,3520,2931,3180,3432,1116,0.791275,0.7924166666666667,0.23553276132375442,1.0319976050977206,0,0,0.0,0.0373,22472.5,0
180000,2,2,39,0,0,0,0,0,0,119466,120491,124553,127096,128992,131660,4500,6000,6100,5500,4900,5500,0.6637,0.6965351851851852,0.042673671571768025,0.03734687780101584,0,0,0.0,-0.06774444444444444,5416.666666666667,0
50000,3,1,26,0,0,0,0,0,0,47095,48085,49039,49662,0,0,2073,2027,1650,0,0,0,0.9419,0.64627,0.023533559057272502,0.04311026078276421,0,0,0.0,0.9419,958.3333333333334,3
110000,2,1,43,0,0,2,0,0,0,108616,114854,105275,107561,105502,103813,9600,0,4000,3765,4000,4200,0.9874181818181819,0.9782136363636363,0.03899762822016176,0.08358364894867441,1,2,0.6666666666666666,0.04366363636363636,4260.833333333333,1
130000,2,2,28,0,0,0,0,0,0,101546,88549,74624,76133,77648,79370,3000,2709,2750,2767,2961,2913,0.7811230769230769,0.6382948717948718,0.0358483456738161,0.03387916431394692,0,0,0.0,0.1705846153846154,2850.0,0
30000,2,1,46,1,2,2,2,2,2,27882,28937,30128,30548,31326,30688,1800,1980,1200,1400,0,800,0.9294,0.9972722222222222,0.04237808062017502,0.062201948994401825,6,2,-0.33333333333333326,-0.09353333333333333,1196.6666666666667,1
130000,3,2,24,0,0,0,0,0,0,90141,91948,94067,96604,97706,121027,4200,4500,5000,3600,25000,5000,0.6933923076923076,0.758324358974359,0.07773620155981313,0.04567749513317165,0,0,0.0,-0.2375846153846154,7883.333333333333,0
80000,1,2,32,0,0,0,0,0,0,4055,0,0,0,0,0,0,0,0,0,0,0,0.0506875,0.008447916666666668,0.0,0.0,0,0,0.0,0.0506875,0.0,6
50000,3,2,23,0,0,0,0,0,0,29496,30504,30785,29405,26594,26732,1503,1493,1393,912,940,1000,0.58992,0.5783866666666666,0.042918531833639625,0.049270611375184396,0,0,0.0,0.05528,1206.8333333333333,0
150000,1,2,34,0,2,2,2,0,0,40749,39815,46887,45832,52968,60034,0,8538,0,8810,8942,9344,0.27166,0.3180944444444444,0.09947272921508485,0.0,3,2,0.6666666666666666,-0.12856666666666666,5939.0,2
400000,1,2,32,0,0,0,0,0,0,35383,33892,22071,18161,14669,686,12119,9177,90,14709,686,18444,0.0884575,0.052025833333333334,0.5559000773038567,0.3575664591508571,0,0,0.0,0.0867425,9204.166666666666,0
150000,3,2,29,0,0,0,0,0,0,3850,227,0,0,0,1500,227,0,0,0,1500,1606,0.025666666666666667,0.006196666666666666,0.3989895625138796,0.9956140350877193,0,0,0.0,0.015666666666666666,555.5,3
200000,1,1,58,0,0,0,0,0,0,192461,195970,122214,124647,126921,129167,7822,4417,4446,4597,4677,4698,0.962305,0.7428166666666667,0.036830298292516786,0.03991406891836037,0,0,0.0,0.31647,5109.5,0
220000,4,1,35,0,0,0,0,0,0,0,319,10567,319,319,319,319,10567,319,319,319,2420,0.0,0.008971969696969697,0.9974810749432249,0.996875,0,0,0.0,-0.00145,2377.1666666666665,0
180000,3,2,29,0,0,0,0,0,0,4358,3160,2611,8710,5127,8758,3169,2618,8736,5142,8766,15040,0.02421111111111111,0.0303,1.0022454313559688,1.0025308446694083,0,0,0.0,-0.024444444444444446,7245.166666666667,0
60000,1,2,22,2,0,0,0,0,0,58841,60970,58082,59882,19663,29343,3700,1400,2000,500,30000,1100,0.9806833333333334,0.796613888888889,0.2331938339847496,0.06068458775483426,1,2,0.6666666666666666,0.4916333333333333,6450.0,0
160000,1,1,39,0,0,0,0,0,0,710,666,403,1650,336,790,666,403,1650,336,790,1141,0.0044375,0.004744791666666666,0.9982376454055499,0.9985007496251874,0,0,0.0,-0.0005,831.0,0
60000,2,1,40,0,0,0,0,0,0,25158,18473,7506,4790,6388,5816,5000,1508,4790,6388,6046,17806,0.4193,0.18925277777777777,0.7021063902738413,0.27065064414853307,0,0,0.0,0.3223666666666667,6923.0,0
360000,1,2,30,0,0,0,0,0,0,28245,8017,19703,7474,2741,9526,8057,19764,37,2752,9573,25462,0.07845833333333334,0.03504907407407407,0.8042668622291883,1.004864055874283,0,0,0.0,0.05199722222222222,10940.833333333334,0
350000,2,2,40,0,0,0,0,0,0,28194,29334,30900,0,223,223,1500,2000,0,223,223,223,0.08055428571428572,0.04232095238095238,0.42138554228034425,0.051133458326231465,0,0,0.0,0.07991714285714285,694.8333333333334,1
610000,1,2,36,0,0,0,0,0,0,874,-256,-255,-538,107592,168966,0,1,0,108130,30695,179,0.0014327868852459017,0.07580109289617486,0.4373307445093023,0.0,0,0,0.0,-0.27556065573770494,23167.5,2
50000,2,2,26,2,0,0,0,0,0,291,291,291,291,291,0,291,291,291,291,0,873,0.00582,0.00485,0.7972602739726027,0.9965753424657534,1,2,0.6666666666666666,0.00582,339.5,1
50000,2,2,31,2,0,0,0,0,0,49804,28662,29476,4011,1000,0,2000,1500,1000,1000,0,0,0.99608,0.37651,0.2737833482712482,0.06977636674458361,1,2,0.6666666666666666,0.99608,916.6666666666666,2
300000,1,2,30,0,0,0,0,0,0,0,0,0,0,0,0,0,0,0,0,0,0,0.0,0.0,0.0,0.0,0,0,0.0,0.0,0.0,6
150000,2,2,25,2,2,2,2,2,2,114074,116313,118700,115328,121084,123473,5600,5700,0,9200,4500,0,0.7604933333333334,0.7877466666666667,0.04171799096880392,0.048145537080660966,6,2,0.0,-0.06266,4166.666666666667,2
30000,1,2,23,0,0,0,0,0,0,14294,15253,2142,29288,26579,25972,1300,2000,28000,800,501,553,0.47646666666666665,0.6307111111111111,0.4047744093083617,0.08522354792185656,0,0,0.0,-0.38926666666666665,5525.666666666667,0
50000,1,2,23,4,3,2,0,0,2,27101,26431,14109,9417,9952,9165,88,12,473,825,323,10000,0.54202,0.32058333333333333,0.03450624865255909,0.0033292978208232446,4,4,2.3333333333333335,0.35872,1953.5,0
220000,2,1,40,0,0,0,0,0,0,1129,227,0,13137,13637,9744,227,0,13137,1500,214,0,0.005131818181818182,0.02869242424242424,0.4254969402124348,0.9956140350877193,0,0,0.0,-0.03915909090909091,2513.0,2
110000,1,1,45,0,0,0,0,0,0,21842,15843,10466,3537,1378,316,3000,2007,1000,0,316,825,0.19856363636363636,0.08088181818181818,0.3321165197721424,0.1893461247159808,0,0,0.0,0.19569090909090908,1191.3333333333333,1
80000,3,3,41,0,0,0,0,0,0,69964,52041,39864,38934,38816,38850,3082,2500,2200,2000,2000,2000,0.87455,0.58014375,0.056288004737626095,0.059221398101533373,0,0,0.0,0.388925,2297.0,0
40000,1,2,23,2,2,2,0,0,0,19827,20709,21070,21420,23066,23683,1500,1000,1000,2000,1000,894,0.495675,0.5407291666666667,0.059099415805774214,0.07242877836793819,3,2,2.0,-0.0964,1232.3333333333333,0
400000,1,1,44,0,0,0,0,0,0,4482,-10,1903,850,808,775,0,1913,850,808,775,380,0.011205,0.0036741666666666667,0.8002054097775477,0.0,0,0,0.0,0.0092675,787.6666666666666,1
210000,2,1,34,0,0,0,0,0,0,3402,4774,375,3498,3517,4567,4774,375,3498,3517,4567,2488,0.0162,0.01597857142857143,0.9992684077809326,0.9997905759162303,0,0,0.0,-0.005547619047619048,3203.1666666666665,0
20000,2,1,63,0,2,2,0,0,0,858,2310,1716,929,978,0,1716,0,0,978,0,0,0.0429,0.056591666666666665,0.3483028496744044,0.7425356988316746,2,2,1.3333333333333333,0.0429,449.0,4
80000,2,1,28,0,0,0,0,0,0,77857,80002,82020,73904,75558,77279,4000,4000,3000,3000,3000,3000,0.9732125,0.972125,0.04357654486606753,0.049998125070309866,0,0,0.0,0.007225,3333.3333333333335,0
360000,2,2,30,0,0,0,0,0,0,2500,0,0,0,0,0,0,0,0,0,0,0,0.006944444444444444,0.0011574074074074076,0.0,0.0,0,0,0.0,0.006944444444444444,0.0,6
310000,1,1,47,0,0,0,0,0,0,-1874,-2474,-2474,-74,2226,-484,0,0,2400,2300,0,0,0.0,0.001196774193548387,1.20655590480467,0.0,0,0,0.0,0.0,783.3333333333334,4
40000,1,1,47,2,2,2,2,2,2,10555,11084,12605,13102,12595,14386,1000,2000,1000,0,2000,0,0.263875,0.30969583333333334,0.09283987909352685,0.09021199819576003,6,2,0.0,-0.095775,1000.0,2
100000,1,1,42,0,2,0,0,0,0,2206,1016,452,1016,1096,2202,0,452,1580,1096,2122,0,0.02206,0.013313333333333333,0.9027403722186685,0.0,1,2,0.6666666666666666,4e-05,875.0,2
350000,2,1,41,0,0,0,0,0,0,85339,84393,86793,84406,73976,75497,5000,5016,5000,3000,3000,4000,0.24382571428571428,0.23352571428571428,0.05131280424669142,0.059245917956252815,0,0,0.0,0.02812,4169.333333333333,0
310000,3,1,40,0,0,0,0,0,0,69569,71437,71464,72299,50967,51153,3366,2400,2212,1985,2422,1407,0.22441612903225808,0.20800483870967743,0.03951772573393254,0.04711778045298021,0,0,0.0,0.05940645161290323,2298.6666666666665,0
50000,1,1,22,0,0,0,0,0,0,5856,8725,10000,17916,6789,150,3005,2700,7916,0,150,198,0.11712,0.1647866666666667,0.40990773197840474,0.3443731377492551,0,0,0.0,0.11412,2328.1666666666665,1
40000,2,1,48,0,0,0,0,0,0,1672,0,836,836,571,1735,0,836,836,571,2000,0,0.0418,0.023541666666666666,0.8295871989420377,0.0,0,0,0.0,-0.001575,707.1666666666666,2
70000,3,2,28,0,0,0,0,0,0,71199,49042,47087,28596,4465,3204,2507,3024,2122,0,0,48459,1.0171285714285714,0.48474523809523806,0.03790843551433655,0.051118406296515304,0,0,0.0,0.9713571428571428,9352.0,2
50000,2,1,36,0,0,0,0,0,0,3580,4597,5757,5869,5838,5971,1084,1244,356,212,230,205,0.0716,0.10537333333333333,0.11745398437842283,0.2357546759460635,0,0,0.0,-0.04782,555.1666666666666,0
500000,2,2,44,0,0,0,0,0,0,77257,73089,81210,88888,107072,115264,10000,10000,10000,20000,10000,0,0.154514,0.18092666666666665,0.1291997133879604,0.13681762210972773,0,0,0.0,-0.076014,10000.0,1
120000,1,2,29,0,0,0,0,0,0,3706,101833,103108,100953,83739,51424,100000,5369,4014,1000,1000,1000,0.030883333333333332,0.617726388888889,0.22104192189312538,0.9819902979358563,0,0,0.0,-0.39765,18730.5,0
20000,2,1,34,0,0,0,0,0,0,2799,2164,1854,3296,3435,4435,2005,1200,1500,300,1000,95,0.13995,0.14985833333333332,0.46813909225123657,0.9260969976905312,0,0,0.0,-0.0818,1016.6666666666666,0
100000,1,2,28,1,0,0,0,0,0,0,0,0,0,0,281,0,0,0,0,281,0,0.0,0.00046833333333333335,0.19929078014184398,0.0,1,1,0.3333333333333333,-0.00281,46.833333333333336,5
310000,1,2,45,0,0,0,0,0,0,313268,278821,283847,290135,293350,300623,10010,11500,11015,11000,12000,23035,1.010541935483871,0.9462602150537635,0.03835907022457843,0.03590104080739683,0,0,0.0,0.04079032258064516,13093.333333333334,0
200000,2,1,44,1,0,0,0,0,0,0,0,0,0,0,0,0,0,0,0,0,0,0.0,0.0,0.0,0.0,1,1,0.3333333333333333,0.0,0.0,6
200000,2,2,35,0,0,0,0,0,0,72450,52795,41861,34531,1794,-345,5556,1000,2000,1000,0,0,0.36225,0.16952583333333332,0.14882872325205526,0.10523524509432533,0,0,0.0,0.36225,1592.6666666666667,2
20000,2,1,50,0,0,0,0,0,0,17020,13161,3851,6061,7058,5680,1000,3851,6061,7058,2840,6380,0.851,0.4402583333333333,0.7150644104276809,0.0759762953958365,0,0,0.0,0.567,4531.666666666667,0
50000,2,2,29,0,0,0,0,0,0,30900,0,0,0,0,0,0,0,0,1500,0,0,0.618,0.103,1.0,0.0,0,0,0.0,0.618,250.0,5
80000,3,2,26,2,2,2,2,2,0,41586,44690,43671,49683,48757,49782,3775,0,6768,0,1834,1744,0.519825,0.57951875,0.0515059420040979,0.08446890872882683,5,2,0.6666666666666667,-0.10245,2353.5,2
330000,1,1,35,0,0,0,0,0,0,3888,14704,2533,10664,1560,34847,14782,2544,10715,1566,34865,7273,0.011781818181818181,0.03444242424242424,1.0035123568909032,1.0052363141788507,0,0,0.0,-0.09381515151515152,11957.5,0
100000,2,1,34,0,0,0,0,0,0,14815,10108,8022,9733,17284,8540,2010,1149,3094,1003,1004,406,0.14815,0.11417,0.16709575118703465,0.19883272331585716,0,0,0.0,0.06275,1444.3333333333333,0
50000,1,2,30,0,0,0,0,0,0,31205,23646,24418,25938,27067,28193,2000,2000,2000,1500,1500,1500,0.6241,0.53489,0.07044070676933942,0.08457732481921597,0,0,0.0,0.06024,1750.0,0
50000,2,1,31,2,0,0,0,0,0,44105,33089,22829,13216,16100,16696,2000,2506,3000,3000,1070,5203,0.8821,0.48678333333333335,0.1295193346693122,0.060441220912662436,1,2,0.6666666666666666,0.54818,2796.5,0
60000,2,2,26,1,2,0,0,0,0,47963,36871,3800,0,0,0,0,1038,0,0,0,0,0.7993833333333333,0.24620555555555557,0.05461720599842147,0.0,2,2,1.0,0.7993833333333333,173.0,5
100000,3,2,27,0,0,0,0,0,0,89312,141034,61119,58535,54224,51204,3000,2208,2700,2000,1844,1709,0.89312,0.7590466666666668,0.0352835791827473,0.02127131563087177,0,0,0.0,0.38108,2243.5,0
50000,3,2,50,1,0,0,0,0,0,0,0,0,0,0,0,0,0,0,0,0,0,0.0,0.0,0.0,0.0,1,1,0.3333333333333333,0.0,0.0,6
20000,2,1,24,0,0,0,0,0,0,16393,8118,5463,1379,2668,390,1688,1463,1379,2668,390,390,0.81965,0.28675833333333334,0.6944006170762612,0.20790737775588128,0,0,0.0,0.80015,1329.6666666666667,0
170000,2,1,26,0,0,0,0,0,0,55658,48292,23264,12346,28910,13837,5000,1000,375,18785,757,259,0.3274,0.17873235294117648,0.17626931440731755,0.10353467376224297,0,0,0.0,0.24600588235294119,4362.666666666667,0
50000,2,1,28,2,0,0,0,0,0,42435,44030,43979,31508,16519,19231,3000,2000,2000,2000,3000,1000,0.8487,0.6590066666666667,0.09082767016904107,0.06813381481229135,1,2,0.6666666666666666,0.46408,2166.6666666666665,0
110000,2,2,24,0,0,0,0,0,0,1183,1362,1352,1867,36986,40053,1362,1352,1867,36986,5000,3000,0.010754545454545454,0.1254590909090909,0.8245592670115662,0.9992663242846662,0,0,0.0,-0.3533636363636364,8261.166666666666,0
70000,1,2,29,1,0,0,0,0,2,10449,2343,14336,13155,3929,1953,6000,15000,4000,4000,0,1000,0.14927142857142858,0.10991666666666668,0.9855652867387373,2.5597269624573378,2,2,-0.3333333333333333,0.12137142857142857,5000.0,1
310000,2,2,32,0,0,0,0,0,0,325056,327591,322273,272890,208257,206609,13294,12131,8543,10185,8290,7500,1.048567741935484,0.8939118279569893,0.03971159555061639,0.04058096656817016,0,0,0.0,0.38208709677419356,9990.5,0
80000,2,1,29,2,0,0,0,0,0,80100,79368,81130,49407,49067,50234,3500,3700,1800,1900,3000,2000,1.00125,0.8110541666666667,0.044915103496010175,0.04409782156761456,1,2,0.6666666666666666,0.373325,2650.0,0
250000,1,2,38,0,0,0,0,0,0,584,3291,8660,7495,1120,62,3307,8703,7532,1125,62,7718,0.002336,0.014141333333333334,1.0003807226598886,1.0045565006075334,0,0,0.0,0.002088,4741.166666666667,0
500000,1,1,47,0,0,0,0,0,0,3634,296,966,6675,-10,2055,299,1169,6708,0,2065,1133,0.007268,0.004542,0.8449596426081278,1.0067340067340067,0,0,0.0,0.003158,1895.6666666666667,1
80000,3,1,47,0,0,0,0,0,0,70062,19669,20696,21709,22348,22988,1321,1348,1361,1000,1000,2000,0.875775,0.36973333333333336,0.05664442431746454,0.06715810879511946,0,0,0.0,0.588425,1338.3333333333333,0
50000,2,2,22,0,0,0,0,0,0,836,10214,10057,9221,8808,3861,10214,2000,0,423,3861,3665,0.01672,0.14332333333333333,0.4493017864319109,0.9999021047479197,0,0,0.0,-0.0605,3360.5,1
120000,2,2,29,0,0,0,0,0,0,1450,0,0,1187,1187,1187,0,0,1187,0,0,0,0.012083333333333333,0.006959722222222222,0.19983164983164983,0.0,0,0,0.0,0.002191666666666667,197.83333333333334,5
20000,2,2,24,0,0,0,0,0,0,20073,19940,19441,18680,19071,19217,1319,1291,656,679,784,376,1.00365,0.9701833333333334,0.048812134444792765,0.06614512812797753,0,0,0.0,0.0428,850.8333333333334,0
360000,1,1,48,0,0,0,0,0,0,5518,2532,5504,-4,-4,881,2548,5536,0,0,885,1595,0.015327777777777777,0.006682870370370371,0.6029908873375073,1.0059218318199763,0,0,0.0,0.012880555555555555,1760.6666666666667,2
50000,2,2,23,0,0,0,0,0,0,-29,9881,10188,2277,18488,10263,9910,10294,2284,18546,11294,7752,0.0,0.17032333333333333,1.0238412419305853,1.0028334345274237,0,0,0.0,-0.20526,10013.333333333334,0
200000,2,1,55,1,2,2,2,2,0,181339,177233,188461,191363,188683,196057,0,14000,7000,0,10000,5000,0.906695,0.9359466666666667,0.03237407001051409,0.0,5,2,0.3333333333333335,-0.07359,6000.0,2
60000,2,2,23,0,0,0,0,0,0,45648,46850,47214,19595,19209,19323,1937,1301,682,690,816,835,0.7608,0.5495527777777778,0.03636954653316519,0.041343834710038205,0,0,0.0,0.43875,1043.5,0
100000,2,1,40,2,2,2,2,2,0,70762,69025,74489,78660,76797,78404,0,6600,6000,0,3000,3100,0.70762,0.746895,0.040628408763094356,0.0,5,2,0.6666666666666667,-0.07642,3116.6666666666665,2
240000,3,2,35,0,0,0,0,0,0,11119,10361,10000,10200,30000,24000,10722,10000,10200,30000,4000,21245,0.046329166666666664,0.06644444444444444,0.840234139683864,1.0347423277359582,0,0,0.0,-0.053670833333333334,14361.166666666666,0
360000,1,2,32,0,0,0,0,0,0,11358,17580,17416,14789,11800,21831,7079,7000,5000,0,11831,13000,0.03155,0.04387685185185185,0.3369067979397724,0.40265058870371423,0,0,0.0,-0.029091666666666665,7318.333333333333,1
60000,2,2,40,0,0,0,0,0,0,58123,53604,54851,55742,27333,27615,2000,2500,2500,1000,1100,1100,0.9687166666666667,0.7701888888888889,0.04083045550385251,0.03730995242981065,0,0,0.0,0.5084666666666666,1700.0,0
150000,3,2,25,0,0,0,0,0,0,9240,386,12870,11173,1719,413,386,12884,251,39,414,6556,0.0616,0.039778888888888884,0.6087126644037925,0.9974160206718347,0,0,0.0,0.058846666666666665,3421.6666666666665,0
10000,3,1,36,0,0,0,2,2,2,5104,6133,8432,8150,8945,8657,1274,2573,0,1086,0,353,0.5104,0.7570166666666667,0.12684014532329496,0.20769481578089338,3,2,-2.0,-0.3553,881.0,2
20000,2,2,28,3,2,2,2,2,0,150,150,150,150,150,1150,0,0,0,0,1150,0,0.0075,0.015833333333333335,0.1998262380538662,0.0,5,3,1.0000000000000002,-0.05,191.66666666666666,5
500000,2,2,28,0,0,0,0,0,0,319082,0,300165,281019,44528,40325,8752,0,21420,1002,935,967,0.638164,0.328373,1.0243821112677376,5.0,0,0,0.0,0.557514,5512.666666666667,1
10000,1,2,23,1,0,0,0,0,0,0,0,0,0,0,0,0,0,0,0,0,0,0.0,0.0,0.0,0.0,1,1,0.3333333333333333,0.0,0.0,6
50000,2,2,24,0,0,0,0,0,0,42025,37828,6382,6284,6681,6813,1500,2000,1000,500,243,256,0.8405,0.3533766666666666,0.12451663314998747,0.03965211874487827,0,0,0.0,0.70424,916.5,0
500000,1,1,35,0,0,0,0,0,0,0,0,0,0,0,0,0,0,0,0,0,0,0.0,0.0,0.0,0.0,0,0,0.0,0.0,0.0,6
280000,1,2,32,0,0,0,0,0,0,45536,11509,2110,2121,6789,14959,11509,5000,2121,6789,14959,16067,0.16262857142857143,0.04941904761904762,1.2735546916199996,0.9999131190269331,0,0,0.0,0.10920357142857143,9407.5,0
400000,1,2,32,0,0,0,0,0,0,48419,51886,53291,57265,61035,64879,5000,3000,5000,5000,5000,5000,0.1210475,0.14032291666666666,0.07979058808439035,0.09636325091063272,0,0,0.0,-0.04115,4666.666666666667,0
300000,3,2,51,0,0,0,0,0,0,18341,19847,6246,3872,11875,5290,19854,6279,3883,11883,5305,9998,0.061136666666666666,0.03637277777777778,1.002248432146082,1.0003022974607014,0,0,0.0,0.04350333333333333,9533.666666666666,0
70000,2,2,26,1,2,2,2,0,0,71160,67381,72192,70444,71900,0,0,6516,0,3300,0,500,1.0165714285714287,0.8406595238095238,0.027230899840024296,0.0,4,2,1.0,1.0165714285714287,1719.3333333333333,3
100000,1,1,42,2,2,0,0,0,0,99184,99340,64054,59014,55249,47645,3000,3039,3315,3000,3000,3000,0.99184,0.7074766666666668,0.050215555792922785,0.0301990114856907,2,2,1.3333333333333333,0.51539,3059.0,0
50000,2,2,45,0,0,0,0,0,0,30359,28717,16177,15949,14319,17319,2000,2000,2000,1000,3000,2200,0.60718,0.40946666666666665,0.11234036433865921,0.06964273278083433,0,0,0.0,0.2608,2033.3333333333333,0
50000,3,1,36,0,0,0,0,0,0,44917,46230,49319,50401,18919,19469,2061,4150,2232,750,929,611,0.89834,0.7641833333333333,0.05207276421148499,0.04458047630377885,0,0,0.0,0.50896,1788.8333333333333,0
250000,2,1,40,0,0,0,0,0,2,44930,137101,90801,0,1069,919,120041,4435,0,1069,0,67619,0.17972,0.18321333333333334,0.3846935518519647,0.8755598021910694,1,2,-0.6666666666666666,0.176044,32194.0,2
50000,3,1,29,0,0,0,0,0,0,9527,9907,9660,880,990,780,2000,1092,880,990,780,0,0.19054,0.10581333333333334,0.6622928594371784,0.20185708518368994,0,0,0.0,0.17494,957.0,1
170000,3,1,23,0,0,0,0,0,0,28615,26410,27654,25211,22682,21787,1446,1690,1208,462,1787,497,0.1683235294117647,0.149371568627451,0.05323180279723133,0.054749914808223846,0,0,0.0,0.04016470588235294,1181.6666666666667,0
270000,1,2,31,0,0,0,0,0,0,13759,0,0,2786,4686,3184,0,0,2786,4686,0,0,0.05095925925925926,0.015070987654320987,0.39988556703075,0.0,0,0,0.0,0.03916666666666667,1245.3333333333333,4
230000,2,1,45,0,0,0,0,0,0,41414,42420,44234,45684,46653,47779,2000,2500,2500,2000,2000,2000,0.18006086956521739,0.194336231884058,0.048622529442915494,0.047146460479479506,0,0,0.0,-0.02767391304347826,2166.6666666666665,0
80000,3,1,44,0,0,0,0,0,0,817,1131,817,1907,1962,1865,1131,1000,1907,2000,2000,700,0.0102125,0.01770625,1.062349289691615,0.9991166077738516,0,0,0.0,-0.0131,1456.3333333333333,0
50000,2,2,37,0,0,0,0,0,0,44756,45746,47010,47277,17410,17002,1736,2000,1267,1000,620,1000,0.89512,0.73067,0.04023782407997615,0.03794784357444204,0,0,0.0,0.55508,1270.5,0
70000,1,1,67,1,0,0,2,2,2,275,400,2,2,2,2,10400,10002,0,0,0,0,0.003928571428571429,0.0016261904761904762,2.0,5.0,4,2,-1.6666666666666667,0.0039,3400.3333333333335,4
150000,2,1,51,0,0,0,0,0,0,71776,72909,74722,77865,78819,80607,2046,2413,3776,2224,2448,2500,0.4785066666666667,0.5074422222222222,0.03348670873801675,0.028061994239473323,0,0,0.0,-0.05887333333333333,2567.8333333333335,0
500000,1,1,45,0,0,0,0,0,0,37875,150573,32413,193427,21978,38102,162003,32611,200967,22074,38272,3491,0.07575,0.15812266666666666,1.0259427791935407,1.0759028783189661,0,0,0.0,-0.000454,76569.66666666667,0
200000,2,1,39,0,0,0,0,0,0,1543,1109,1048,1294,0,0,1109,1048,1294,0,0,0,0.007715,0.004161666666666667,0.5994747218960755,0.9990990990990991,0,0,0.0,0.007715,575.1666666666666,3
240000,2,1,44,0,0,0,0,0,0,21643,19743,20298,15475,15852,16208,1400,1300,1000,1000,1000,1000,0.09017916666666667,0.07584652777777778,0.06486800498460041,0.07090761750405186,0,0,0.0,0.022645833333333334,1116.6666666666667,0
330000,1,2,33,1,0,0,0,2,2,-200,-200,-200,150,150,350,0,0,350,0,200,0,0.0,0.0003282828282828283,0.5775362729005112,0.0,3,2,-1.0,-0.0010606060606060607,91.66666666666667,4
500000,1,2,36,0,0,0,0,0,0,-312,-2479,2479,2479,763,288,0,4958,0,763,0,14472,0.0,0.002003,0.5995769295727074,0.0,0,0,0.0,-0.000576,3365.5,3
80000,1,2,35,0,0,0,0,0,0,52065,55205,55900,55622,56295,61598,5000,2606,2200,2100,6679,1700,0.6508125,0.7014270833333333,0.0644939781455797,0.09056986559431945,0,0,0.0,-0.1191625,3380.8333333333335,0
130000,3,1,54,3,3,2,0,0,0,131139,132596,127906,86109,81941,84545,6000,0,3029,4000,5000,3300,1.0087615384615385,0.8259435897435898,0.03767604983720133,0.045249892531505236,3,3,2.6666666666666665,0.35841538461538464,3554.8333333333335,1
50000,2,2,29,2,2,2,2,2,2,43205,46516,45468,48703,50774,49514,4000,0,4000,3000,0,3000,0.8641,0.9472666666666667,0.04544060820975138,0.085990068147129,6,2,0.0,-0.12618,2333.3333333333335,2
30000,2,2,34,2,0,0,4,3,2,18402,19785,24633,23961,23289,22779,2000,5500,0,0,0,3400,0.6134,0.73805,0.06487004518207613,0.10108157282927323,4,4,-2.3333333333333335,-0.1459,1816.6666666666667,3
400000,1,1,38,0,0,0,0,0,0,1751,7046,2026,8686,8526,4041,7046,2026,8686,8526,4041,9511,0.0043775,0.013365,0.9997769928755146,0.9998580956435362,0,0,0.0,-0.005725,6639.333333333333,0
150000,1,2,39,0,0,0,0,0,0,146736,149030,148258,106114,105951,78487,7027,6000,3220,3600,2670,2618,0.97824,0.8161955555555556,0.03719220186145224,0.047151263831015026,0,0,0.0,0.45499333333333336,4189.166666666667,0
60000,1,2,31,0,0,0,0,2,0,32632,34099,35525,38820,38066,39681,2000,2000,3900,0,2400,1500,0.5438666666666667,0.6078416666666666,0.055177947258246075,0.05865102639296188,1,2,-0.6666666666666666,-0.11748333333333333,1966.6666666666667,1
360000,4,1,34,0,0,0,0,0,0,30447,9428,11704,19036,41147,53733,10052,11767,20036,22207,54981,2227,0.084575,0.07661805555555555,0.9373478622616526,1.0660727542687454,0,0,0.0,-0.06468333333333333,20211.666666666668,0
70000,2,2,22,0,0,0,0,0,0,68247,68263,22551,16008,0,13180,2120,1010,328,0,13180,2000,0.9749571428571429,0.44821190476190476,0.219250778792824,0.031055900621118012,0,0,0.0,0.7866714285714286,3106.3333333333335,1
80000,1,2,26,0,0,0,0,0,0,7412,945,1096,162,6600,1780,945,1096,163,6600,1780,0,0.09265,0.03748958333333333,0.9994636732015701,0.9989429175475687,0,0,0.0,0.0704,1764.0,1
60000,2,2,26,0,0,0,0,2,0,23146,23868,26447,28109,28720,28308,1400,3000,2100,1200,1200,2000,0.38576666666666665,0.44055,0.06619214838960676,0.05865348359797227,1,2,-0.6666666666666666,-0.08603333333333334,1816.6666666666667,0
120000,2,2,32,0,0,0,0,0,0,113650,105592,105428,76543,144089,74115,3999,6025,3069,3001,6000,3112,0.9470833333333334,0.860301388888889,0.04737906391791548,0.03787182862500355,0,0,0.0,0.32945833333333335,4201.0,0
90000,2,2,34,1,2,0,0,0,0,50281,14033,12628,20172,73512,72588,0,2000,20172,73512,3000,4000,0.5586777777777778,0.4503962962962963,0.43992621360666717,0.0,2,2,1.0,-0.24785555555555555,17114.0,1
120000,1,1,48,2,0,0,0,0,0,360,360,360,360,150,870,360,360,360,150,870,510,0.003,0.003416666666666667,0.9967838257021023,0.997229916897507,1,2,0.6666666666666666,-0.00425,435.0,0
20000,3,3,53,0,0,0,0,0,0,9677,9578,12102,1473,18177,18046,4578,2795,1473,18177,2046,2615,0.48385,0.5754416666666667,0.5642984271515092,0.477920450986533,0,0,0.0,-0.41845,5280.666666666667,0
50000,2,2,22,0,0,0,0,0,0,47478,43300,0,0,0,0,1000,0,0,0,0,432,0.94956,0.3025933333333333,0.004618830973880511,0.023094154869402556,0,0,0.0,0.94956,238.66666666666666,4
460000,1,2,28,0,0,0,0,0,0,21333,16560,12570,19403,10063,8628,4560,2500,9456,10063,0,0,0.04637608695652174,0.03208586956521739,0.39228778905203177,0.2753456916852847,0,0,0.0,0.027619565217391305,4429.833333333333,2
500000,2,1,38,0,0,0,0,0,0,2343,4666,3492,3008,16871,19188,4695,2506,2015,16883,5013,8031,0.004686,0.016522666666666668,0.7309975046503164,1.0059995714591814,0,0,0.0,-0.03369,6523.833333333333,0
80000,1,2,29,2,2,2,2,2,2,41355,40395,43231,42236,44924,44072,0,3800,0,3400,0,3816,0.5169375,0.5337770833333333,0.03271590903005955,0.0,6,2,0.0,-0.0339625,1836.0,3
230000,1,2,29,2,0,0,0,0,0,481,12381,0,0,0,376,12381,0,0,0,376,0,0.002091304347826087,0.009592753623188406,0.39945334354181455,0.9999192376029721,1,2,0.6666666666666666,0.0004565217391304348,2126.1666666666665,4
160000,1,1,31,1,2,0,0,0,0,3310,2250,1698,-51,-51,-51,0,1005,7,0,0,2821,0.0206875,0.0075604166666666675,1.1183048852266038,0.0,2,2,1.0,0.0206875,638.8333333333334,3
350000,1,2,31,0,0,0,0,0,0,49184,20738,47631,51451,35104,0,20738,27689,21451,2000,0,20602,0.14052571428571428,0.09719428571428572,0.41102949144768053,0.99995178166739,0,0,0.0,0.14052571428571428,15413.333333333334,1
30000,2,2,42,0,0,0,0,0,0,26504,28056,27987,1812,0,0,2000,2000,2000,0,0,0,0.8834666666666666,0.46866111111111114,0.24917732315177205,0.07128345867341483,0,0,0.0,0.8834666666666666,1000.0,3
90000,3,2,25,0,0,0,0,0,0,6822,6995,7884,0,0,0,1172,1061,0,0,0,193,0.0758,0.04018703703703704,0.06041671787810264,0.1675242995997713,0,0,0.0,0.0758,404.3333333333333,3
360000,2,1,35,2,2,2,2,0,0,360996,370722,380523,372735,290210,290551,16500,16500,6,10306,10876,10323,1.0027666666666666,0.9563597222222222,0.03216585443202356,0.04450762429091262,4,2,1.3333333333333335,0.19568055555555555,10751.833333333334,0
40000,1,2,35,0,0,0,0,0,0,26801,36208,25378,28058,31145,38030,10000,5000,5000,5000,7500,4596,0.670025,0.7734166666666668,0.20182509079068697,0.2761744317711066,0,0,0.0,-0.280725,6182.666666666667,0
80000,1,2,23,0,0,0,0,0,0,71487,55641,24987,-600,-600,-600,2157,1500,0,0,0,0,0.8935875,0.31690625,0.019758898886324715,0.03876568060098487,0,0,0.0,0.8935875,609.5,4
360000,3,1,37,0,0,0,0,0,0,1090,303,0,0,0,0,303,0,0,0,0,860,0.0030277777777777777,0.0006449074074074074,0.1993421052631579,0.9967105263157895,0,0,0.0,0.0030277777777777777,193.83333333333334,4
70000,3,2,24,1,2,2,0,0,0,69346,70864,68645,28929,28597,28237,3200,13,1008,1103,1100,850,0.9906571428571429,0.7014714285714285,0.031542423033514844,0.045156283073449516,3,2,1.6666666666666667,0.5872714285714286,1212.3333333333333,0
20000,3,2,25,0,0,0,0,0,0,13701,14413,15781,15939,16271,16590,1241,1609,717,738,740,789,0.68505,0.7724583333333334,0.06459721955128485,0.08609685028444568,0,0,0.0,-0.14445,972.3333333333334,0
90000,2,1,28,0,0,0,0,0,0,10962,13244,7097,6624,6806,6266,4512,2500,2397,2150,709,22000,0.1218,0.0944425925925926,0.2967327345563745,0.3406568516421291,0,0,0.0,0.052177777777777774,5711.333333333333,0
250000,1,2,30,1,0,0,0,0,0,0,0,0,700,150,200,0,0,700,150,200,0,0.0,0.0007,0.5973951651084122,0.0,1,1,0.3333333333333333,-0.0008,175.0,3
250000,3,1,47,0,0,0,0,0,0,1170,1863,3100,2560,2580,3699,1863,3112,2950,2580,3699,0,0.00468,0.009981333333333333,1.0308493673259107,0.9994635193133047,0,0,0.0,-0.010116,2367.3333333333335,1
360000,2,2,42,0,0,0,0,0,0,10000,10000,141,7054,-2946,-2946,10000,141,7054,1941,0,0,0.027777777777777776,0.012590277777777778,1.5985432026067017,0.9999000099990001,0,0,0.0,0.027777777777777776,3189.3333333333335,2
80000,2,1,49,0,0,0,0,0,0,83888,83503,82265,81974,81253,78343,3900,3000,3500,3200,3800,3300,1.0486,1.0233875,0.04275081473032286,0.046704349492239894,0,0,0.0,0.0693125,3450.0,0
140000,1,2,55,0,0,0,0,0,0,65640,66998,68201,68866,65781,66850,2800,3000,2500,2350,2400,2400,0.46885714285714286,0.47897142857142855,0.03874105966231082,0.041791668532366155,0,0,0.0,-0.008642857142857143,2575.0,0
270000,1,2,30,0,0,0,0,0,0,81488,76257,70685,66539,61069,56211,3000,5000,3000,2200,2100,3879,0.3018074074074074,0.2544746913580247,0.045708793605280754,0.0393401348055286,0,0,0.0,0.09361851851851852,3196.5,0
260000,2,1,39,2,0,0,2,0,0,110529,113505,114531,111037,95454,96370,7010,7004,15,3000,3000,3000,0.4251115384615385,0.4111705128205128,0.03712105438507836,0.06175884975243599,2,2,0.0,0.05445769230769231,3838.1666666666665,0
210000,1,1,40,0,0,0,0,0,0,1582,326,3632,1967,3952,10330,326,3632,1967,3985,10330,8000,0.007533333333333334,0.017292857142857145,1.0008313665828212,0.9969418960244648,0,0,0.0,-0.04165714285714286,4706.666666666667,0
350000,2,1,42,0,0,0,0,0,0,195639,196554,177597,181702,176253,179190,7200,7000,7007,7000,6500,6500,0.5589685714285715,0.5271119047619047,0.03811966205385874,0.0366309684312279,0,0,0.0,0.046997142857142855,6867.833333333333,0
20000,2,2,47,0,0,0,0,0,0,17059,36219,15431,16260,15770,15880,1500,4000,1600,500,500,400,0.85295,0.971825,0.09243961974774888,0.041413583655438985,0,0,0.0,0.05895,1416.6666666666667,0
20000,2,1,47,0,0,0,0,0,0,15166,15014,16024,16345,17579,18750,1257,1267,588,1500,1500,0,0.7583,0.8239833333333334,0.07281446303688567,0.08371628371628372,0,0,0.0,-0.1792,1018.6666666666666,1
240000,1,2,33,0,0,0,0,0,0,0,0,0,0,0,0,0,0,0,0,0,0,0.0,0.0,0.0,0.0,0,0,0.0,0.0,0.0,6
90000,2,2,33,0,0,0,0,0,0,63626,1788,1988,55970,59612,40281,1000,2000,61000,5000,1800,1200,0.7069555555555556,0.4134537037037037,0.5565822608727505,0.5589714924538849,0,0,0.0,0.2593888888888889,12000.0,0
70000,3,1,43,0,0,0,0,0,6,31796,32786,34242,35668,50052,51651,1500,2000,2000,15000,3000,0,0.4542285714285714,0.5623690476190476,0.10359807519748465,0.04574983987556044,1,6,-2.0,-0.28364285714285714,3916.6666666666665,1
50000,2,1,41,0,0,0,0,0,0,43474,48921,34879,31820,9965,10017,40003,1636,1800,344,400,400,0.86948,0.59692,0.19912099192302993,0.817689383099628,0,0,0.0,0.66914,7430.5,0
200000,2,1,31,1,2,2,0,0,0,29070,31302,29192,28170,28763,28453,3019,6,991,1032,1310,2000,0.14535,0.14579166666666665,0.04274907623546423,0.09644443024630227,3,2,1.6666666666666667,0.003085,1393.0,0
200000,1,2,27,0,0,0,0,0,0,16093,11163,11657,9423,9726,11070,11197,11657,9423,9726,11070,7976,0.080465,0.05761,1.000514181403108,1.0029559297742745,0,0,0.0,0.025115,10174.833333333334,0
500000,1,2,35,1,0,0,0,0,0,-453,1168,1215,6461,2567,735,2336,1215,6461,2567,1470,11605,0.0,0.0040486666666666666,1.3988410434674936,1.998289136013687,1,1,0.3333333333333333,-0.00147,4275.666666666667,0
80000,2,1,43,0,0,0,0,0,0,43749,46330,43134,38010,38510,38427,3356,3204,2017,3515,2506,2015,0.5468625,0.517,0.0712525613138736,0.07243530249724807,0,0,0.0,0.066525,2768.8333333333335,0
180000,3,2,28,0,0,0,0,0,0,176802,179271,180382,132104,129772,124734,6963,6208,3749,4365,4517,177,0.9822333333333333,0.8546898148148148,0.03429668988948197,0.03884042125931545,0,0,0.0,0.28926666666666667,4329.833333333333,0
50000,2,2,23,2,2,0,0,0,0,52156,51041,50205,20218,20263,19864,0,1310,705,750,730,700,1.04312,0.71249,0.026944038079181654,0.0,2,2,1.3333333333333333,0.64584,699.1666666666666,1
50000,1,1,25,0,0,2,0,0,0,5472,5891,6595,8400,4041,4815,1500,1000,2000,1000,1000,2000,0.10944,0.11738,0.21985997764073684,0.2545824847250509,1,2,0.6666666666666666,0.01314,1416.6666666666667,0
60000,2,1,45,0,0,0,0,0,0,25513,13941,13265,13645,14538,14923,1300,1600,1300,1500,1000,2000,0.4252166666666667,0.2661805555555556,0.0958590943098682,0.09324343709654281,0,0,0.0,0.1765,1450.0,0
60000,3,2,41,0,0,0,0,0,0,866,29123,26766,-1644,6398,5556,29687,30000,0,20009,10000,10000,0.014433333333333333,0.19085833333333332,1.4133082277116713,1.01933113583299,0,0,0.0,-0.07816666666666666,16616.0,1
20000,2,1,34,0,0,0,0,0,0,17625,14841,492,23150,17883,7729,1019,990,23965,371,7738,3638,0.88125,0.681,0.8267420604916301,0.06865651529443471,0,0,0.0,0.4948,6286.833333333333,0
150000,3,1,44,0,0,0,0,0,0,146277,127679,73323,74783,76360,77868,3952,2614,2631,2735,2740,2720,0.97518,0.6403222222222222,0.03455754188953995,0.030952380952380953,0,0,0.0,0.45606,2898.6666666666665,0
460000,1,1,40,2,0,0,0,0,0,171,2715,-13,2641,-10,22535,2728,0,2654,0,22545,0,0.0003717391304347826,0.010167391304347826,0.6018719273597252,1.004418262150221,1,2,0.6666666666666666,-0.04861739130434783,4654.5,3
80000,1,2,26,0,0,0,0,0,0,37329,38151,39229,40291,40902,42122,3700,2000,2000,3500,2000,4000,0.4666125,0.4958833333333333,0.06612956616258883,0.09698049905640596,0,0,0.0,-0.0599125,2866.6666666666665,0
50000,3,2,58,0,0,0,0,0,0,14628,15638,16383,17837,15791,15988,1558,1303,1757,711,600,1500,0.29256,0.3208833333333333,0.07203954627514378,0.09962273802672805,0,0,0.0,-0.0272,1238.1666666666667,0
50000,1,2,29,0,0,0,0,0,0,2159,1956,5592,10676,671,9826,1961,5608,11906,673,9855,7627,0.04318,0.10293333333333334,1.024834099302233,1.0020439448134901,0,0,0.0,-0.15334,6271.666666666667,0
30000,2,3,40,2,0,0,0,0,2,2922,3869,4890,5975,6474,6225,1000,1090,1175,600,0,1000,0.0974,0.1686388888888889,0.15410802984962105,0.25839793281653745,2,2,0.0,-0.1101,810.8333333333334,1
70000,3,1,69,1,2,0,0,0,0,11572,11095,12109,12905,14683,15435,0,1204,1000,2000,1000,1500,0.16531428571428572,0.18523571428571428,0.07557831973441831,0.0,2,2,1.0,-0.05518571428571428,1117.3333333333333,1
240000,3,1,42,2,2,2,2,2,2,259511,258208,245397,245014,209834,195913,11000,0,12300,14288,0,6887,1.0812958333333333,0.9818590277777778,0.03217875051221227,0.04260114868188173,6,2,0.0,0.2649916666666667,7412.5,2
240000,4,1,40,0,0,0,0,0,0,19295,2054,6984,0,0,0,2054,6984,0,0,0,0,0.08039583333333333,0.019675694444444447,0.3998740436144884,0.9995133819951338,0,0,0.0,0.08039583333333333,1506.3333333333333,4
330000,1,2,34,0,0,0,0,0,0,1406,1467,2599,17064,70464,-6053,1488,2599,17064,70464,0,232972,0.00426060606060606,0.04696969696969697,0.802633314380371,1.013623978201635,0,0,0.0,0.00426060606060606,54097.833333333336,1
280000,3,3,42,1,0,0,0,0,0,-191,-191,5612,6917,10247,11822,0,6100,4000,3500,2500,2000,0.0,0.02059404761904762,0.44358939461118024,0.0,1,1,0.3333333333333333,-0.04222142857142857,3016.6666666666665,1
130000,3,1,40,0,0,0,0,0,0,3015,2620,1330,0,0,0,1000,1330,0,0,0,0,0.023192307692307693,0.008929487179487178,0.27615649018747324,0.38153376573826786,0,0,0.0,0.023192307692307693,388.3333333333333,4
120000,1,2,28,0,0,0,2,2,0,7164,9383,16571,16607,16043,16379,2515,7703,600,0,595,599,0.0597,0.11409305555555554,0.16105630204669677,0.26800937766410915,2,2,-1.3333333333333333,-0.07679166666666666,2002.0,1
20000,2,1,44,0,0,2,0,0,0,16401,9620,9264,11693,11826,13242,3000,1000,3000,1000,2000,1000,0.82005,0.6003833333333333,0.1823736547612345,0.3118178983473651,1,2,0.6666666666666666,0.15795,1833.3333333333333,0
200000,1,2,30,0,0,0,0,0,0,196845,189104,183255,147612,148088,99985,8990,7000,5500,6000,4220,3610,0.984225,0.8040741666666668,0.04114386664768133,0.047539726606911505,0,0,0.0,0.4843,5886.666666666667,0
60000,3,1,41,0,0,0,0,0,0,55773,55953,55562,55063,54819,55195,2627,2700,2500,2300,3000,2500,0.92955,0.923236111111111,0.04745034758485032,0.04694927976552168,0,0,0.0,0.009633333333333334,2604.5,0
210000,1,2,31,0,0,0,0,0,0,326,326,326,326,326,326,326,326,326,326,326,326,0.0015523809523809524,0.0015523809523809524,0.9969418960244647,0.9969418960244648,0,0,0.0,0.0,326.0,0
70000,3,1,37,0,0,0,0,0,0,48684,49628,53163,49953,32535,27715,1785,7320,1700,1200,1400,2,0.6954857142857143,0.6230428571428571,0.05901598038897073,0.03596687420661307,0,0,0.0,0.29955714285714286,2234.5,0
320000,2,1,40,0,0,0,0,0,0,96225,99606,100704,208794,213025,217400,5000,2704,108794,5123,5255,5333,0.300703125,0.487371875,0.12926502923018535,0.05019727529189716,0,0,0.0,-0.378671875,22034.833333333332,0
240000,2,1,35,0,2,0,0,0,0,528,264,264,264,264,414,0,264,264,264,414,264,0.0022,0.0013875,0.7972539213457605,0.0,1,2,0.6666666666666666,0.000475,245.0,1
200000,1,2,27,0,0,0,0,0,0,630,825,1890,1260,630,630,825,1890,0,0,630,1030,0.00315,0.0048875,0.5993351478926636,0.9987893462469734,0,0,0.0,0.0,729.1666666666666,2
30000,2,2,22,0,0,2,0,0,0,10094,14870,13329,7275,26804,29362,5300,0,607,20000,3000,0,0.3364666666666667,0.565188888888889,0.2576244336622743,0.3563983592226481,1,2,0.6666666666666666,-0.6422666666666667,4817.833333333333,2
70000,2,1,45,0,0,0,0,0,0,43050,43410,36226,29369,25873,26101,1888,1225,856,6000,1097,604,0.615,0.48578333333333334,0.07607433530624727,0.04349128101172514,0,0,0.0,0.24212857142857142,1945.0,0
360000,1,2,36,0,0,0,0,0,0,1365,2703,863,390,390,3540,3000,1000,1000,390,3540,390,0.0037916666666666667,0.00428287037037037,1.3643159338409905,1.1094674556213018,0,0,0.0,-0.0060416666666666665,1553.3333333333333,0
50000,2,2,23,0,0,0,0,0,0,37259,32822,20669,4510,2893,2000,1750,1150,1000,300,400,800,0.74518,0.3338433333333334,0.12683911945707016,0.05331627212625293,0,0,0.0,0.70518,900.0,0
200000,1,2,32,0,0,0,0,0,0,47244,92754,57928,523,223,7037,62330,57928,523,223,7037,11000,0.23622,0.17142416666666668,0.9330906613451905,0.6719853377176432,0,0,0.0,0.201035,23173.5,0
160000,1,2,53,2,2,0,0,0,0,1309,0,4582,0,0,2191,0,4582,0,0,2191,4825,0.00818125,0.00841875,0.39986511958666665,0.0,2,2,1.3333333333333333,-0.0055125,1933.0,3
290000,2,2,26,0,0,0,0,0,0,81022,59327,102180,58554,59358,45266,2121,48345,1689,1516,1240,1211,0.27938620689655175,0.23316494252873562,0.11813172610251377,0.03575040453074434,0,0,0.0,0.12329655172413793,9353.666666666666,0
160000,2,2,52,1,2,0,0,0,0,2259,1869,12671,8315,5085,4900,1310,12671,166,102,1100,2610,0.01411875,0.03656145833333333,0.392983281857508,0.7005347593582888,2,2,1.0,-0.01650625,2993.1666666666665,0
140000,1,1,34,0,0,0,0,0,0,103288,98632,93615,91282,88128,87812,4500,4126,3509,3500,4000,3500,0.7377714285714285,0.6699488095238095,0.04268081646906209,0.04562367564608194,0,0,0.0,0.11054285714285714,3855.8333333333335,0
250000,1,2,36,0,0,0,0,0,0,143200,146391,91714,88397,90312,92456,7000,3500,3100,3200,3500,3500,0.5728,0.43498,0.03886698982987133,0.04781682059128914,0,0,0.0,0.202976,3966.6666666666665,0
240000,2,2,30,0,0,0,0,0,0,89009,71169,67528,64238,65521,65829,3071,2390,2311,2330,2392,2504,0.3708708333333333,0.2939541666666667,0.037282805687692086,0.043150203737529855,0,0,0.0,0.09658333333333333,2499.6666666666665,0
140000,2,1,27,0,0,0,0,0,0,126771,132730,124689,105447,106704,97725,10000,5000,5000,5000,5000,5000,0.9055071428571428,0.8262690476190476,0.052175630046240803,0.07534035003126624,0,0,0.0,0.20747142857142858,5833.333333333333,0
70000,2,2,55,0,0,0,0,0,0,53214,54571,42413,42946,43843,44714,2230,2004,1537,1589,1598,1654,0.7602,0.6707166666666666,0.03917597462852886,0.04086344645605805,0,0,0.0,0.12142857142857143,1768.6666666666667,0
20000,3,1,45,0,0,2,0,0,2,8541,5577,5346,9984,19089,18356,5577,0,5000,10089,0,2000,0.42705,0.5574416666666667,0.40581368920798494,0.9998207242739333,2,2,0.0,-0.49075,3777.6666666666665,2
200000,1,2,28,0,0,0,0,0,0,1860,4464,29705,25854,510,1470,4464,29705,25854,510,1470,5822,0.0093,0.05321916666666667,0.9994133877094162,0.9997760358342666,0,0,0.0,0.00195,11304.166666666666,0
100000,2,2,35,2,2,2,0,0,2,24524,27313,26580,26840,28810,28966,3500,0,1000,2400,780,2400,0.24524,0.2717216666666667,0.055124912305623074,0.12813941568426448,4,2,1.3333333333333335,-0.04442,1680.0,1
100000,3,1,24,1,2,0,0,0,0,56341,54869,67965,73871,79707,85433,0,14130,7065,7065,7065,0,0.56341,0.6969766666666667,0.09497358074440836,0.0,2,2,1.0,-0.29092,5887.5,2
70000,2,2,23,0,0,0,2,0,0,18285,16903,18903,18443,10139,10141,1400,2332,0,365,364,527,0.26121428571428573,0.22098571428571429,0.05561343634977968,0.08282063416942735,1,2,-0.6666666666666666,0.11634285714285714,831.3333333333334,1
50000,2,2,25,2,2,2,2,2,2,33995,34937,34394,36509,37105,37866,1800,300,3000,1500,1500,0,0.6799,0.71602,0.044489671666903714,0.05151983513652756,6,2,0.0,-0.07742,1350.0,1
110000,2,1,40,0,0,0,0,0,0,23303,23978,22369,20608,20608,20606,1511,1772,1320,750,745,747,0.21184545454545456,0.1992,0.0557642040822874,0.06301347011968807,0,0,0.0,0.024518181818181817,1140.8333333333333,0
250000,1,2,32,0,0,0,0,0,0,33323,30090,21218,10875,3328,1460,2038,2065,52,3336,1460,1000,0.133292,0.06686266666666667,0.4342491546970109,0.06772789206074906,0,0,0.0,0.127452,1658.5,0
120000,2,2,30,0,0,0,0,0,0,121280,123176,121907,123949,112430,114322,6026,6000,6300,4000,4300,4322,1.0106666666666666,0.9959222222222223,0.0444311929867444,0.04892147072911339,0,0,0.0,0.05798333333333333,5158.0,0
120000,2,2,32,0,0,0,0,0,0,114476,113995,116574,117041,50980,51285,4100,6000,5000,5000,58895,5000,0.9539666666666666,0.7838208333333333,0.2753189445503125,0.03596617425172813,0,0,0.0,0.5265916666666667,13999.166666666666,0
80000,2,1,38,0,0,0,0,0,0,0,0,0,0,0,390,0,0,0,0,390,0,0.0,0.0008125,0.19948849104859334,0.0,0,0,0.0,-0.004875,65.0,5
340000,3,1,49,0,0,0,0,0,0,20452,18816,24010,5320,16612,21373,18832,24099,5320,16612,21373,44729,0.06015294117647059,0.05224656862745098,1.0008334448311058,1.0007971515119307,0,0,0.0,-0.002708823529411765,21827.5,0
100000,2,2,37,0,0,0,0,0,0,99209,98222,67185,66926,66796,64513,3490,2332,2314,2365,2497,2305,0.99209,0.7714183333333333,0.03578530972235454,0.03553139285096159,0,0,0.0,0.34696,2550.5,0
140000,1,1,43,0,0,0,0,0,0,1453,1872,1249,1872,1453,1453,1872,1249,1872,1453,1453,1034,0.010378571428571428,0.011133333333333334,0.9993513357044396,0.999466097170315,0,0,0.0,0.0,1488.8333333333333,0
160000,2,1,41,1,0,0,0,0,0,0,1496,1496,1496,1496,1496,1496,1496,1496,1496,1496,1496,0.0,0.007791666666666667,0.9993319973279892,0.9993319973279893,1,1,0.3333333333333333,-0.00935,1496.0,0
180000,1,2,30,0,0,0,0,0,0,40311,43847,50763,69026,32030,33679,10000,10000,23000,5000,4000,3500,0.22395,0.24968148148148148,0.20662342805604475,0.2280605728881591,0,0,0.0,0.036844444444444444,9250.0,0
240000,1,2,28,0,0,0,0,0,0,168068,168685,94520,14422,12552,20550,6042,3558,1000,600,10550,9000,0.7002833333333334,0.33249791666666667,0.14078970281637812,0.03581802876350142,0,0,0.0,0.6146583333333333,5125.0,0
150000,2,1,39,0,0,0,0,0,0,10086,32353,13181,2010,7790,0,32400,13181,2020,7790,0,0,0.06724,0.07268888888888889,0.8011385885561655,1.0014217716511096,0,0,0.0,0.06724,9231.833333333334,2
180000,2,2,30,0,0,0,0,0,0,63182,64274,55112,56394,57577,58564,2166,2002,2200,2242,2100,2330,0.3510111111111111,0.3287990740740741,0.03676618917219128,0.03369894982497083,0,0,0.0,0.025655555555555556,2173.3333333333335,0
30000,3,2,23,0,0,0,0,0,0,528,913,10773,916,3091,700,913,10773,916,3091,700,0,0.0176,0.09400555555555555,0.9991945261456072,0.9989059080962801,0,0,0.0,-0.005733333333333333,2732.1666666666665,1
50000,2,2,43,0,0,0,0,0,0,50756,50552,49465,40020,10407,9037,1934,1917,2500,500,500,1000,1.01512,0.70079,0.048567983668201274,0.03825687891915416,0,0,0.0,0.83438,1391.8333333333333,0
250000,1,2,28,0,0,0,0,0,0,4003,2527,1652,7734,3337,7866,2549,1715,8042,4023,9167,3036,0.016012,0.018079333333333333,1.0911928367159973,1.0083069620253164,0,0,0.0,-0.015452,4755.333333333333,0
240000,1,1,48,0,0,0,0,0,0,234984,234559,240896,135900,135853,127777,9500,11217,4855,4000,3200,3000,0.9791,0.7708118055555556,0.035455235160496756,0.04050136425648022,0,0,0.0,0.44669583333333335,5962.0,0
180000,1,2,28,0,0,0,0,0,2,90874,79901,82451,83201,77081,74441,3000,3900,3400,5600,0,2600,0.5048555555555555,0.4518046296296296,0.03967210977056333,0.03754599384245701,1,2,-0.6666666666666666,0.09129444444444444,3083.3333333333335,1
200000,2,2,26,1,0,2,0,0,0,-1544,8510,4141,15305,10368,5642,12651,0,15305,0,0,16335,0.0,0.036638333333333335,0.4972727985795218,1.486429326753613,2,2,1.0,-0.02821,7381.833333333333,3
350000,3,1,35,0,0,0,0,0,0,218605,166310,166106,100151,50340,51400,6222,7174,4200,2400,2400,2500,0.6245857142857143,0.3585295238095238,0.043380735717016866,0.03741183685985894,0,0,0.0,0.47772857142857145,4149.333333333333,0
60000,2,1,36,0,0,0,0,0,0,46064,47320,48337,49332,50536,51694,2000,1805,1800,2000,2000,2000,0.7677333333333334,0.814675,0.03887118300109867,0.04226453371653177,0,0,0.0,-0.09383333333333334,1934.1666666666667,0
210000,1,1,36,0,0,0,0,0,0,1630,25903,21313,0,1515,556,25903,1000,0,1515,556,19964,0.0077619047619047615,0.04041031746031746,0.6088847904363398,0.9999613959234095,0,0,0.0,0.0051142857142857144,8156.333333333333,1
30000,2,2,28,0,0,0,0,2,2,28347,29880,29588,30687,25637,26468,2000,2000,2200,0,1800,0,0.9449,0.9478166666666666,0.054843638122626714,0.06693216425153108,2,2,-1.3333333333333333,0.06263333333333333,1333.3333333333333,2
170000,2,1,27,0,0,0,0,0,0,2697,0,1409,1337,1337,53885,0,1409,1337,0,53885,2000,0.01586470588235294,0.05947549019607844,0.5997049676581023,0.0,0,0,0.0,-0.30110588235294117,9771.833333333334,2
50000,2,1,24,0,0,0,0,0,0,7052,2105,7358,2912,2881,553,2003,7000,2900,2500,400,0,0.14104,0.07620333333333333,0.8974640761231292,0.9510921177587844,0,0,0.0,0.12998,2467.1666666666665,1
50000,2,2,29,0,0,0,0,0,0,49793,50466,50085,50686,46805,47220,1866,1733,1724,1684,2058,1341,0.99586,0.9835166666666667,0.03702968154047742,0.036974656706362574,0,0,0.0,0.05146,1734.3333333333333,0
50000,3,2,49,0,0,0,0,0,0,48245,27656,23168,20245,20251,19970,1286,21578,1310,706,806,656,0.9649,0.5317833333333334,0.22355044896821105,0.04649817406081643,0,0,0.0,0.5655,4390.333333333333,0
360000,1,2,37,1,0,0,0,0,0,-2,513,1070,-10,2107,627,515,1075,0,2117,630,375,0.0,0.001998611111111111,0.8026269031294468,1.0019455252918288,1,1,0.3333333333333333,-0.0017416666666666668,785.3333333333334,1
310000,1,2,32,0,0,0,0,0,0,20138,8267,65993,8543,1695,750,8267,66008,8543,1695,750,7350,0.06496129032258065,0.05665913978494623,0.9996105941001368,0.9998790517658442,0,0,0.0,0.06254193548387096,15435.5,0
20000,3,2,26,3,3,2,0,0,0,21667,21081,19661,26158,13560,15324,0,25,2000,1000,2000,1000,1.08335,0.9787583333333334,0.05639471886827507,0.0,3,3,2.6666666666666665,0.31715,1004.1666666666666,1
260000,1,1,36,0,0,2,0,0,0,131971,139305,89200,79702,79025,79997,10000,0,3012,3000,3000,4000,0.5075807692307692,0.3841025641025641,0.03700756813939055,0.07178441703874923,1,2,0.6666666666666666,0.1999,3835.3333333333335,1
500000,1,1,36,1,0,0,0,0,0,-44,-44,-44,-44,-44,-44,0,0,0,0,0,0,0.0,0.0,0.0,0.0,1,1,0.3333333333333333,0.0,0.0,6
200000,1,2,33,0,0,0,2,0,0,54713,58184,62286,61305,62846,42634,5000,5700,2000,3000,2000,1000,0.273565,0.2849733333333333,0.06094253971484476,0.08593280054996992,1,2,-0.6666666666666666,0.060395,3116.6666666666665,0
280000,1,1,47,0,0,0,0,0,0,257561,270827,212405,194345,161084,174622,20000,15000,0,161084,15000,20000,0.9198607142857143,0.7564547619047619,0.24607204232584987,0.07384760807597442,0,0,0.0,0.29621071428571427,38514.0,1
50000,2,2,25,2,2,2,2,2,2,33586,34636,35683,36200,36808,37671,1900,1900,1400,1500,1600,1500,0.67172,0.71528,0.045999103528711796,0.05485463521667581,6,2,0.0,-0.0817,1633.3333333333333,0
50000,2,2,35,0,0,0,0,0,0,14536,15694,16431,17056,17581,18089,1700,1300,900,800,800,900,0.29072,0.33129,0.06598346868685673,0.1083147499203568,0,0,0.0,-0.07106,1066.6666666666667,0
230000,1,1,38,0,0,0,0,0,0,2130,62469,62583,59047,52574,43723,62469,5000,2000,5000,5000,3000,0.009260869565217392,0.20472898550724636,0.26464065475854126,0.9999839923163119,0,0,0.0,-0.1808391304347826,13744.833333333334,0
140000,2,2,35,0,0,0,0,0,0,140387,129846,87849,84455,87287,81423,5509,7124,2866,4033,5954,3120,1.0027642857142858,0.727675,0.05535624682520683,0.042426856223093334,0,0,0.0,0.4211714285714286,4767.666666666667,0
140000,2,2,30,0,0,0,0,2,2,188,6229,7936,13194,5692,8410,6229,2000,5600,0,3002,2,0.0013428571428571428,0.04958214285714286,0.40662812238354784,0.9998394863563402,2,2,-1.3333333333333333,-0.05872857142857143,2805.5,1
50000,3,3,32,0,0,2,0,0,0,326,652,326,978,652,326,652,0,978,0,0,326,0.00652,0.010866666666666667,0.39948943119444,0.998468606431853,1,2,0.6666666666666666,0.0,326.0,3
160000,3,1,48,0,0,0,0,0,0,156197,102650,0,0,0,0,4700,0,0,0,0,0,0.97623125,0.26963229166666663,0.009157241527116151,0.04578620763558076,0,0,0.0,0.97623125,783.3333333333334,5
500000,4,1,32,0,0,0,0,0,0,5353,5739,5578,57722,55468,55026,6081,5588,58476,1910,1974,2254,0.010706,0.061628666666666665,0.6288745728094371,1.0594076655052265,0,0,0.0,-0.099346,12713.833333333334,0
130000,2,2,27,1,0,0,0,0,0,0,0,0,0,0,0,0,0,0,0,0,0,0.0,0.0,0.0,0.0,1,1,0.3333333333333333,0.0,0.0,6
360000,3,2,30,0,0,0,0,0,0,0,0,0,0,0,0,0,0,0,0,0,0,0.0,0.0,0.0,0.0,0,0,0.0,0.0,0.0,6
30000,3,2,50,0,0,0,0,0,0,25648,25524,3737,0,0,22525,1000,3836,0,0,22525,0,0.8549333333333333,0.43018888888888884,0.41307002249959146,0.039177277179236046,0,0,0.0,0.1041,4560.166666666667,3
90000,3,3,40,0,0,0,0,0,0,53256,53695,55426,56544,57048,58421,1923,2597,2637,2041,2291,4824,0.5917333333333333,0.6192407407407408,0.04085870192758666,0.03581272348033373,0,0,0.0,-0.05738888888888889,2718.8333333333335,0
50000,1,2,27,1,2,2,0,0,2,42764,42459,37166,31989,33587,32514,732,1200,1300,2651,0,1400,0.85528,0.73493,0.03381823160614546,0.01723975506358926,4,2,1.0,0.205,1213.8333333333333,1
50000,2,1,24,0,0,0,0,0,0,37159,30814,27382,28081,28578,29450,1500,1500,1153,1100,1346,960,0.74318,0.60488,0.04574145316685427,0.048677592081778354,0,0,0.0,0.15418,1259.8333333333333,0
80000,1,2,31,0,0,0,0,0,0,19824,5000,19037,12344,26344,1011,5000,19037,0,14000,0,3949,0.2478,0.1740833333333333,0.5062315296433066,0.9998000399920016,0,0,0.0,0.2351625,6997.666666666667,2
140000,2,1,37,0,0,0,0,0,0,326,326,326,1516,326,1439,326,326,1516,326,1439,326,0.0023285714285714285,0.0050702380952380955,0.9978944095695607,0.9969418960244648,0,0,0.0,-0.00795,709.8333333333334,0
120000,1,2,32,1,0,0,0,0,0,0,0,0,0,9310,0,0,0,0,9310,0,0,0.0,0.012930555555555556,0.19997852003007194,0.0,1,1,0.3333333333333333,0.0,1551.6666666666667,5
80000,2,2,26,0,0,0,0,0,0,2159,4132,5949,7144,5309,500,2000,2002,2005,15,523,0,0.0269875,0.052485416666666666,0.4295466861275665,0.4839099927413501,0,0,0.0,0.0207375,1090.8333333333333,1
180000,1,2,42,0,0,0,0,0,0,177061,180778,3647,1593,1228,1006,8000,3653,32,0,1006,0,0.9836722222222222,0.3382527777777778,0.4129411550584206,0.04425292760774205,0,0,0.0,0.9780833333333333,2115.1666666666665,2
50000,1,2,29,0,0,0,0,0,0,2459,2471,6015,5625,3056,2439,2471,6015,0,3056,2439,3026,0.04918,0.07355,0.7997384583392408,0.9995954692556634,0,0,0.0,0.0004,2834.5,1
280000,1,1,36,0,2,0,0,0,0,832,416,416,416,59211,416,0,416,416,59211,0,378,0.0029714285714285715,0.03673035714285714,0.5990373896923804,0.0,1,2,0.6666666666666666,0.0014857142857142857,10070.166666666666,2
90000,2,1,47,0,0,0,0,0,0,1887,43542,12148,880,10880,880,43542,12148,880,10880,880,1080,0.020966666666666668,0.1300314814814815,0.9995065344034877,0.9999770341960821,0,0,0.0,0.011188888888888889,11568.333333333334,0
240000,2,1,30,0,0,0,0,0,0,17047,15188,11366,14231,11135,7774,15188,11366,14231,11135,7774,7785,0.07102916666666667,0.05329236111111111,0.9999115017028078,0.9999341628810323,0,0,0.0,0.0386375,11246.5,0
210000,2,1,42,0,0,0,0,0,0,2201,3571,987,2467,3319,5387,3571,987,2469,3319,5387,1607,0.01048095238095238,0.014231746031746031,0.999725256597191,0.9997200447928332,0,0,0.0,-0.015171428571428572,2890.0,0
200000,1,2,29,0,0,0,0,0,0,187889,190967,195622,126281,128702,131001,8000,8000,5000,5000,5000,5000,0.939445,0.800385,0.03987944725494191,0.04189183528130368,0,0,0.0,0.28444,6000.0,0
50000,2,2,25,0,2,0,0,0,0,6806,6552,7561,7712,7936,47743,0,1125,276,348,40000,1151,0.13612,0.2810333333333333,0.21324015970578997,0.0,1,2,0.6666666666666666,-0.81874,7150.0,1
70000,1,2,33,0,0,0,0,0,0,39416,40784,42791,43797,44938,47177,2000,3000,1718,2000,3000,1630,0.5630857142857143,0.6164357142857143,0.05329269357319997,0.049037636385926196,0,0,0.0,-0.11087142857142857,2224.6666666666665,0
230000,1,2,34,1,0,0,0,0,0,1103,16234,68813,4427,13882,41463,16286,65280,4446,13949,41660,9005,0.004795652173913044,0.10574057971014492,0.9930663161886711,1.0031413612565445,1,1,0.3333333333333333,-0.17547826086956522,25104.333333333332,0
340000,2,3,35,0,0,0,0,0,0,132,132,132,132,132,112847,132,132,132,132,112847,5005,0.0003882352941176471,0.0556406862745098,0.9939831901105378,0.9924812030075187,0,0,0.0,-0.33151470588235293,19730.0,0
50000,3,2,23,0,0,0,0,0,0,33239,33199,33757,23332,23782,16816,6010,5008,3013,5035,5001,5002,0.66478,0.5470833333333334,0.1935176054282232,0.18102409638554218,0,0,0.0,0.32846,4844.833333333333,0
360000,1,2,35,0,0,0,0,0,0,6392,3773,17917,21057,0,0,3000,18117,5371,0,0,0,0.017755555555555556,0.022749537037037037,0.4122152340412071,0.794912559618442,0,0,0.0,0.017755555555555556,4414.666666666667,3
400000,1,1,49,0,0,0,0,0,0,749,1503,33956,44258,56526,776,1530,34229,44258,56526,776,2131,0.0018725,0.05740333333333333,1.0047940156557902,1.0172872340425532,0,0,0.0,-6.75e-05,23241.666666666668,0
20000,2,2,22,1,3,2,2,0,0,6792,6540,7278,7013,7398,8775,0,1000,0,500,1500,0,0.3396,0.36496666666666666,0.0751757801602996,0.0,4,3,1.3333333333333335,-0.09915,500.0,3
380000,2,2,28,0,0,0,0,0,0,123880,105184,69221,46858,33060,27047,7050,6018,3000,4000,4000,250400,0.326,0.17774122807017545,0.09737160287087102,0.06702476588867234,0,0,0.0,0.2548236842105263,45744.666666666664,0
190000,1,1,47,0,0,0,0,0,0,192493,193297,193400,193278,192956,193039,7200,7222,7300,7100,7380,7200,1.013121052631579,1.0161956140350876,0.037477141183035766,0.037248186737576176,0,0,0.0,-0.0028736842105263156,7233.666666666667,0
240000,1,2,32,0,0,0,0,0,0,89988,27329,21061,27585,18019,18116,18063,18008,27067,18046,10018,17038,0.37495,0.14034583333333334,0.8103023692241049,0.6609220636663008,0,0,0.0,0.29946666666666666,18040.0,0
50000,1,2,26,0,0,0,0,0,0,4041,1343,2174,3479,3006,810,1200,2500,3000,1000,900,48578,0.08082,0.04951,0.8693299644591204,0.8928571428571429,0,0,0.0,0.06462,9529.666666666666,0
50000,2,2,23,0,0,0,2,2,2,47053,47835,51109,51713,52738,48789,1842,4116,2000,1950,0,1885,0.94106,0.9974566666666668,0.03893750627388838,0.03850656409398779,3,2,-2.0,-0.03472,1965.5,1
20000,3,2,49,1,2,2,0,0,0,19481,18756,-3744,17105,17250,0,0,0,21200,345,0,0,0.97405,0.6049333333333333,0.2518660138911048,0.0,3,2,1.6666666666666667,0.97405,3590.8333333333335,4
60000,2,2,27,0,0,0,0,0,0,41546,45025,38840,31965,30297,29814,5845,2000,1812,1037,1218,1085,0.6924333333333333,0.6041305555555556,0.06261393905863452,0.12981388531070936,0,0,0.0,0.19553333333333334,2166.1666666666665,0
30000,2,1,22,1,2,2,0,0,0,14274,14367,13296,12516,0,0,1000,0,0,0,0,0,0.4758,0.30251666666666666,0.013919821826280623,0.06959910913140312,3,2,1.6666666666666667,0.4758,166.66666666666666,5
140000,1,1,51,0,0,0,0,0,0,56764,57950,57668,55024,55883,55744,2115,2004,1941,2073,1909,2132,0.40545714285714285,0.40361071428571427,0.035572236876145746,0.0364963503649635,0,0,0.0,0.007285714285714286,2029.0,0
10000,2,2,23,0,0,0,0,0,0,6969,7992,9106,9719,9917,0,1300,1400,1000,198,0,0,0.6969,0.7283833333333333,0.08784291488654475,0.16264231202302015,0,0,0.0,0.6969,649.6666666666666,2
10000,1,2,23,2,2,3,3,3,3,1050,1050,1050,1050,1050,1050,0,0,0,0,0,0,0.105,0.105,0.0,0.0,6,3,-0.6666666666666665,0.0,0.0,6
130000,1,2,27,0,0,0,0,0,0,58811,44572,10348,104698,88251,90189,1500,2753,110094,3002,3200,3100,0.4523923076923077,0.5088064102564103,0.2841388491985436,0.033652659681870194,0,0,0.0,-0.24136923076923078,20608.166666666668,0
150000,4,1,38,0,0,0,0,0,0,0,0,1597,-3,1764,718,0,1597,0,1767,718,0,0.0,0.004532222222222222,0.5998233083327982,0.0,0,0,0.0,-0.0047866666666666665,680.3333333333334,3
60000,2,1,23,0,0,0,0,2,2,59408,58844,43427,30408,30632,30021,2230,2000,4300,1000,0,2000,0.9901333333333333,0.7020555555555555,0.05159988881266908,0.03789616789871697,2,2,-1.3333333333333333,0.48978333333333335,1921.6666666666667,1
50000,2,2,31,0,0,0,0,0,0,48640,49483,40850,0,800,400,2000,3000,0,400,20000,10000,0.9728,0.46724333333333334,1.1226460999079124,0.040417104518632285,0,0,0.0,0.9648,5900.0,1
120000,1,2,32,1,0,0,0,0,0,0,0,0,0,0,0,0,0,0,0,0,0,0.0,0.0,0.0,0.0,1,1,0.3333333333333333,0.0,0.0,6
450000,1,2,37,0,0,0,0,0,0,16259,15026,17363,11708,11329,4749,6000,4000,6000,5000,2000,2092,0.036131111111111114,0.02830888888888889,0.40088563966632174,0.3992812936713915,0,0,0.0,0.02557777777777778,4182.0,0
80000,1,2,23,0,0,0,0,0,0,9183,9606,3158,2941,2313,1367,9643,3167,2953,3753,4,7949,0.1147875,0.05951666666666666,0.9269619082886743,1.0037472676173624,0,0,0.0,0.0977,4578.166666666667,0
50000,2,2,25,0,0,0,0,0,0,40407,31811,13898,0,0,0,1814,1000,0,0,0,0,0.80814,0.2870533333333333,0.025794025872212932,0.05702250722997611,0,0,0.0,0.80814,469.0,4
140000,1,2,32,0,0,0,0,0,0,12319,0,0,61,561,528,0,0,61,500,528,498,0.08799285714285714,0.01603452380952381,0.574332064775237,0.0,0,0,0.0,0.08422142857142857,264.5,2
140000,1,2,27,0,0,0,0,0,0,135249,138577,141555,110852,113639,95052,5500,5700,4200,4700,3800,4000,0.9660642857142857,0.8749095238095238,0.03983599521705294,0.039688839498333066,0,0,0.0,0.2871214285714286,4650.0,0
70000,2,2,25,0,0,0,0,0,0,34700,21597,3340,0,0,0,21597,3340,0,0,0,8535,0.4957142857142857,0.14199285714285714,0.3999308775666509,0.9999536994166126,0,0,0.0,0.4957142857142857,5578.666666666667,3
250000,1,2,35,0,0,0,0,0,0,964,69000,63462,45710,43537,38367,69032,2138,1566,1582,1318,1630,0.003856,0.17402666666666666,0.22781690389724477,1.0004492688511761,0,0,0.0,-0.149612,12877.666666666666,0
30000,2,2,28,0,0,0,0,0,0,25198,25988,27107,27450,29193,27372,1500,1600,1000,2100,1400,500,0.8399333333333333,0.901711111111111,0.055249263270005324,0.057716726307283854,0,0,0.0,-0.07246666666666667,1350.0,0
30000,2,2,22,0,0,2,0,0,0,30028,30566,30560,30194,30113,23212,2634,1000,1377,1211,1000,3690,1.0009333333333332,0.9704055555555556,0.04955790868270517,0.08617136127195996,1,2,0.6666666666666666,0.2272,1818.6666666666667,0
70000,2,1,58,0,0,0,0,0,0,138681,70341,23755,23835,25221,25780,3500,1508,588,1500,700,470,1.9811571428571428,0.7324119047619048,0.0449055677448831,0.04975690199311933,0,0,0.0,1.6128714285714285,1377.6666666666667,0
20000,2,2,25,0,0,0,2,0,0,1000,0,16668,16105,16496,16872,0,25464,0,800,800,800,0.05,0.5595083333333333,0.3247065649171016,0.0,1,2,-0.6666666666666666,-0.7936,4644.0,2
240000,2,1,44,0,0,0,0,0,0,23904,21643,19743,20298,15475,15852,1400,1400,1300,1000,1000,1000,0.0996,0.08119097222222221,0.0654657914825588,0.0646830530401035,0,0,0.0,0.03355,1183.3333333333333,0
330000,1,1,37,0,0,0,0,0,0,18807,15865,34284,2780,20247,1806,2087,10054,2840,21101,1814,1861,0.05699090909090909,0.047368181818181816,0.6984007496005914,0.1315391403000126,0,0,0.0,0.05151818181818182,6626.166666666667,0
150000,2,1,52,0,0,2,0,0,0,85404,91457,89151,90071,92565,98291,8400,0,3300,4000,7400,0,0.56936,0.60771,0.04939621750300714,0.0918454372498852,1,2,0.6666666666666666,-0.08591333333333333,3850.0,2
60000,3,2,26,0,2,0,0,0,0,4837,3642,6232,6444,3783,3219,0,6472,6444,3219,0,0,0.08061666666666667,0.07821388888888889,0.5777752482085019,0.0,1,2,0.6666666666666666,0.026966666666666667,2689.1666666666665,3
360000,3,2,38,0,0,0,0,0,0,1638,3060,0,0,1444,-1382,3060,0,0,1444,1382,0,0.00455,0.0028435185185185182,1.399796253570706,0.999673309376021,0,0,0.0,0.00455,981.0,3
320000,1,1,37,0,0,0,0,0,0,14515,0,0,0,0,13439,0,0,0,0,13439,0,0.045359375,0.014559375,0.19998511904761904,0.0,0,0,0.0,0.0033625,2239.8333333333335,5
130000,2,1,28,0,0,0,0,0,0,71983,71514,73274,3541,3333,3333,4000,7000,3600,3333,3333,3110,0.5537153846153846,0.2909974358974359,0.6334475813876571,0.05593232189051248,0,0,0.0,0.5280769230769231,4062.6666666666665,0
130000,3,2,53,0,0,0,0,0,0,100184,99001,88214,90167,90682,92672,4700,3200,3403,3300,3500,3300,0.7706461538461539,0.7191282051282052,0.039129433269046776,0.04747378840831498,0,0,0.0,0.057784615384615386,3567.1666666666665,0
50000,2,1,33,1,2,0,0,2,0,23250,22578,23611,25825,25111,25708,0,1397,2611,0,1000,1092,0.465,0.48694333333333334,0.03983227656068969,0.0,3,2,0.33333333333333337,-0.04916,1016.6666666666666,2
110000,1,1,51,0,0,0,0,0,0,103701,102318,92724,94573,65034,66241,3771,3656,3687,2476,2406,2427,0.9427363636363636,0.7948348484848484,0.03793245235644652,0.0368553250129497,0,0,0.0,0.34054545454545454,3070.5,0
20000,2,1,32,0,0,0,0,0,0,17106,18282,19424,19208,19600,20000,1458,1600,384,392,400,0,0.8553,0.9468333333333334,0.04442058075656807,0.07974621232839249,0,0,0.0,-0.1447,705.6666666666666,1
100000,2,2,30,1,0,0,0,2,0,0,0,0,1378,1209,3174,0,0,1378,0,2000,2000,0.0,0.009601666666666666,0.32583921933616167,0.0,2,2,-0.3333333333333333,-0.03174,896.3333333333334,3
150000,2,1,40,0,0,0,0,0,0,106396,105332,82191,77262,49851,6666,7041,3000,3116,2500,5000,0,0.7093066666666666,0.47522,0.1887571549713661,0.06684514824414,0,0,0.0,0.6648666666666667,3442.8333333333335,1
50000,2,2,22,0,0,0,0,0,0,49551,42517,35458,19778,19929,19790,1707,1321,687,705,811,874,0.99102,0.62341,0.03769756703586646,0.040147702149677784,0,0,0.0,0.59522,1017.5,0
10000,1,1,41,0,0,3,2,2,2,6859,9751,9451,9169,10056,8559,3000,0,0,1002,0,500,0.6859,0.8974166666666666,0.08145226026252494,0.30762920426579166,4,3,-1.0,-0.17,750.3333333333334,3
180000,2,1,40,0,0,0,0,0,0,899,2879,8750,9931,0,7760,2879,8750,9931,0,7760,3450,0.004994444444444445,0.027980555555555557,0.7998617942184969,0.9996527777777777,0,0,0.0,-0.03811666666666667,5461.666666666667,1
10000,2,1,31,0,0,0,2,0,0,6106,7199,10215,9943,9758,9335,1200,4442,0,1200,1200,0,0.6106,0.8759333333333333,0.17059458670151667,0.16666666666666666,1,2,-0.6666666666666666,-0.3229,1340.3333333333333,2
210000,1,2,33,0,0,0,0,0,0,27042,0,188,16464,13947,0,0,188,16476,0,0,0,0.12877142857142856,0.0457468253968254,0.3990754157046292,0.0,0,0,0.0,0.12877142857142856,2777.3333333333335,4
100000,3,2,32,2,2,0,0,0,0,103540,98205,12605,10437,7920,7350,254,1418,250,306,524,23910,1.0354,0.400095,0.04978755415663858,0.0025864000162922835,2,2,1.3333333333333333,0.9619,4443.666666666667,0
120000,1,2,30,0,0,0,0,0,0,3333,0,3333,0,984,984,0,3333,0,984,984,984,0.027775,0.011991666666666666,0.5995339206270421,0.0,0,0,0.0,0.019575,1047.5,2
600000,1,1,53,2,2,0,0,0,0,467150,458862,469703,447130,440982,434715,0,18000,16000,16000,21000,20000,0.7785833333333333,0.7551505555555555,0.0317391364064118,0.0,2,2,1.3333333333333333,0.05405833333333333,15166.666666666666,1
100000,2,1,44,0,0,0,2,0,0,11509,11119,12376,4419,2946,1473,1270,3000,0,0,0,3230,0.11509,0.07307,0.07131874043465397,0.11420863309352518,1,2,-0.6666666666666666,0.10036,1250.0,3
160000,1,2,33,1,0,2,0,0,0,-77,1598,1097,772,447,797,2000,0,0,0,1000,0,0.0,0.004907291666666667,0.5007829141333634,1.2507817385866167,2,2,1.0,-0.00498125,500.0,4
80000,1,2,56,0,0,0,0,0,0,89088,83558,84848,63373,20324,23749,3400,2983,1501,5000,5000,5000,1.1136,0.7602916666666667,0.11121199038747179,0.04068981198913343,0,0,0.0,0.8167375,3814.0,0
290000,2,1,37,0,0,0,0,0,0,48978,58858,36129,20369,29521,59219,20078,5017,509,29526,35000,93600,0.1688896551724138,0.1454448275862069,0.419223949109257,0.3411203044564128,0,0,0.0,-0.035313793103448274,30621.666666666668,0
200000,1,2,37,0,0,0,0,0,0,11211,12329,11846,25920,8035,8521,12329,11846,25924,161,8521,5538,0.056055,0.064885,0.8039735447157155,0.999918896999189,0,0,0.0,0.01345,10719.833333333334,0
50000,2,2,47,2,2,2,2,2,2,43439,44769,43781,45021,28660,27807,2341,0,2554,0,1800,0,0.86878,0.7782566666666667,0.034749375147832696,0.052289479562206836,6,2,0.0,0.31264,1115.8333333333333,3
120000,2,1,60,2,2,2,2,2,2,27497,27960,28996,29321,29803,30511,1200,1800,1100,1100,1350,1500,0.22914166666666666,0.2417888888888889,0.04473189724193209,0.042916919995708305,6,2,0.0,-0.025116666666666666,1341.6666666666667,0
200000,2,1,39,0,0,0,0,0,0,326,326,326,326,326,326,326,326,326,326,326,326,0.00163,0.00163,0.9969418960244647,0.9969418960244648,0,0,0.0,0.0,326.0,0
60000,2,1,30,0,0,0,0,0,0,65460,64128,62736,59133,57662,53059,2299,2232,2152,2226,1908,1933,1.091,1.00605,0.03647630654350463,0.035849615618518925,0,0,0.0,0.20668333333333333,2125.0,0
180000,2,1,37,0,0,0,0,0,0,175287,180811,184389,-261,-261,-261,8440,8500,174,0,0,0,0.9738166666666667,0.500450925925926,1.018555252476953,0.04667831781076477,0,0,0.0,0.9738166666666667,2852.3333333333335,3
280000,1,2,32,0,0,0,0,0,0,217798,202676,199490,181857,183324,177920,10050,10123,10001,6244,6315,7037,0.77785,0.6923005952380952,0.04497537970676635,0.04958628754126023,0,0,0.0,0.14242142857142856,8295.0,0
20000,2,1,34,1,2,2,0,0,0,16112,16851,16292,18010,18411,19455,1300,0,2000,1000,1500,1010,0.8056,0.8760916666666666,0.06391897494864603,0.07714217896985522,3,2,1.6666666666666667,-0.16715,1135.0,1
200000,2,1,32,0,0,0,0,0,0,3254,1988,2780,3107,6687,24524,1998,2795,3117,6700,24538,2797,0.01627,0.03528333333333333,1.0029558259753024,1.004524886877828,0,0,0.0,-0.10635,6990.833333333333,0
260000,1,2,32,0,0,0,0,0,0,-34,6846,1479,173,6326,369,6880,1486,174,6357,370,2500,0.0,0.009739102564102563,1.002723053355524,1.0048196290346136,0,0,0.0,-0.0014192307692307692,2961.1666666666665,0
20000,1,2,22,0,0,2,0,0,0,14028,16484,15800,16341,16675,0,3000,0,16741,334,0,0,0.7014,0.6610666666666667,0.24528560431174823,0.18198362147406733,1,2,0.6666666666666666,0.7014,3345.8333333333335,3
260000,2,1,28,0,0,0,0,0,0,711,711,5514,1989,711,8503,711,5514,0,711,8503,3011,0.002734615384615385,0.011627564102564101,0.7993784191703348,0.9985955056179775,0,0,0.0,-0.02996923076923077,3075.0,1
30000,3,1,67,2,2,0,0,0,0,26590,25869,26947,27529,24909,24576,0,1800,1370,1264,2078,836,0.8863333333333333,0.869,0.050370494625929144,0.0,2,2,1.3333333333333333,0.06713333333333334,1224.6666666666667,1
210000,2,2,25,0,0,0,0,0,0,461,6472,83589,73689,64854,66124,13966,80000,2326,2272,3661,0,0.002195238095238095,0.2342769841269841,0.647318281136379,2.1575776301560325,0,0,0.0,-0.3126809523809524,17037.5,1
30000,2,1,35,0,0,0,0,0,0,25078,25538,25880,25873,26157,26918,1500,1387,893,1000,1501,2000,0.8359333333333333,0.8635777777777778,0.04816552898105362,0.0587337013978621,0,0,0.0,-0.06133333333333333,1380.1666666666667,0
500000,1,2,31,0,0,0,0,0,0,258257,247282,197247,188044,210940,201108,25239,18011,13014,45049,20102,89442,0.516514,0.43429266666666666,0.11522027216696844,0.10206524508356822,0,0,0.0,0.114298,35142.833333333336,0
50000,2,2,31,0,0,0,0,0,0,51036,50718,48853,48739,9372,9736,1762,2314,1200,1000,1000,500,1.02072,0.72818,0.06322339038188429,0.034740432579506694,0,0,0.0,0.826,1296.0,0
140000,2,1,24,2,0,0,0,0,0,1536,696,696,696,696,696,696,696,696,696,696,696,0.010971428571428571,0.005971428571428571,0.9985652797704446,0.9985652797704447,1,2,0.6666666666666666,0.006,696.0,0
370000,1,1,45,0,0,0,0,0,0,123485,129885,134782,141002,145637,149281,10000,7000,10000,7000,6000,6000,0.3337432432432432,0.3712036036036036,0.057620633614794914,0.07699059174968818,0,0,0.0,-0.06971891891891892,7666.666666666667,0
210000,2,2,30,1,0,0,0,2,0,0,0,474,17171,16625,17030,0,474,17171,0,800,5000,0.0,0.04071428571428572,0.4089619338171467,0.0,2,2,-0.3333333333333333,-0.0810952380952381,3907.5,2
20000,4,2,22,0,0,0,0,0,0,17576,17632,18385,18657,8539,0,1500,1200,1000,1000,0,0,0.8788,0.6732416666666667,0.06420543059668529,0.0850677706572903,0,0,0.0,0.8788,783.3333333333334,2
20000,2,2,25,0,0,0,0,0,0,7561,8576,9621,10485,10700,10922,1144,1189,1053,268,277,358,0.37805,0.4822083333333333,0.08155485636729598,0.13337996968637053,0,0,0.0,-0.16805,714.8333333333334,0
130000,2,2,30,0,0,0,0,0,0,114838,111226,104301,84132,79043,78205,4224,4415,3600,5800,2000,2005,0.8833692307692308,0.7330064102564102,0.04440902571462649,0.03797639062457856,0,0,0.0,0.2817923076923077,3674.0,0
50000,1,1,41,1,2,0,0,0,0,48063,46565,38617,8999,8870,5876,0,1906,500,500,300,1000,0.96126,0.5233,0.042464132437170746,0.0,2,2,1.0,0.84374,701.0,1
280000,2,1,49,0,0,0,2,0,0,32311,32812,34943,33892,28005,22011,1429,2950,0,792,633,434,0.11539642857142857,0.10950833333333333,0.03700145921870349,0.043549812574284585,1,2,-0.6666666666666666,0.03678571428571428,1039.6666666666667,1
50000,1,2,26,0,0,0,0,0,0,41003,42032,42699,43617,44509,45420,1733,1400,1300,1271,1300,4500,0.82006,0.8642666666666667,0.03219942157314315,0.041229510146789425,0,0,0.0,-0.08834,1917.3333333333333,0
80000,2,2,32,0,0,0,0,0,0,78239,80426,81767,78340,36895,39079,4500,5009,5000,2000,4000,1500,0.9779875,0.8223875,0.0675188293557956,0.05595135961803872,0,0,0.0,0.4895,3668.1666666666665,0
70000,2,1,49,0,0,0,0,0,0,59156,54472,51258,48564,47512,48164,2020,2011,2013,2001,2000,2201,0.8450857142857143,0.7360142857142857,0.04028060952885808,0.037082591375543844,0,0,0.0,0.15702857142857143,2041.0,0
110000,2,2,34,0,0,0,0,0,0,0,576,0,0,0,0,576,0,0,0,0,0,0.0,0.0008727272727272727,0.1996533795493934,0.9982668977469671,0,0,0.0,0.0,96.0,5
180000,2,2,25,2,2,2,0,0,0,10022,12847,12351,12350,12608,12892,3000,0,500,455,491,500,0.05567777777777778,0.06765740740740742,0.06962998915011834,0.23349937733499376,3,2,2.0,-0.015944444444444445,824.3333333333334,1
240000,2,1,38,0,0,0,0,0,0,132090,143966,155632,162379,156655,157536,20030,20000,10070,10037,13137,10052,0.550375,0.6307347222222223,0.09542236723017326,0.139129105975675,0,0,0.0,-0.106025,13887.666666666666,0
20000,2,1,26,0,0,0,0,0,0,73404,75132,77264,74319,9968,10769,2600,2500,2000,1000,1000,1000,3.6702,2.6738,0.05740672160302529,0.03460529993478232,0,0,0.0,3.13175,1683.3333333333333,0
500000,2,2,28,0,0,0,0,0,0,72620,873,8596,6418,6243,1984,873,8596,275,300,1984,27014,0.14524,0.032244666666666665,0.6178246851284442,0.9988558352402745,0,0,0.0,0.141272,6507.0,0
60000,1,2,24,0,0,0,0,0,0,15050,16203,16891,15474,14612,16354,2000,1300,2000,1000,2000,1000,0.25083333333333335,0.2627333333333333,0.10406910262389135,0.12342631449024932,0,0,0.0,-0.021733333333333334,1550.0,0
500000,1,1,43,0,0,0,0,0,0,4125,5840,4464,8722,4137,4123,5864,4465,8724,0,4123,7124,0.00825,0.010470333333333333,0.8007619676672995,1.0039376819037835,0,0,0.0,4e-06,5050.0,1
70000,2,1,43,0,0,0,0,0,0,71037,71880,71927,71370,71003,71411,3352,3400,2900,2900,2900,2558,1.0148142857142857,1.0205428571428572,0.04319741228920072,0.04663262892836772,0,0,0.0,-0.005342857142857143,3001.6666666666665,0
120000,1,2,30,0,0,0,0,0,2,179,1403,0,0,473,323,1403,0,0,473,0,9438,0.0014916666666666667,0.0033027777777777777,0.3994356089292798,0.9992877492877493,1,2,-0.6666666666666666,-0.0012,1885.6666666666667,3
120000,1,2,39,0,0,0,0,0,0,28724,-72,-72,-72,-72,-72,0,0,0,0,0,0,0.23936666666666667,0.03989444444444444,0.0,0.0,0,0,0.0,0.23936666666666667,0.0,6
260000,2,2,30,0,0,0,0,0,0,19674,17810,19753,21550,21032,19979,2000,3000,3000,3000,3000,3000,0.07566923076923077,0.07679358974358974,0.1392291933157009,0.11229015776767166,0,0,0.0,-0.0011730769230769232,2833.3333333333335,0
20000,3,3,44,1,4,3,2,0,0,11027,10710,10398,10000,10000,10000,0,0,0,0,0,0,0.55135,0.5177916666666667,0.0,0.0,4,4,2.0,0.05135,0.0,6
200000,1,2,37,0,0,0,0,0,0,83000,62084,64610,60567,52122,50610,2500,5000,2509,2000,2000,2000,0.415,0.3108275,0.04739319427942176,0.04026737537247322,0,0,0.0,0.16195,2668.1666666666665,0
140000,1,2,27,0,0,0,0,0,0,25001,138430,135573,98172,93677,95276,141472,8000,5075,4000,4000,5000,0.17857857142857142,0.6977726190476191,0.24347055097905396,1.0219676228590417,0,0,0.0,-0.5019642857142858,27924.5,0
360000,3,2,39,1,0,0,0,0,0,0,0,271,-1,560,0,0,271,0,561,0,0,0.0,0.0003847222222222222,0.39926470588235297,0.0,1,1,0.3333333333333333,0.0,138.66666666666666,4
410000,2,1,46,2,2,2,2,2,0,71532,73643,72083,76603,74964,76370,3700,0,6147,0,2577,2747,0.17446829268292682,0.18097357723577237,0.032845745918165435,0.050241703329531255,5,2,0.6666666666666667,-0.0118,2528.5,2
110000,1,1,28,0,0,0,0,0,2,109474,110723,111125,106828,84729,82910,11602,4238,4316,11190,0,3000,0.9952181818181818,0.9178621212121212,0.06307750658783265,0.10478306419565767,1,2,-0.6666666666666666,0.2414909090909091,5724.333333333333,1
350000,2,2,32,0,0,0,0,0,0,10362,42541,10723,1310,7796,5225,42541,10723,1310,7796,0,0,0.029605714285714287,0.037122380952380955,0.7997984428133564,0.9999764938178741,0,0,0.0,0.014677142857142857,10395.0,2
200000,1,1,40,0,0,0,0,0,0,390,394,388,822,386,540,400,390,830,400,550,310,0.00195,0.0024333333333333334,1.0147923961043583,1.0126582278481013,0,0,0.0,-0.00075,480.0,0
360000,2,1,51,0,0,0,0,0,0,19155,1473,1430,18697,659,781,1473,1430,18740,659,781,1557,0.05320833333333334,0.01953472222222222,0.9996150135156944,0.9993215739484396,0,0,0.0,0.05103888888888889,4106.666666666667,0
180000,1,2,29,0,0,0,0,0,0,100,0,0,0,0,0,0,0,0,0,0,0,0.0005555555555555556,9.25925925925926e-05,0.0,0.0,0,0,0.0,0.0005555555555555556,0.0,6
150000,2,1,38,0,0,0,0,0,0,5195,4177,7444,19997,4095,52207,4185,7447,20013,4095,25869,0,0.034633333333333335,0.1034611111111111,0.899589757596247,1.001675442795596,0,0,0.0,-0.3134133333333333,10268.166666666666,1
140000,1,2,24,0,0,0,0,0,0,124722,77682,77870,19353,8966,14300,3645,2322,387,1000,14300,2900,0.8908714285714285,0.3843964285714286,0.24163719361519148,0.04692146286832383,0,0,0.0,0.7887285714285714,4092.3333333333335,0
130000,2,2,34,0,0,0,0,2,0,99593,100415,103618,107525,104042,100190,4050,5600,7800,0,3900,3100,0.7661,0.7889525641025641,0.04116852145886028,0.04033221797323136,1,2,-0.6666666666666666,-0.004592307692307692,4075.0,1
30000,1,1,38,0,0,2,0,0,0,27429,29085,29282,29270,29078,28652,2403,1200,588,588,574,0,0.9143,0.9599777777777777,0.03678764010865597,0.08261706662999381,1,2,0.6666666666666666,-0.040766666666666666,892.1666666666666,1
80000,2,1,27,0,0,0,0,0,0,42037,43134,44223,43032,43599,41557,2100,2100,2000,2293,1700,2000,0.5254625,0.5366291666666667,0.04722885586570828,0.048684363046250144,0,0,0.0,0.006,2032.1666666666667,0
200000,1,1,41,0,0,0,0,0,0,10529,1936,25483,16767,19941,19665,1940,25513,4767,7541,19665,5633,0.052645,0.07860083333333333,0.733014807874148,1.001548786783686,0,0,0.0,-0.04568,10843.166666666666,0
100000,1,2,41,0,0,0,0,0,0,31452,32453,33490,34926,35771,36366,1527,1564,2000,1426,1320,1333,0.31452,0.34076333333333336,0.04543456741456694,0.04705121094472176,0,0,0.0,-0.04914,1528.3333333333333,0
290000,3,1,46,0,0,0,0,0,0,73612,44236,3253,766,168322,169676,2207,1000,766,168342,7000,5100,0.2538344827586207,0.2642902298850575,0.47945367806381345,0.04989036327056536,0,0,0.0,-0.3312551724137931,30735.833333333332,0
180000,2,1,31,1,0,2,0,0,0,0,200,100,300,200,499,200,0,300,0,399,100,0.0,0.0012027777777777779,0.5579405232971355,0.9950248756218906,2,2,1.0,-0.0027722222222222224,166.5,2
80000,3,2,55,0,0,0,0,0,0,78009,78616,49662,48867,48278,46773,2420,2000,1656,1693,1767,1581,0.9751125,0.72959375,0.03555703723995115,0.030782146355114035,0,0,0.0,0.39045,1852.8333333333333,0
470000,3,2,31,0,0,2,0,0,0,8748,2442,2272,6040,6655,1200,3500,11,6080,6688,1206,0,0.01861276595744681,0.009701063829787235,0.8905861900294425,1.4326647564469914,1,2,0.6666666666666666,0.016059574468085105,2914.1666666666665,1
200000,1,1,42,2,2,2,2,2,2,168289,172001,175281,177895,180078,184048,8000,7500,7000,6600,7000,7100,0.841445,0.8813266666666667,0.04066640875910965,0.04651108708038278,6,2,0.0,-0.078795,7200.0,0
240000,2,2,26,0,0,0,0,0,0,141315,128940,124226,113133,113966,103360,6349,5834,3870,4000,3825,3520,0.5888125,0.5034305555555555,0.04050266273711188,0.049239574689198935,0,0,0.0,0.15814583333333335,4566.333333333333,0
140000,2,1,48,0,0,0,0,0,0,248822,246595,249664,253418,258909,255232,10000,10200,9000,9000,10000,10000,1.7773,1.8007619047619048,0.038172442081007465,0.04055215818585865,0,0,0.0,-0.045785714285714284,9700.0,0
20000,1,2,24,0,0,0,0,0,0,19403,18989,18914,19883,19293,19993,1300,1332,1301,700,1000,900,0.97015,0.970625,0.05812051772027428,0.06845708267509215,0,0,0.0,-0.0295,1088.8333333333333,0
120000,2,1,28,0,0,0,0,0,0,96833,78920,74310,75710,77503,73945,3000,5000,3000,3000,4000,1500,0.8069416666666667,0.6628069444444444,0.04754461084224563,0.03801269624054434,0,0,0.0,0.19073333333333334,3250.0,0
260000,2,2,28,0,0,0,0,0,0,75841,69490,67107,28081,12767,4200,3008,2005,3036,5000,2200,1000,0.2916961538461538,0.16505512820512822,0.21931283972032603,0.04328618094429494,0,0,0.0,0.2755423076923077,2708.1666666666665,0
300000,1,1,40,0,0,0,0,0,0,5649,5649,5649,5699,5466,19878,5649,5649,5699,5616,20272,0,0.01883,0.02666111111111111,1.0092989241849544,0.9998230088495575,0,0,0.0,-0.04743,7147.5,1
160000,3,3,36,0,0,0,0,0,0,9330,31745,22829,6000,6000,0,31745,1049,6000,6000,0,4345,0.0583125,0.07906666666666666,0.6091167071607783,0.9999684999685,0,0,0.0,0.0583125,8189.833333333333,1
180000,3,1,34,0,0,0,0,0,0,16386,15793,8441,7142,-679,8321,8500,1500,7500,679,9000,2000,0.09103333333333333,0.0519287037037037,1.5694623739099525,0.5381790553374699,0,0,0.0,0.04480555555555556,4863.166666666667,0
450000,1,2,35,0,0,0,0,0,0,7256,812,17563,12483,26081,22985,816,17651,12554,26212,23114,2512,0.016124444444444445,0.03228888888888889,1.004960683001584,1.003690036900369,0,0,0.0,-0.034953333333333336,13809.833333333334,0
110000,2,1,41,0,0,0,0,0,0,108936,111169,108740,0,0,0,3991,2375,0,0,0,0,0.9903272727272727,0.49825,0.011548172199167307,0.03589997301430242,0,0,0.0,0.9903272727272727,1061.0,4
200000,1,2,31,0,0,0,0,0,0,1570,0,0,0,0,0,0,0,0,0,0,0,0.00785,0.0013083333333333334,0.0,0.0,0,0,0.0,0.00785,0.0,6
300000,2,2,30,0,0,0,0,0,2,8805,2186,0,290,707,161,2186,0,290,1209,0,7705,0.02935,0.006749444444444444,0.7407466890312803,0.9995427526291724,1,2,-0.6666666666666666,0.028813333333333333,1898.3333333333333,2
30000,1,2,22,0,0,2,0,0,0,28000,30463,29697,29760,21061,1894,3703,0,1000,421,1894,5514,0.9333333333333333,0.7826388888888889,0.23492304617596754,0.12155330882352941,1,2,0.6666666666666666,0.8702,2088.6666666666665,1
280000,3,2,38,0,0,0,0,0,0,192080,197796,314042,116480,118270,124742,5716,117698,3884,3376,7503,3591,0.686,0.6329821428571428,0.10514363144737196,0.028898314939053676,0,0,0.0,0.24049285714285715,23628.0,0
80000,2,2,25,0,0,0,0,0,0,69816,71257,72812,74305,75872,77554,2600,2700,2700,2800,2900,4300,0.8727,0.9200333333333334,0.03684024887385277,0.0364871312694715,0,0,0.0,-0.096725,3000.0,0
150000,1,2,29,0,0,2,0,0,0,108817,83654,79713,64468,66488,58131,7500,0,4000,4000,4000,3500,0.7254466666666667,0.5125233333333333,0.05613370096498995,0.08965393580778196,1,2,0.6666666666666666,0.3379066666666667,3833.3333333333335,1
200000,3,2,33,0,0,0,0,0,0,181542,173731,152447,119730,122537,109504,7100,5354,4363,4816,4381,3330,0.90771,0.7162425,0.038347426918855496,0.040867543112379986,0,0,0.0,0.36019,4890.666666666667,0
140000,3,1,45,2,2,2,2,2,2,78663,76839,80561,83643,82183,90823,0,5000,5000,0,10000,0,0.5618785714285714,0.5865619047619048,0.04638884152798842,0.0,6,2,0.0,-0.08685714285714285,3333.3333333333335,3
130000,2,2,22,0,0,0,0,0,0,120479,98341,132260,127335,51104,50536,5601,103012,3965,3508,3011,3033,0.9267615384615384,0.7436602564102563,0.19903388519621684,0.05695430233267577,0,0,0.0,0.5380230769230769,20355.0,0
210000,2,1,29,0,0,0,0,0,0,42140,31938,45502,41704,40509,41305,2000,20020,1672,1600,1600,2000,0.20066666666666666,0.19293492063492065,0.12418263771956131,0.06261936817057516,0,0,0.0,0.003976190476190476,4815.333333333333,0
40000,2,1,32,0,0,0,0,0,0,40368,38623,67203,39764,39583,39839,1603,2000,2014,2503,2103,2221,1.0092,1.10575,0.047585828830429625,0.041502692626346316,0,0,0.0,0.013225,2074.0,0
140000,2,1,30,1,0,0,0,0,0,0,0,0,0,0,0,0,0,0,0,0,0,0.0,0.0,0.0,0.0,1,1,0.3333333333333333,0.0,0.0,6
50000,2,1,29,0,0,0,0,0,0,47555,47531,46604,47982,29667,30449,1932,2005,2383,1068,1266,1045,0.9511,0.8326266666666667,0.042181119149497306,0.04064630143903055,0,0,0.0,0.34212,1616.5,0
300000,2,2,42,0,0,0,0,0,0,28077,1063,11510,10310,0,0,1500,11516,0,0,0,7000,0.09359,0.028311111111111113,0.48204176064346427,1.4097744360902256,0,0,0.0,0.09359,3336.0,3
210000,1,2,28,0,0,0,0,0,0,2670,262,3771,5474,69536,76188,262,3771,5474,69536,10000,4000,0.012714285714285714,0.12531825396825397,0.8253976242134764,0.9961977186311787,0,0,0.0,-0.3500857142857143,15507.166666666666,0
160000,1,1,51,0,0,0,0,0,0,63406,64176,2348,2447,10968,10934,2901,2348,2447,10968,531,208,0.3962875,0.16070729166666667,0.6185674810231323,0.04520311014849557,0,0,0.0,0.32795,3233.8333333333335,0
240000,2,1,34,0,0,0,0,0,0,65883,66386,67444,68461,69423,70843,3000,3038,3057,3000,3000,3500,0.2745125,0.2836388888888889,0.044089094866153124,0.04518957024718695,0,0,0.0,-0.020666666666666667,3099.1666666666665,0
180000,2,2,30,0,0,0,0,0,0,10000,10000,10970,12786,10300,10000,10000,10970,12786,10300,10000,11080,0.05555555555555555,0.05931111111111111,0.9999067176448353,0.9999000099990001,0,0,0.0,0.0,10856.0,0
20000,1,2,23,0,0,0,0,0,0,6916,13914,10130,6165,6165,6315,14000,1145,950,0,150,6000,0.3458,0.413375,0.2593895759927455,1.006108515989939,0,0,0.0,0.03005,3707.5,1
170000,2,2,27,0,0,0,0,0,2,168858,171530,164509,128279,139968,127502,7000,6500,8000,15462,2163,4300,0.9932823529411765,0.8829862745098038,0.054023086010176545,0.040808949985716866,1,2,-0.6666666666666666,0.24327058823529413,7237.5,0
260000,1,1,34,0,0,0,0,0,0,49657,291,51058,2351,34039,291,291,51058,35696,34039,291,291,0.19098846153846155,0.08826089743589743,1.79862034450849,0.9965753424657534,0,0,0.0,0.18986923076923076,20277.666666666668,0
100000,2,1,41,2,2,2,2,2,2,68786,69604,67887,72744,73932,75560,2500,0,6000,2500,3000,3000,0.68786,0.7141883333333333,0.03838285528755881,0.035916959988506574,6,2,0.0,-0.06774,2833.3333333333335,1
160000,1,1,28,1,3,2,0,0,0,4529,4269,1170,780,780,0,0,0,0,0,0,0,0.02830625,0.012008333333333333,0.0,0.0,3,3,2.0,0.02830625,0.0,6
50000,2,2,44,0,0,0,0,0,0,20995,21743,22300,4067,1290,0,3000,3007,1000,1290,0,0,0.4199,0.23465,0.30357050933808893,0.13796909492273732,0,0,0.0,0.4199,1382.8333333333333,2
270000,3,1,30,0,0,0,0,0,0,3842,3934,0,0,3353,764,3934,0,0,3353,764,35532,0.01422962962962963,0.007341358024691358,0.599628105878095,0.9997458703939008,0,0,0.0,0.0114,7263.833333333333,2
70000,1,2,28,1,3,2,2,0,0,72605,70859,71946,69337,29949,29380,0,2800,0,1200,1200,1200,1.0372142857142856,0.8192285714285714,0.023965407193977096,0.0,4,3,1.3333333333333335,0.6175,1066.6666666666667,2
210000,2,1,44,1,0,0,0,0,0,0,0,0,0,0,0,0,0,0,0,0,0,0.0,0.0,0.0,0.0,1,1,0.3333333333333333,0.0,0.0,6
50000,2,1,36,0,0,0,0,0,0,3477,1909,1726,991,5777,5968,1909,1726,991,5782,5968,2045,0.06954,0.06616,0.9996828170590005,0.9994764397905759,0,0,0.0,-0.04982,3070.1666666666665,0
200000,3,3,36,0,0,0,0,0,0,5644,82620,14129,41359,9140,0,89187,14178,41359,9140,0,0,0.02822,0.12741,0.8165469546560921,1.0794713208506312,0,0,0.0,0.02822,25644.0,2
90000,3,1,41,0,0,0,0,0,0,2833,6003,7598,5036,4750,3007,5000,3500,4500,4300,0,1500,0.03147777777777778,0.054124074074074074,0.618365321100313,0.832778147901399,0,0,0.0,-0.0019333333333333333,3133.3333333333335,1
30000,1,2,22,0,0,0,0,0,0,8066,4869,3781,1991,3951,2612,4869,4000,1991,3951,2612,2668,0.26886666666666664,0.1403888888888889,1.011259674878313,0.999794661190965,0,0,0.0,0.1818,3348.5,0
200000,3,1,67,0,0,0,0,0,0,188072,166668,159513,150852,151996,147690,17014,15019,15000,15000,10000,10000,0.94036,0.8039925,0.09241339117329246,0.10208257084400818,0,0,0.0,0.20191,13672.166666666666,0
150000,2,1,24,1,0,0,0,0,0,-122,16711,8004,521,3776,165,16924,8004,521,3776,165,356,0.0,0.032418888888888886,1.0008712015877848,1.0126854954523696,1,1,0.3333333333333333,-0.0011,4957.666666666667,0
100000,2,2,30,1,0,0,0,0,0,-4,-4,-4,-4,-4,-4,0,0,0,0,0,0,0.0,0.0,0.0,0.0,1,1,0.3333333333333333,0.0,0.0,6
210000,1,1,34,0,0,0,0,0,0,201324,207222,209189,106090,108300,87404,10646,8601,3601,3719,3300,3400,0.9586857142857143,0.7297849206349207,0.03970553077964602,0.05137460610067415,0,0,0.0,0.5424761904761904,5544.5,0
50000,2,1,39,2,2,2,2,2,2,31476,30676,33261,32427,34579,35476,0,3400,0,2700,1600,1500,0.62952,0.65965,0.04507964101289811,0.0,6,2,0.0,-0.08,1533.3333333333333,2
300000,1,1,40,0,0,0,0,0,0,1529,3717,4541,5620,25,25,3717,4541,5620,25,0,7140,0.005096666666666667,0.008587222222222222,0.7921742856232753,0.9997310381925767,0,0,0.0,0.005013333333333333,3507.1666666666665,1
210000,2,1,36,0,0,0,0,0,0,2853,8028,10827,5385,1187,1552,8037,6018,5388,1191,1554,1870,0.013585714285714286,0.023676190476190476,0.9120636392856273,1.0009963880931623,0,0,0.0,0.006195238095238096,4009.6666666666665,0
70000,2,1,34,0,0,0,0,0,0,43662,44733,45775,46911,48128,51182,1800,1764,1900,2000,4000,2000,0.6237428571428572,0.667597619047619,0.047796125592306095,0.04023785040461394,0,0,0.0,-0.10742857142857143,2244.0,0
360000,2,2,28,1,0,0,0,0,0,0,0,0,0,0,0,0,0,0,0,0,0,0.0,0.0,0.0,0.0,1,1,0.3333333333333333,0.0,0.0,6
20000,2,1,23,1,2,2,2,2,3,7979,8700,9907,9599,14422,18885,1000,1500,0,5000,5000,900,0.39895,0.5791,0.1755474041794031,0.11492931846914148,6,3,-0.6666666666666667,-0.5453,2233.3333333333335,1
50000,2,2,48,0,0,0,0,0,0,23694,22500,20279,19816,18711,17598,1635,1360,1233,601,591,736,0.47388,0.40866,0.05352875359808708,0.07266343718056975,0,0,0.0,0.12192,1026.0,0
150000,1,2,25,0,0,0,0,0,0,132684,128111,120509,74837,74391,66932,5713,12137,9005,2528,3119,2548,0.88456,0.6638488888888888,0.06924299699571874,0.04459379293118521,0,0,0.0,0.43834666666666666,5841.666666666667,0
230000,1,2,30,0,0,0,0,0,0,0,0,846,846,0,846,0,846,846,0,846,500,0.0,0.0018391304347826086,0.5992916174734357,0.0,0,0,0.0,-0.003678260869565217,506.3333333333333,2
90000,3,2,34,0,0,0,0,0,0,74012,76777,78594,39209,40057,40744,4600,4300,2700,1500,1400,2000,0.8223555555555555,0.647024074074074,0.05105791759685833,0.0599129959102868,0,0,0.0,0.36964444444444444,2750.0,0
90000,2,2,27,0,0,2,0,0,0,97973,100442,89242,82784,53609,49048,12500,2,5085,5000,3000,1004,1.0885888888888888,0.8761074074074074,0.06806495644237612,0.12444869229314139,1,2,0.6666666666666666,0.5436111111111112,4431.833333333333,0
200000,1,1,38,1,0,0,0,0,0,0,0,0,0,0,0,0,0,0,0,0,0,0.0,0.0,0.0,0.0,1,1,0.3333333333333333,0.0,0.0,6
90000,2,1,52,2,2,2,2,2,2,90603,92152,86671,91280,85868,91047,3900,0,6800,0,6500,0,1.0067,0.9955944444444444,0.03764141549375648,0.0423209228131477,6,2,0.0,-0.004933333333333333,2866.6666666666665,3
30000,3,1,46,0,0,0,0,0,2,9847,10857,11877,12891,13960,14082,1181,1201,1215,1284,490,0,0.3282333333333333,0.4084111111111111,0.0861775463837681,0.10876772886351077,1,2,-0.6666666666666666,-0.14116666666666666,895.1666666666666,1
500000,2,2,43,0,0,0,0,0,0,43346,43976,39032,29092,22725,11590,4006,2383,1126,782,596,1572,0.086692,0.06325366666666667,0.05533531534431093,0.09109307137822044,0,0,0.0,0.063512,1744.1666666666667,0
300000,2,2,25,0,0,0,0,0,0,780,390,334,780,2590,1490,390,334,780,2590,1490,11813,0.0026,0.0035355555555555557,0.9984240657406648,0.9974424552429667,0,0,0.0,-0.0023666666666666667,2899.5,0
50000,2,2,38,0,0,0,0,0,0,33801,27027,24459,23161,22282,20537,1433,1319,773,787,757,615,0.67602,0.5042233333333334,0.042498881204869485,0.05301909131271274,0,0,0.0,0.26528,947.3333333333334,0
50000,2,1,51,0,0,0,0,0,0,49083,49462,50004,17751,17725,17688,2238,2170,617,631,635,614,0.98166,0.6723766666666667,0.03897873844133126,0.04524594141075147,0,0,0.0,0.6279,1150.8333333333333,0
20000,2,2,26,1,2,2,2,0,0,16167,15615,18047,17322,17122,0,0,3000,0,0,0,0,0.80835,0.702275,0.03324468085106383,0.0,4,2,1.0,0.80835,500.0,5
40000,1,2,24,0,0,0,0,0,0,19133,0,0,0,0,0,0,0,0,0,0,0,0.478325,0.07972083333333334,0.0,0.0,0,0,0.0,0.478325,0.0,6
70000,1,2,24,0,0,0,0,0,0,65920,67413,68623,68867,70179,67976,3150,3000,2250,2400,2350,2400,0.9417142857142857,0.9737571428571429,0.03837643481001341,0.04672619930578218,0,0,0.0,-0.029371428571428573,2591.6666666666665,0
50000,2,2,26,0,0,0,0,0,0,33428,34385,35796,-229,-229,-229,1800,2100,0,0,0,0,0.66856,0.34536333333333336,0.022202203845257496,0.05234688536032106,0,0,0.0,0.66856,650.0,4
10000,2,2,38,2,2,3,3,3,3,1050,1050,1050,1050,1050,1050,0,0,0,0,0,0,0.105,0.105,0.0,0.0,6,3,-0.6666666666666665,0.0,0.0,6
220000,1,1,34,0,0,0,0,0,0,2774,5152,6615,15799,13526,8726,5162,6615,15799,1526,0,2287,0.012609090909090908,0.03984242424242425,0.6228687059487295,1.0017465554046188,0,0,0.0,-0.027054545454545456,5231.5,1
120000,2,2,26,0,0,0,0,0,0,1682,1929,1682,1682,1682,1682,1929,1682,1682,1682,1682,1674,0.014016666666666667,0.014359722222222223,0.9994210314051827,0.9994818652849741,0,0,0.0,0.0,1721.8333333333333,0
30000,3,1,41,0,0,0,0,0,0,0,18393,7501,11216,14333,0,18393,7501,11216,14387,0,0,0.0,0.28579444444444446,0.8006841377407572,0.999945634446015,0,0,0.0,0.0,8582.833333333334,2
470000,3,1,39,1,0,0,0,0,0,0,0,0,0,0,0,0,0,0,0,0,789,0.0,0.0,0.0,0.0,1,1,0.3333333333333333,0.0,131.5,5
360000,1,2,33,0,0,0,0,0,0,1616,3700,6562,3730,420,699,3700,6562,0,0,699,6041,0.004488888888888889,0.007743981481481482,0.5996297723968305,0.9997298027560119,0,0,0.0,0.0025472222222222224,2833.6666666666665,2
50000,2,1,38,2,2,2,2,0,0,50965,50956,50603,49788,37353,0,1101,1500,39,1280,0,0,1.0193,0.7988833333333333,0.01725968575653839,0.021606452499165964,4,2,1.3333333333333335,1.0193,653.3333333333334,2
110000,1,2,37,2,2,2,2,2,2,600,600,600,600,600,600,0,0,0,0,0,0,0.005454545454545455,0.005454545454545455,0.0,0.0,6,2,0.0,0.0,0.0,6
110000,1,2,29,1,0,0,0,0,0,0,0,0,9150,1960,3930,0,0,9150,0,3930,0,0.0,0.022787878787878788,0.3999272668258082,0.0,1,1,0.3333333333333333,-0.035727272727272726,2180.0,4
120000,1,2,26,0,0,0,0,0,0,11513,12227,13321,15090,16836,18554,1206,1300,2000,2000,2000,2000,0.09594166666666666,0.12158472222222222,0.11106240739224912,0.0986261040235525,0,0,0.0,-0.058675,1751.0,0
50000,2,2,24,0,0,0,0,2,0,8587,9941,10950,11519,11191,11903,1500,1481,1050,0,903,333,0.17174,0.21363666666666667,0.09062331091751472,0.15087507543753773,1,2,-0.6666666666666666,-0.06632,877.8333333333334,1
330000,2,1,43,0,0,0,0,0,0,13200,9843,15440,45033,64723,3784,9863,15440,35033,30000,3874,25349,0.04,0.07677929292929293,0.8533618292412605,1.0019301097114994,0,0,0.0,0.028533333333333334,19926.5,0
50000,1,2,23,0,0,0,0,0,0,45345,46403,38343,32214,17292,7501,2010,2046,1866,310,300,483,0.9069,0.62366,0.0425026578281619,0.04331523144556504,0,0,0.0,0.75688,1169.1666666666667,0
240000,2,2,48,0,0,0,0,0,0,234312,231407,233781,220150,190170,194018,9454,10128,8012,6500,7000,7000,0.9763,0.9054430555555556,0.038165713669448265,0.04085424877273042,0,0,0.0,0.16789166666666666,8015.666666666667,0
80000,1,2,27,0,0,0,0,0,0,42653,46609,47306,51179,52073,52833,5000,1801,5000,2035,2100,6200,0.5331625,0.60969375,0.06437282811003171,0.10727311735679039,0,0,0.0,-0.12725,3689.3333333333335,0
170000,2,2,41,0,0,0,0,0,0,162500,122372,66038,67934,69834,71668,4781,3000,3000,3000,3000,3000,0.9558823529411765,0.5493588235294118,0.042694828081010765,0.03906907569480196,0,0,0.0,0.5343058823529412,3296.8333333333335,0
30000,2,3,54,0,0,0,0,0,0,26302,26873,28138,27074,13275,12500,2000,1719,1613,271,2250,0,0.8767333333333334,0.7453444444444444,0.07909691895722568,0.07442137381856069,0,0,0.0,0.4600666666666667,1308.8333333333333,1
110000,2,1,33,0,0,0,0,0,2,184406,169795,154733,138071,126242,123449,7400,6700,4700,7800,0,117880,1.6764181818181818,1.358630303030303,0.036541527942269295,0.04358170981648567,1,2,-0.6666666666666666,0.5541545454545455,24080.0,1
120000,2,2,28,0,0,0,0,0,0,70124,71355,72962,58163,33358,16829,3000,2830,1600,3600,300,1000,0.5843666666666667,0.44832083333333334,0.04681602762449216,0.04204271539884523,0,0,0.0,0.444125,2055.0,0
80000,2,2,31,0,0,0,0,0,0,73414,69998,72368,77505,78845,74182,3000,3500,7000,3100,3000,3000,0.917675,0.9298166666666666,0.05225885502470469,0.0428577551107873,0,0,0.0,-0.0096,3766.6666666666665,0
360000,1,1,41,1,0,0,0,0,0,0,105,0,0,71,77,105,0,0,71,77,100,0.0,0.00011712962962962963,0.5927713272052895,0.9905660377358491,1,1,0.3333333333333333,-0.0002138888888888889,58.833333333333336,2
200000,2,1,31,0,2,0,0,0,0,3850,2025,1926,3263,1580,16874,6,1931,3267,7,17894,2508,0.01925,0.024598333333333333,0.6141538292493878,0.0029615004935834156,1,2,0.6666666666666666,-0.06512,4268.833333333333,0
360000,1,2,25,0,0,0,0,0,0,279846,169426,68810,12800,0,0,7004,1793,2757,0,0,0,0.77735,0.2457787037037037,0.05655400344970392,0.04133933788593318,0,0,0.0,0.77735,1925.6666666666667,3
500000,1,2,38,0,0,0,0,0,0,0,2326,1164,0,0,0,2326,1164,0,0,0,28666,0.0,0.0011633333333333333,0.39974237860827644,0.9995702621400946,0,0,0.0,0.0,5359.333333333333,3
240000,2,1,49,0,0,0,0,0,0,18045,17401,47608,12279,75882,90611,17409,47622,12279,75882,90611,61411,0.0751875,0.1818236111111111,1.0001139325513955,1.0004022526146419,0,0,0.0,-0.30235833333333334,50869.0,0
120000,2,2,23,0,0,0,0,0,0,436,1476,475,804,245,100,1480,478,804,245,144,0,0.0036333333333333335,0.004911111111111112,1.0853336244931366,1.002031144211239,0,0,0.0,0.0028,525.1666666666666,1
30000,1,1,24,0,0,0,0,0,0,9280,2643,3415,2250,2486,844,2643,3415,2250,2486,844,0,0.30933333333333335,0.11621111111111111,0.9994598550601215,0.9996217851739788,0,0,0.0,0.2812,1939.6666666666667,1
30000,2,2,25,0,0,0,0,0,0,8864,10062,11581,12580,13716,14828,1500,2000,1500,1500,1500,2000,0.29546666666666666,0.39795,0.1302953146368874,0.14906091622776507,0,0,0.0,-0.1988,1666.6666666666667,0
50000,2,1,34,0,0,0,0,0,0,2522,0,2522,1261,1261,1428,0,2522,0,1261,1428,1261,0.05044,0.02998,0.5996222926725426,0.0,0,0,0.0,0.02188,1078.6666666666667,2
160000,4,2,46,0,0,0,0,0,0,169746,159376,162998,0,0,0,4318,4000,0,0,0,73175,1.0609125,0.512625,0.010326604239152052,0.02709299334282864,0,0,0.0,1.0609125,13582.166666666666,3
230000,1,2,35,0,0,0,0,0,0,0,0,0,0,0,150,0,0,0,0,150,150,0.0,0.00010869565217391305,0.1986754966887417,0.0,0,0,0.0,-0.0006521739130434783,50.0,4
130000,2,1,47,0,0,0,0,0,0,2317,29,2595,1030,-1121,-2452,3000,3000,1000,897,0,2003,0.017823076923076924,0.007655128205128205,2.4251112283465273,5.0,0,0,0.0,0.017823076923076924,1650.0,1
50000,1,2,23,0,0,0,0,0,0,47160,51034,50204,44580,4712,3914,5000,4000,1010,5504,5500,5000,0.9432,0.6720133333333332,0.5545974982451523,0.09797198001371608,0,0,0.0,0.86492,4335.666666666667,0
50000,2,2,24,0,0,0,0,0,0,2568,3589,4608,4919,0,0,1070,1089,1000,0,0,0,0.05136,0.05228,0.14751580428761918,0.298050139275766,0,0,0.0,0.05136,526.5,3
340000,3,2,28,0,0,0,0,0,0,1830,4777,7681,12519,15299,15905,3000,3000,5000,3000,1000,10000,0.005382352941176471,0.028436764705882352,0.33534197711248076,0.6278777731268314,0,0,0.0,-0.04139705882352941,4166.666666666667,0
50000,1,2,46,0,0,0,0,0,0,51400,0,0,0,0,0,0,0,0,0,0,0,1.028,0.1713333333333333,0.0,0.0,0,0,0.0,1.028,0.0,6
240000,2,1,34,0,0,0,0,0,0,6170,0,0,0,0,0,0,0,0,0,0,0,0.025708333333333333,0.004284722222222222,0.0,0.0,0,0,0.0,0.025708333333333333,0.0,6
150000,4,2,36,1,0,0,0,0,0,0,0,0,0,1966,500,0,0,0,1966,500,754,0.0,0.00274,0.3994991207214448,0.0,1,1,0.3333333333333333,-0.0033333333333333335,536.6666666666666,3
80000,2,2,34,1,0,0,0,0,0,-3,-3,1266,1347,2495,1248,0,1269,1351,2498,3,0,0.0,0.013241666666666665,0.6014014509683236,0.0,1,1,0.3333333333333333,-0.0156,853.5,2
80000,2,2,48,0,0,0,0,0,0,45174,41885,42832,23799,11723,27236,3000,3413,2000,5000,17236,2000,0.564675,0.40135208333333333,0.2589258809617295,0.07162297665090961,0,0,0.0,0.224225,5441.5,0
50000,2,1,31,1,2,0,0,0,0,34644,33669,19124,18117,18496,18880,0,1597,649,671,691,700,0.69288,0.4764333333333334,0.03843955789309562,0.0,2,2,1.0,0.31528,718.0,1
20000,1,2,28,0,0,0,0,0,0,19262,34729,18808,18302,18995,19400,1310,3190,1500,1000,860,900,0.9631,1.0791333333333335,0.07724865244377602,0.037719550820616184,0,0,0.0,-0.0069,1460.0,0
130000,2,2,24,0,0,0,0,0,0,35871,36873,37927,38993,39628,42136,1900,1950,2000,1580,3310,0,0.27593076923076926,0.2967025641025641,0.05453060997104574,0.051526821066334,0,0,0.0,-0.048192307692307694,1790.0,1
10000,2,2,24,0,0,0,0,2,0,9035,5845,6793,8668,8382,8595,1300,1200,2000,0,500,396,0.9035,0.7886333333333333,0.13757488290455064,0.2223742730071844,1,2,-0.6666666666666666,0.044,899.3333333333334,1
340000,1,2,31,0,0,0,0,0,0,85292,66486,62918,53322,50180,57000,17241,16000,13322,10005,9081,9080,0.25085882352941175,0.1839205882352941,0.22442724134439418,0.2593138508279814,0,0,0.0,0.08321176470588235,12454.833333333334,0
180000,2,1,34,0,0,0,0,0,0,175886,173440,172308,168608,132202,129918,8083,7296,5253,4814,4816,3800,0.9771444444444445,0.8818166666666667,0.03871682970400946,0.0466037442127294,0,0,0.0,0.25537777777777776,5677.0,0
50000,1,2,22,0,0,0,0,0,0,2416,0,0,0,0,0,0,0,0,0,0,0,0.04832,0.008053333333333334,0.0,0.0,0,0,0.0,0.04832,0.0,6
200000,1,2,28,0,0,0,0,2,2,58833,61991,7357,9471,8538,7685,4100,3000,3000,0,1000,0,0.294165,0.12822916666666667,0.18413734311716992,0.06613756613756613,2,2,-1.3333333333333333,0.25574,1850.0,2
20000,2,2,24,0,0,2,0,0,0,390,780,390,780,780,0,780,0,780,0,0,0,0.0195,0.026,0.3994878361075544,0.998719590268886,1,2,0.6666666666666666,0.0195,260.0,4
240000,3,1,55,0,0,0,0,0,0,229254,232693,189095,190481,194215,198313,8737,7506,6501,6501,7001,17001,0.955225,0.856979861111111,0.03602922777543001,0.03754716494623841,0,0,0.0,0.12892083333333335,8874.5,0
140000,2,2,39,1,2,2,0,0,0,143673,146921,143084,142011,136431,128118,7000,0,6000,5200,5000,5000,1.0262357142857144,1.0002833333333332,0.033406944441243515,0.04764432828303453,3,2,1.6666666666666667,0.11110714285714286,4700.0,1
70000,2,2,26,0,0,0,0,0,0,50680,51256,47394,7879,-1940,27545,2000,1500,0,0,30000,656,0.724,0.43989047619047617,0.23195106274578592,0.03901906081120628,0,0,0.0,0.3305,5692.666666666667,2
280000,1,2,28,0,2,0,0,0,2,5432,2146,1688,1226,6394,1626,0,1688,1226,7000,0,3146,0.0194,0.01101904761904762,0.6186396196090046,0.0,2,2,0.0,0.013592857142857143,2176.6666666666665,2
50000,3,2,34,2,2,2,2,3,2,44951,45906,46872,49974,50023,53367,2000,2000,4200,1170,4300,0,0.89902,0.97031,0.05484765000504362,0.043566340645217506,6,3,-0.3333333333333335,-0.16832,2278.3333333333335,1
100000,2,1,32,0,0,0,0,0,0,74136,72052,71007,69470,65424,64349,3200,3300,2910,2400,2340,2400,0.74136,0.6940633333333333,0.04116404653989849,0.04441175245999473,0,0,0.0,0.09787,2758.3333333333335,0
200000,3,1,30,0,0,2,0,0,0,1120,1100,740,740,890,740,1100,0,740,890,740,740,0.0056,0.004441666666666667,0.7990540690000512,0.9990917347865577,1,2,0.6666666666666666,0.0019,701.6666666666666,1
110000,2,1,30,0,0,0,0,0,0,47755,15484,-41,0,67942,53947,1525,0,41,109332,2400,2000,0.43413636363636365,0.2804969696969697,1.3504284161766598,0.09848240232483048,0,0,0.0,-0.05629090909090909,19216.333333333332,1
50000,3,2,28,2,2,2,0,0,2,28129,29184,28421,28751,30685,30040,1800,0,1100,2400,0,1500,0.56258,0.5840333333333334,0.035629057729256564,0.061675518245674146,4,2,1.3333333333333335,-0.03822,1133.3333333333333,2
110000,2,2,40,0,0,0,0,0,0,111720,86877,133187,65025,62777,62105,3406,2357,2239,3617,2247,2500,1.0156363636363637,0.7904409090909091,0.037025875288488566,0.039204401574621885,0,0,0.0,0.4510454545454545,2727.6666666666665,0
60000,1,2,26,1,0,0,0,0,0,0,0,539,37970,39354,40048,0,539,37970,2000,1500,1481,0.0,0.32753055555555555,0.4172790789638953,0.0,1,1,0.3333333333333333,-0.6674666666666667,7248.333333333333,1
140000,2,1,42,1,0,0,0,0,0,0,0,1497,1039,1139,0,0,1497,1039,1139,0,5023,0.0,0.004375,0.5994987423627365,0.0,1,1,0.3333333333333333,0.0,1449.6666666666667,2
180000,1,1,38,2,0,0,0,0,0,183939,176737,179787,181918,169664,173169,8000,7900,6900,6200,6700,6700,1.0218833333333333,0.9863092592592592,0.04047345094457759,0.04526474216071247,1,2,0.6666666666666666,0.059833333333333336,7066.666666666667,0
50000,3,2,30,0,0,0,0,0,0,9610,9132,8681,8039,4952,390,1147,1169,1000,4986,390,390,0.1922,0.13601333333333335,0.47774362267482573,0.12558852512865434,0,0,0.0,0.1844,1513.6666666666667,0
120000,2,1,40,1,2,3,2,3,2,57816,62139,60584,63871,62251,63443,5900,0,4900,0,2500,2500,0.4818,0.5140333333333333,0.042213531085939913,0.09494689411007402,6,3,-0.3333333333333335,-0.046891666666666665,2633.3333333333335,2
80000,2,1,46,0,0,0,0,0,0,390,390,390,390,390,390,390,390,390,390,390,390,0.004875,0.004875,0.9974424552429667,0.9974424552429667,0,0,0.0,0.0,390.0,0
70000,1,2,31,2,2,7,7,7,7,2400,2400,2400,2400,2400,2400,0,0,0,0,0,0,0.03428571428571429,0.03428571428571429,0.0,0.0,6,7,-3.3333333333333335,0.0,0.0,6
150000,1,2,28,0,0,0,0,0,0,9625,2099,5306,8240,1686,149,2099,5306,8240,1686,149,1760,0.06416666666666666,0.030116666666666667,0.9983909199515033,0.9995238095238095,0,0,0.0,0.06317333333333333,3206.6666666666665,0
80000,3,1,41,1,0,0,0,0,0,-1645,78379,76304,52774,11855,48944,85900,3409,1178,1926,52964,1804,0.0,0.5588666666666667,0.48150039136864253,1.095942842561878,1,1,0.3333333333333333,-0.6118,24530.166666666668,0
260000,2,1,44,1,0,0,0,0,0,-6,1100,2527,1698,0,5062,1106,2527,1698,0,5062,0,0.0,0.006658333333333334,0.8006719327143031,1.0045413260672116,1,1,0.3333333333333333,-0.01946923076923077,1732.1666666666667,2
220000,2,1,39,0,0,0,0,0,0,1557,4445,4292,1803,2970,6348,4478,4323,1812,2985,6379,1860,0.007077272727272727,0.016223484848484848,1.0056115125107348,1.0071974808816915,0,0,0.0,-0.02177727272727273,3639.5,0
90000,2,2,39,0,0,0,0,0,0,45709,45045,42151,37842,30849,28061,2000,2000,1200,1018,1200,710,0.5078777777777778,0.4252907407407407,0.03986343711779298,0.044399058739954714,0,0,0.0,0.1960888888888889,1354.6666666666667,0
60000,3,1,36,1,0,0,0,0,0,0,0,0,0,0,0,0,0,0,0,0,0,0.0,0.0,0.0,0.0,1,1,0.3333333333333333,0.0,0.0,6
20000,2,2,22,0,0,0,2,2,2,15034,16285,20498,19509,20038,18982,1500,4500,0,1600,0,1000,0.7517,0.91955,0.07829417089373375,0.09210364730443325,3,2,-2.0,-0.1974,1433.3333333333333,2
30000,2,2,24,1,2,2,2,0,0,27262,26545,28590,27831,28433,30257,0,2800,0,1050,2300,0,0.9087333333333333,0.9384333333333333,0.04217469861304567,0.0,4,2,1.0,-0.09983333333333333,1025.0,3
160000,1,1,41,1,2,0,0,0,0,63446,63501,65439,66761,67628,68983,1699,2960,3007,2573,2600,3008,0.3965375,0.4122479166666667,0.03855272729650543,0.02675506283266669,2,2,1.0,-0.03460625,2641.1666666666665,0
150000,1,2,41,0,0,0,0,0,2,1464,2084,384,0,2344,822,2091,384,0,2344,0,472,0.00976,0.007886666666666667,0.599970771202383,1.0028776978417266,1,2,-0.6666666666666666,0.00428,881.8333333333334,2
200000,2,1,46,0,2,2,0,0,2,2893,2881,1436,1261,2849,1438,1436,0,1261,2849,0,1261,0.014465,0.010631666666666668,0.4994243646930035,0.49826509368494104,3,2,0.6666666666666666,0.007275,1134.5,2
20000,3,1,48,0,0,0,0,2,0,1522,1261,1261,2126,1573,1170,1000,1261,2126,0,0,150,0.0761,0.074275,0.5582260976338482,0.7923930269413629,1,2,-0.6666666666666666,0.0176,756.1666666666666,2
500000,2,1,64,1,0,0,0,0,0,493,1086,731,561,618,991,1086,731,561,618,991,933,0.000986,0.0014933333333333333,0.9986621967495832,0.9990800367985281,1,1,0.3333333333333333,-0.000996,820.0,0
150000,3,2,28,0,0,0,0,0,0,101593,101886,101441,100829,101913,96704,4000,4032,3410,4000,3665,3050,0.6772866666666667,0.6715177777777778,0.03799457443606201,0.03925917928685701,0,0,0.0,0.032593333333333335,3692.8333333333335,0
200000,1,2,47,0,0,0,0,0,0,696,696,696,696,846,696,696,696,696,846,696,696,0.00348,0.003605,0.998616096307501,0.9985652797704447,0,0,0.0,0.0,721.0,0
30000,2,1,33,0,0,0,0,0,0,4101,157,30321,29225,29575,28850,172,33635,1368,1108,958,1353,0.1367,0.67905,0.46306874614571686,1.0886075949367089,0,0,0.0,-0.8249666666666666,6432.333333333333,0
490000,1,1,42,0,0,0,0,0,0,283484,245832,230346,215437,176688,170548,10000,9002,10000,7000,7000,7000,0.578538775510204,0.4497738095238095,0.04136736286810939,0.04067802125833391,0,0,0.0,0.23048163265306124,8333.666666666666,0
360000,1,2,30,0,0,0,0,0,0,13861,7795,4489,10218,6509,15156,7884,4808,10044,4006,10046,12087,0.038502777777777775,0.026864814814814817,0.8686287961985478,1.0112878399179066,0,0,0.0,-0.003597222222222222,8145.833333333333,0
20000,1,2,22,0,0,2,0,0,0,18523,17889,16473,19004,19254,16287,3500,0,3000,574,539,342,0.92615,0.89525,0.08327910089829835,0.1956400223588597,1,2,0.6666666666666666,0.1118,1325.8333333333333,1
180000,2,2,30,0,0,0,0,0,0,440,30404,0,880,150,430,30404,0,880,150,430,747,0.0024444444444444444,0.02991111111111111,0.79797786694433,0.9999671106725867,0,0,0.0,5.555555555555556e-05,5435.166666666667,1
200000,3,1,43,0,0,0,0,0,0,146206,150404,154977,157166,160870,164101,5404,5854,5000,5000,4600,5000,0.73103,0.7781033333333333,0.03292564084881157,0.035929656593863234,0,0,0.0,-0.089475,5143.0,0
160000,2,1,33,0,0,0,0,0,0,8015,2453,9624,52572,7333,2210,2453,9880,52572,1546,2210,0,0.05009375,0.08563229166666667,0.8472827443194252,0.9995925020374898,0,0,0.0,0.03628125,11443.5,1
60000,2,2,27,0,0,0,3,2,2,30641,33787,42025,41067,40109,42695,3987,8825,0,0,3400,1800,0.5106833333333334,0.639788888888889,0.08152445608369373,0.1180004735409021,3,3,-2.3333333333333335,-0.2009,3002.0,2
470000,1,1,37,0,0,0,0,0,0,163000,160298,135683,128719,116173,104283,10047,5001,6010,4512,4012,3522,0.3468085106382979,0.2865801418439716,0.04470699447863401,0.0626766230606554,0,0,0.0,0.12492978723404255,5517.333333333333,0
50000,3,2,24,0,0,0,0,0,0,2562,8743,-290,18115,18495,18804,8769,0,18650,659,1000,1000,0.05124,0.2223966666666667,0.4242284961539296,1.0028591033851784,0,0,0.0,-0.32484,5013.0,1
110000,3,1,52,0,0,0,0,0,0,13962,15219,15424,15479,15989,16276,1500,1545,600,750,700,2000,0.12692727272727272,0.13992272727272728,0.06547721620407376,0.09855453350854139,0,0,0.0,-0.021036363636363638,1182.5,0
140000,2,2,31,3,3,2,2,2,2,124716,127047,128479,129869,132540,135201,5800,5000,5000,4900,5000,5000,0.8908285714285714,0.9260142857142857,0.03940400645315409,0.045652037025376235,6,3,0.6666666666666665,-0.07489285714285714,5116.666666666667,0
180000,2,1,40,0,0,0,0,0,2,632,316,166,6988,6822,466,316,166,6822,466,0,632,0.003511111111111111,0.01425,0.6070522225438704,0.9968454258675079,1,2,-0.6666666666666666,0.0009222222222222222,1400.3333333333333,1
180000,3,1,65,0,0,0,0,0,0,191309,174775,174702,176816,180911,123229,175100,7000,5000,5309,5288,3000,1.0628277777777777,0.9460574074074075,0.2284914028900174,1.0018538014372682,0,0,0.0,0.37822222222222224,33449.5,0
80000,2,1,38,0,0,0,0,0,0,4404,5096,11473,21086,2034,17678,5096,11476,16037,0,17678,6000,0.05505,0.12868958333333333,0.7520875013406788,0.9998038061604866,0,0,0.0,-0.165925,9381.166666666666,1
70000,2,2,35,1,2,2,0,0,0,44193,46168,45166,36283,20861,21374,3000,102,2400,894,1000,1000,0.6313285714285715,0.5096309523809524,0.044603693689634696,0.06497866533821395,3,2,1.6666666666666667,0.32598571428571427,1399.3333333333333,0
100000,1,1,25,0,0,0,0,0,0,91842,40308,41800,0,0,0,1809,2301,0,0,0,0,0.91842,0.28991666666666666,0.019984969000763686,0.044878315016497555,0,0,0.0,0.91842,685.0,4
500000,1,2,44,0,0,0,0,0,0,120452,190135,212134,201014,222520,208271,100000,50000,10012,50000,10000,10000,0.240904,0.384842,0.2168315100560792,0.5259393276391635,0,0,0.0,-0.175638,38335.333333333336,0
150000,2,1,40,0,0,0,0,0,0,6369,5215,4090,51893,52033,51188,5215,4090,51893,2000,3000,2202,0.04246,0.18976444444444446,0.6193174642632862,0.999808282208589,0,0,0.0,-0.29879333333333336,11400.0,0
50000,2,1,44,0,0,0,0,0,0,50496,47955,48751,37140,19535,19492,2007,10109,1514,1000,1000,1000,1.00992,0.7445633333333332,0.07849161072427807,0.041850863291350404,0,0,0.0,0.62008,2771.6666666666665,0
100000,2,1,34,3,2,2,2,2,2,39192,39951,39030,43381,43771,44626,1700,0,5000,1400,1700,300,0.39192,0.416585,0.04557673674241666,0.042551061273528236,6,3,0.3333333333333335,-0.05434,1683.3333333333333,1
160000,1,2,26,1,2,0,0,2,0,100364,97863,100535,104382,100535,101621,0,6497,8001,0,4000,3801,0.627275,0.6305208333333333,0.03612711708056675,0.0,3,2,0.33333333333333337,-0.00785625,3716.5,2
60000,2,1,36,0,0,0,0,0,0,59945,57262,27275,22095,14293,12217,1805,5816,1000,5000,12217,8000,0.9990833333333333,0.5363527777777778,0.32794426078838396,0.03152122662102928,0,0,0.0,0.7954666666666667,5639.666666666667,0
200000,2,2,30,0,0,0,0,0,2,83149,94976,106808,115702,122236,134013,13550,13590,12356,12500,14013,4900,0.415745,0.5474033333333334,0.11670346313334075,0.14266611916569275,1,2,-0.6666666666666666,-0.25432,11818.166666666666,0
130000,1,1,41,0,0,2,2,2,0,767,9637,8256,14890,13742,7630,9804,0,7600,0,5000,10000,0.0059,0.07041282051282051,0.43656420103661747,1.0172234903506951,3,2,-0.6666666666666666,-0.052792307692307694,5400.666666666667,2
100000,2,1,55,2,2,2,2,2,2,44400,47439,48385,49285,50176,51228,4100,2000,2000,2000,2000,0,0.444,0.484855,0.04944759795259287,0.08642495784148398,6,2,0.0,-0.06828,2016.6666666666667,1
480000,1,2,33,0,0,0,0,0,0,118986,62137,79556,97836,96299,88757,30000,30276,30000,30000,15000,15000,0.2478875,0.18873993055555557,0.3301022966834264,0.4827963564968296,0,0,0.0,0.06297708333333334,25046.0,0
390000,1,1,47,0,0,0,0,0,0,9361,-25,18401,13200,6385,7088,0,18426,34,31,7088,0,0.024002564102564104,0.023262820512820512,0.40171861476685883,0.0,0,0,0.0,0.005828205128205128,4263.166666666667,2
110000,2,2,23,0,0,0,0,0,0,1877,2507,1320,1270,63697,51866,1000,1000,100,63697,2427,2050,0.017063636363636364,0.1856621212121212,0.45623632387991686,0.39872408293460926,0,0,0.0,-0.45444545454545454,11712.333333333334,0
230000,1,2,28,0,0,2,0,0,0,70966,70366,66633,56055,22935,17354,5606,1050,1634,3000,3203,1000,0.3085478260869565,0.220513768115942,0.0879863356321118,0.07966802620546563,1,2,0.6666666666666666,0.23309565217391304,2582.1666666666665,0
120000,3,1,35,0,0,0,0,0,0,27666,28036,29555,28458,29129,29700,1500,2000,1000,1500,1500,1500,0.23055,0.23964444444444444,0.05166076231147987,0.05350073117665941,0,0,0.0,-0.01695,1500.0,0
80000,2,1,29,0,0,0,0,0,0,19578,18231,17950,14699,12466,11445,1620,1600,1419,1000,1000,1000,0.244725,0.19660208333333332,0.08841908450745581,0.08885476086002633,0,0,0.0,0.1016625,1273.1666666666667,0
270000,1,1,39,0,0,0,0,0,0,10648,0,15332,9094,225604,7443,0,3119,9124,225616,7443,69550,0.039437037037037034,0.1655067901234568,0.641304090429819,0.0,0,0,0.0,0.01187037037037037,52475.333333333336,1
210000,2,2,30,0,0,0,0,0,0,21780,20974,18652,13464,109722,105573,1325,1074,1000,99000,3745,4000,0.10371428571428572,0.23028968253968254,0.22655195236011494,0.0631704410011919,0,0,0.0,-0.3990142857142857,18357.333333333332,0
180000,1,2,28,2,2,2,2,2,2,158245,161695,163620,165604,169075,172401,7400,6000,6100,6200,6200,6300,0.8791388888888889,0.9172592592592592,0.038380399624014405,0.04576489214328122,6,2,0.0,-0.07864444444444445,6366.666666666667,0
350000,1,1,32,0,0,0,0,0,0,30625,60003,7147,9950,22117,4874,60396,7147,9950,22117,4874,0,0.0875,0.06415047619047619,1.0012084331743698,1.0065328978068129,0,0,0.0,0.07357428571428572,17414.0,1
360000,2,1,37,0,0,0,0,0,0,10000,17444,17165,10000,10000,10000,17444,10035,10000,10000,10000,0,0.027777777777777776,0.034541203703703706,0.9168457032278894,0.9999426769848094,0,0,0.0,0.0,9579.833333333334,1
450000,1,1,67,0,0,0,0,0,0,0,0,0,0,0,0,0,0,0,0,0,0,0.0,0.0,0.0,0.0,0,0,0.0,0.0,0.0,6
160000,2,1,28,0,0,0,0,0,0,54232,55456,56625,57757,59424,60631,2100,2100,2500,3000,2200,2200,0.33895,0.35846354166666666,0.04100098694941994,0.037867176370881946,0,0,0.0,-0.03999375,2350.0,0
20000,1,2,25,1,2,3,2,0,0,16688,18427,17843,17259,17781,18034,2300,0,0,800,700,800,0.8344,0.8836,0.04172256100420174,0.12481007163012807,4,3,1.3333333333333335,-0.0673,766.6666666666666,2
460000,2,1,52,0,0,0,0,0,0,177520,174746,168279,171579,163450,160547,8000,9000,8154,6000,6000,6000,0.3859130434782609,0.36815978260869564,0.044173206759598634,0.04578047119549978,0,0,0.0,0.03689782608695652,7192.333333333333,0
30000,1,2,29,2,0,0,0,2,0,2030,1533,3897,6978,4081,3686,1533,3897,4081,0,155,96,0.06766666666666667,0.12336111111111112,0.5251770858158579,0.999348109517601,2,2,0.0,-0.0552,1627.0,1
120000,2,1,54,0,0,0,0,0,0,89197,87088,85280,83873,78945,80597,3072,3074,2887,2774,2871,3000,0.7433083333333333,0.7013611111111111,0.035299931109095045,0.035274259665399765,0,0,0.0,0.07166666666666667,2946.3333333333335,0
150000,2,1,34,1,2,2,0,0,0,147833,148066,142163,135075,135309,135165,6130,27,4610,5000,5000,3760,0.9855533333333333,0.9373455555555557,0.029932553654340673,0.041400176946922676,3,2,1.6666666666666667,0.08445333333333334,4087.8333333333335,0
100000,1,2,22,2,0,0,0,2,0,36891,38498,39185,39867,39696,7594,2201,1888,1500,96,300,432,0.36891,0.33621833333333334,0.036978587611539285,0.05717031611210681,2,2,0.0,0.29297,1069.5,0
240000,2,1,32,0,0,0,0,0,0,199789,203156,201267,182484,182478,175394,9000,9319,6200,5894,5100,6300,0.8324541666666667,0.794838888888889,0.037190878012524554,0.044300713241483186,0,0,0.0,0.10164583333333334,6968.833333333333,0
180000,2,1,26,0,0,0,2,0,0,175539,138825,51686,2594,171716,181693,3826,7000,0,171716,13400,0,0.9752166666666666,0.6685675925925926,0.24734695989510808,0.02755967902266146,1,2,-0.6666666666666666,-0.03418888888888889,32657.0,2
210000,1,1,31,0,0,0,0,0,0,31808,9283,7846,38141,9461,33978,9283,7846,38218,10000,33978,0,0.15146666666666667,0.10358492063492063,1.0117173979549974,0.9998922878069797,0,0,0.0,-0.010333333333333333,16554.166666666668,1
440000,1,2,33,0,0,0,0,0,0,2976,16911,5945,17165,1176,18377,16911,5945,17165,0,18377,1759,0.006763636363636364,0.023693181818181818,0.7999320045048293,0.9999408703878903,0,0,0.0,-0.03500227272727273,10026.166666666666,1
160000,2,1,34,0,0,0,0,0,0,5283,5920,6999,8109,8596,9455,1500,1200,2000,1000,1000,500,0.03301875,0.04621041666666667,0.17868917772851328,0.25333558520520183,0,0,0.0,-0.026075,1200.0,0
20000,1,2,23,0,0,3,2,2,0,16918,20627,19985,19702,18395,18763,4000,1,651,0,655,653,0.8459,0.95325,0.05238182932932585,0.19391118867558657,3,3,-0.33333333333333326,-0.09225,993.3333333333334,1
500000,1,2,37,0,0,0,0,0,0,3214,0,3030,1167,2255,0,0,3030,1167,2255,0,0,0.006428,0.003222,0.5996741298175275,0.0,0,0,0.0,0.006428,1075.3333333333333,3
380000,1,1,52,1,0,0,0,0,0,0,2879,1395,3261,0,0,742,1395,3261,0,0,0,0.0,0.0033048245614035084,0.4513231992236536,0.25763888888888886,1,1,0.3333333333333333,0.0,899.6666666666666,3
420000,2,1,24,0,0,0,0,0,0,392639,397332,376317,214062,164003,162836,16117,20516,7092,6019,4636,5570,0.9348547619047619,0.6774559523809524,0.03867632422643325,0.040562953492410646,0,0,0.0,0.54715,9991.666666666666,0
100000,1,2,25,0,0,0,0,0,0,0,0,0,0,0,0,0,0,0,0,0,0,0.0,0.0,0.0,0.0,0,0,0.0,0.0,0.0,6
420000,2,1,41,0,0,0,0,0,0,193370,198053,202618,197985,200163,2559,4988,4976,6019,5065,1035,182778,0.4604047619047619,0.39474126984126984,0.10194914463653149,0.025185050541771437,0,0,0.0,0.45431190476190475,34143.5,0
350000,4,1,45,0,0,0,0,0,0,355310,337523,342288,336750,341376,348730,13671,12678,13601,12136,12771,12900,1.0151714285714286,0.9818938095238094,0.0380206090295563,0.04050378639741174,0,0,0.0,0.0188,12959.5,0
150000,1,2,31,0,0,0,0,0,0,1575,4711,4956,6692,14418,25825,3651,1068,1977,9118,12625,122,0.0105,0.06464111111111111,0.48137497591533984,0.7748302207130731,0,0,0.0,-0.16166666666666665,4760.166666666667,0
90000,1,2,31,1,0,0,0,0,0,0,0,0,0,0,0,0,0,0,0,0,0,0.0,0.0,0.0,0.0,1,1,0.3333333333333333,0.0,0.0,6
80000,1,1,32,0,0,0,0,0,0,871,3179,3344,3552,0,0,3381,3384,3958,0,0,0,0.0108875,0.022804166666666667,0.6377709837997164,1.0632075471698113,0,0,0.0,0.0108875,1787.1666666666667,3
60000,3,1,42,0,0,0,0,0,0,19489,20496,21702,22360,19760,0,1336,1542,1200,500,0,0,0.32481666666666664,0.2883527777777778,0.043039516339370074,0.06518027028345612,0,0,0.0,0.32481666666666664,763.0,2
460000,1,1,44,0,0,0,0,0,0,15264,51372,103119,68541,28269,75942,51383,103142,68541,28269,76056,52143,0.03318260869565218,0.12409673913043479,1.000369198749802,1.0001946547797482,0,0,0.0,-0.13190869565217392,63255.666666666664,0
50000,3,2,29,1,2,2,2,0,0,43933,42927,46324,45283,48042,50834,0,4100,0,3780,3515,1800,0.87866,0.9244766666666667,0.04726598340269872,0.0,4,2,1.0,-0.13802,2199.1666666666665,2
70000,2,2,34,2,2,2,0,0,2,64913,63387,58840,56431,56859,54449,3000,0,2000,4219,1700,323,0.9273285714285714,0.84495,0.037637909479086025,0.04732756988704487,4,2,1.3333333333333335,0.14948571428571428,1873.6666666666667,1
180000,1,2,31,0,0,0,0,0,0,89903,66236,59932,52382,40661,32385,3073,3010,2010,1200,1000,1000,0.49946111111111113,0.3162027777777778,0.03907542168145236,0.04639400939052191,0,0,0.0,0.31954444444444446,1882.1666666666667,0
280000,1,2,35,0,0,0,0,0,0,210465,200959,146652,132527,70421,60235,10299,7200,5886,3000,5000,5000,0.7516607142857142,0.48884464285714285,0.054072981653426576,0.05124900477707006,0,0,0.0,0.5365357142857143,6064.166666666667,0
340000,1,2,26,0,0,0,0,0,0,241720,221836,206485,196137,196447,195114,8000,10000,10000,8032,8000,8500,0.7109411764705882,0.6165387254901961,0.04347281144624586,0.036062514368658066,0,0,0.0,0.1370764705882353,8755.333333333334,0
20000,1,2,27,0,0,0,0,0,0,5888,4088,6597,9333,4133,8456,4813,6597,5000,4431,8500,8032,0.2944,0.32079166666666664,0.9579025328929806,1.1770604059672292,0,0,0.0,-0.1284,6228.833333333333,0
50000,2,2,28,0,0,0,0,0,0,48072,49518,49500,19600,20000,0,2518,1500,500,400,0,0,0.96144,0.6223,0.025331897959162103,0.050849169005836144,0,0,0.0,0.96144,819.6666666666666,2
30000,2,2,39,0,0,0,0,0,0,24065,25660,26257,27641,29335,10493,2005,2000,2000,2000,1000,1000,0.8021666666666667,0.79695,0.07802464601084502,0.0781341335099957,0,0,0.0,0.4524,1667.5,0
70000,1,2,25,1,2,2,2,2,2,53742,52281,55981,54484,59080,59096,0,4545,0,5500,2090,0,0.7677428571428572,0.7968190476190476,0.041928985883673345,0.0,6,2,-0.33333333333333326,-0.07648571428571428,2022.5,3
50000,2,1,62,0,0,0,0,0,0,51350,50350,49289,49058,47512,48930,50908,1800,1800,1800,2200,1774,1.027,0.9882966666666667,0.2334234123890893,1.0110623423566563,0,0,0.0,0.0484,10047.0,0
50000,2,2,35,0,0,0,0,0,0,41657,47969,49131,38884,8144,8643,10000,11000,5000,1005,15000,7000,0.83314,0.6480933333333334,0.48392617851814845,0.20846362309776945,0,0,0.0,0.66028,8167.5,0
100000,1,2,29,0,0,0,0,0,0,51650,53294,53779,54166,55265,56425,2500,1941,2000,2000,2049,2222,0.5165,0.540965,0.03848494228128471,0.04690871563936579,0,0,0.0,-0.04775,2118.6666666666665,0
230000,2,2,27,1,2,0,0,0,0,13668,12647,13135,10596,9218,5068,0,1064,423,313,1000,4641,0.05942608695652174,0.046617391304347826,0.07042898615880054,0.0,2,2,1.0,0.03739130434782609,1240.1666666666667,1
180000,2,1,34,0,0,0,0,0,0,143301,146333,147042,127814,130331,132845,7000,5000,5000,4900,5000,5100,0.7961166666666667,0.7663574074074074,0.03923846576684096,0.04783577295775418,0,0,0.0,0.05808888888888889,5333.333333333333,0
20000,2,1,40,1,2,0,0,0,0,20498,19692,20498,19898,19906,18586,0,1600,0,398,0,0,1.0249,0.9923166666666666,0.019609111045810798,0.0,2,2,1.0,0.0956,333.0,4
80000,1,2,22,1,2,2,0,0,0,6261,6170,4258,7032,6348,1606,1000,0,7032,6348,1606,0,0.0782625,0.06598958333333334,0.632225264180468,0.1620482903905364,3,2,1.6666666666666667,0.0581875,2664.3333333333335,2
180000,1,1,30,0,0,0,0,0,0,1863,1863,2886,840,2052,1443,1863,2886,840,2052,1443,1443,0.01035,0.010136111111111111,0.9993496931019183,0.9994635193133047,0,0,0.0,0.0023333333333333335,1754.5,0
80000,1,1,27,0,0,0,0,0,0,494,329,4724,0,1054,0,329,4750,0,1054,0,4252,0.006175,0.013752083333333335,0.6002625669924248,0.996969696969697,0,0,0.0,0.006175,1730.8333333333333,2
40000,3,1,49,0,0,0,0,0,0,34203,33885,34605,35970,35711,39360,1880,1600,22703,1280,4632,0,0.855075,0.8905583333333333,0.17727688805654862,0.055480139290562475,0,0,0.0,-0.128925,5349.166666666667,1
30000,2,1,31,0,2,2,3,2,2,699,309,-471,1479,1320,930,0,0,1950,0,390,0,0.0233,0.026316666666666665,0.3472943942868755,0.0,5,3,-1.0000000000000002,-0.0077,390.0,4
500000,2,1,34,0,0,0,0,0,0,17172,34674,6229,11534,12482,18192,35454,6229,11534,12564,18192,32550,0.034344,0.03342766666666666,1.005730481142494,1.0224657534246575,0,0,0.0,-0.00204,19420.5,0
100000,2,1,52,0,0,0,0,0,0,64254,21178,101565,82087,81201,77928,2211,81565,2625,3931,2900,2800,0.64254,0.7136883333333333,0.20501422061781271,0.10439586382737617,0,0,0.0,-0.13674,16005.333333333334,0
50000,2,2,25,0,0,0,0,0,0,48424,50340,48395,49604,48397,49847,2710,2760,2750,1507,2000,1500,0.96848,0.9833566666666668,0.04751198949134279,0.053832859895512605,0,0,0.0,-0.02846,2204.5,0
20000,1,2,37,1,0,0,0,0,0,0,0,0,1004,0,0,0,0,1004,0,0,0,0.0,0.008366666666666666,0.19980099502487564,0.0,1,1,0.3333333333333333,0.0,167.33333333333334,5
210000,2,1,48,0,0,0,0,0,0,8666,8666,17307,8666,8666,17303,8666,17307,173,8666,17303,173,0.04126666666666667,0.05497936507936508,0.8039228887054494,0.9998846198223146,0,0,0.0,-0.04112857142857143,8714.666666666666,0
140000,2,2,27,1,0,0,0,0,0,0,0,0,0,0,0,0,0,0,0,0,0,0.0,0.0,0.0,0.0,1,1,0.3333333333333333,0.0,0.0,6
340000,1,2,34,0,0,0,0,0,0,32488,42449,30042,28987,13104,59204,42552,30084,29033,13120,59273,1241,0.09555294117647059,0.10111470588235294,1.0015226113745834,1.0024028268551237,0,0,0.0,-0.07857647058823529,29217.166666666668,0
140000,2,1,35,0,0,0,0,0,0,62244,55125,48943,42337,35446,29383,2000,2200,2000,1300,2000,0,0.4446,0.3255690476190476,0.0466414924575029,0.03628052098828139,0,0,0.0,0.23472142857142858,1583.3333333333333,1
200000,1,1,27,2,2,2,0,0,0,191406,201756,197185,146021,147473,147669,15100,3028,5169,5400,5306,5232,0.95703,0.8595916666666668,0.03962908732259302,0.07484250856228036,3,2,2.0,0.218685,6539.166666666667,0
50000,2,2,22,0,0,0,0,0,0,50834,50770,50215,29386,29527,30125,2200,1517,1000,1500,2005,1305,1.01668,0.8028566666666667,0.044984603826440914,0.04333182328494613,0,0,0.0,0.41418,1587.8333333333333,0
50000,2,1,44,1,2,2,2,0,0,38671,36772,33101,28192,22676,14647,2300,1700,0,517,503,585,0.77342,0.5801966666666667,0.03420797844280838,0.06254588964729557,4,2,1.0,0.48048,934.1666666666666,1
50000,2,2,39,2,2,0,0,0,0,50932,49799,47652,49336,28390,28985,0,2098,2782,936,971,874,1.01864,0.8503133333333333,0.033376286921219564,0.0,2,2,1.3333333333333333,0.43894,1276.8333333333333,1
170000,1,2,32,0,0,0,0,0,0,166470,159880,161445,152549,122948,120277,5809,7334,6699,4315,4410,4309,0.9792352941176471,0.8662441176470588,0.03948692196003948,0.036333272871698324,0,0,0.0,0.2717235294117647,5479.333333333333,0
200000,2,1,33,0,0,0,2,0,0,57579,50612,10537,5552,2506,9443,5250,10023,27,2614,9454,5019,0.287895,0.11352416666666666,0.6206918284579026,0.10372829115049494,1,2,-0.6666666666666666,0.24068,5397.833333333333,0
130000,2,2,37,0,0,0,0,0,0,81731,84383,87518,89360,90481,92858,4000,4500,4190,3500,4000,4000,0.6287,0.6747833333333333,0.045493201923611976,0.04740235115661737,0,0,0.0,-0.08559230769230769,4031.6666666666665,0
450000,2,2,32,0,0,0,0,0,0,-3768,-3938,-5738,-5738,-5738,-5738,179,1800,0,0,0,0,0.0,0.0,2.0,5.0,0,0,0.0,0.0,329.8333333333333,4
470000,2,2,26,0,0,0,0,0,0,169699,170309,167876,170610,173643,178083,6200,7000,5716,5982,7000,5500,0.3610617021276596,0.3653262411347518,0.03707232027220083,0.036404204098408784,0,0,0.0,-0.017838297872340425,6233.0,0
90000,2,2,24,1,2,0,0,0,0,88550,78892,75808,63362,65300,67248,3000,3500,3000,3000,3000,5000,0.9838888888888889,0.8132592592592592,0.04441850468796994,0.038026187367700554,2,2,1.0,0.2366888888888889,3416.6666666666665,0
170000,1,2,44,0,0,0,0,0,0,2500,804,2016,3957,4956,482,804,5991,3957,5444,482,626,0.014705882352941176,0.014426470588235294,1.4129864949414332,0.9987577639751553,0,0,0.0,0.011870588235294117,2884.0,0
360000,2,1,30,0,0,0,0,0,0,19918,-182,-6877,-5377,-2377,-377,500,0,2000,3000,2000,3000,0.055327777777777774,0.009221296296296295,4.0,5.0,0,0,0.0,0.055327777777777774,1750.0,1
210000,3,2,46,0,0,0,0,0,0,46743,50936,53107,53717,53255,55160,5000,4000,2350,2000,3000,3000,0.22258571428571428,0.24834761904761904,0.061833274455059505,0.09816047274083672,0,0,0.0,-0.040080952380952384,3225.0,0
20000,2,1,32,0,0,0,0,0,0,18377,18353,19103,19471,19225,19106,1288,1305,1277,656,1106,602,0.91885,0.9469583333333333,0.05921441889715149,0.07017543859649122,0,0,0.0,-0.03645,1039.0,0
280000,2,2,42,0,0,0,0,0,0,22821,23169,82073,61638,44868,29804,1118,82267,1528,997,1049,13004,0.08150357142857143,0.15736488095238094,0.22656175295817568,0.048252050064738886,0,0,0.0,-0.024939285714285716,16660.5,0
80000,1,2,35,0,0,0,0,0,0,52132,52568,54108,55310,48198,43536,3000,3000,3000,2000,2000,2000,0.65165,0.6371916666666667,0.05083656577955089,0.05706785367802317,0,0,0.0,0.10745,2500.0,0
40000,1,2,25,0,0,0,2,2,0,977,1787,2566,3174,2634,1547,1190,1349,1200,0,547,231,0.024425,0.05285416666666666,0.38447523883954493,0.6655480984340044,2,2,-1.3333333333333333,-0.01425,752.8333333333334,1
170000,1,1,33,0,0,0,0,0,0,1554,360,1562,844,484,0,360,1562,844,0,0,720,0.009141176470588236,0.004709803921568627,0.5990813379358658,0.997229916897507,0,0,0.0,0.009141176470588236,581.0,2
120000,2,1,44,0,0,0,0,0,0,390,0,780,337,1234,0,0,780,337,1234,0,0,0.00325,0.0038069444444444444,0.5989902587576077,0.0,0,0,0.0,0.00325,391.8333333333333,3
380000,2,1,31,1,0,0,0,0,0,3491,3859,8796,7991,5310,14655,3878,8863,8007,5362,14695,24446,0.009186842105263158,0.01934298245614035,1.0052612769113798,1.0046632124352333,1,1,0.3333333333333333,-0.029378947368421053,10875.166666666666,0
290000,2,1,36,2,0,0,0,0,0,322,326,652,326,326,11757,330,652,0,326,11757,550,0.001110344827586207,0.007878735632183909,0.8008999531810582,1.0091743119266054,1,2,0.6666666666666666,-0.03943103448275862,2269.1666666666665,1
500000,1,1,39,0,0,0,0,0,0,3220,0,15040,35498,19508,21199,0,15040,35498,19508,21199,10894,0.00644,0.03148833333333333,0.7999613834092713,0.0,0,0,0.0,-0.035958,17023.166666666668,1
200000,1,2,41,0,0,0,0,0,0,2615,9855,11162,45607,23359,25713,9855,21162,45614,23359,25713,9884,0.013075,0.0985925,1.1791350704815702,0.999898538961039,0,0,0.0,-0.11549,22597.833333333332,0
30000,2,2,49,0,0,0,0,0,0,1659,1473,390,390,390,1320,1473,390,390,390,1320,0,0.0553,0.03123333333333333,0.9981783874812666,0.9993215739484396,0,0,0.0,0.0113,660.5,1
30000,3,2,42,0,0,0,2,0,0,26300,26295,26167,25413,25122,20448,1700,3102,1000,1015,700,1000,0.8766666666666667,0.8319166666666666,0.0594342930997539,0.0646486157590508,1,2,-0.6666666666666666,0.19506666666666667,1419.5,0
240000,1,2,28,0,0,0,0,0,0,1981,-2076,-2076,-2076,-2076,-253,0,0,0,0,1823,0,0.008254166666666667,0.0013756944444444446,1.0,0.0,0,0,0.0,0.008254166666666667,303.8333333333333,5
30000,2,2,51,5,4,3,2,3,2,26551,25855,25146,26549,25849,25285,0,0,2113,0,0,2191,0.8850333333333333,0.8624166666666667,0.015917137476459512,0.0,6,5,1.6666666666666665,0.0422,717.3333333333334,4
50000,1,2,26,2,0,0,0,0,2,10622,11642,12635,15403,16657,16240,1500,1500,3000,1500,0,3000,0.21244,0.27733,0.1064685321281678,0.12883277505797475,2,2,0.0,-0.11236,1750.0,1
240000,1,2,27,0,0,0,0,0,0,5886,5055,8774,1854,-9584,-15483,5055,8774,1854,0,0,66971,0.024525,0.014978472222222223,0.5998298343035924,0.9998022151898734,0,0,0.0,0.024525,13775.666666666666,2
130000,2,2,41,0,0,0,0,0,0,131762,106130,66523,55678,20290,14802,3466,2781,1702,602,492,515,1.0135538461538462,0.5066474358974359,0.03358702488109895,0.03265775315412085,0,0,0.0,0.8996923076923077,1593.0,0
150000,2,1,35,0,0,0,0,0,0,102007,93116,84302,74986,67369,60434,5000,5045,2563,3006,3000,2218,0.6800466666666667,0.5357933333333333,0.04839563616656889,0.05369588796889934,0,0,0.0,0.2771533333333333,3472.0,0
120000,1,2,27,0,0,0,0,0,0,390,390,390,390,390,0,390,390,390,390,0,780,0.00325,0.0027083333333333334,0.7979539641943734,0.9974424552429667,0,0,0.0,0.00325,390.0,1
100000,2,2,41,0,2,2,2,2,2,1941,3255,3056,4998,4769,9691,1500,0,2000,0,5000,0,0.01941,0.04618333333333333,0.27533147400104696,0.4606879606879607,5,2,-0.6666666666666667,-0.0775,1416.6666666666667,3
330000,2,2,39,0,0,0,0,0,0,8872,15284,20467,25200,35000,0,8284,5467,5200,10000,0,0,0.026884848484848484,0.052940909090909094,0.2602232509992882,0.5419692508995747,0,0,0.0,0.026884848484848484,4825.166666666667,2
150000,2,1,40,0,0,0,0,0,0,32117,3502,2056,7756,4993,918,3505,2056,7756,0,918,22200,0.21411333333333332,0.05704666666666667,0.799773547844801,1.0005709391949758,0,0,0.0,0.20799333333333334,6072.5,1
110000,2,2,32,1,0,0,0,0,0,-296,1733,-153,6540,632,316,2345,0,7009,632,0,36049,0.0,0.01397121212121212,0.6844666778462601,1.3523644752018456,1,1,0.3333333333333333,-0.002872727272727273,7672.5,2
50000,2,1,37,2,2,2,2,2,3,19068,19947,21124,21480,22822,22171,1500,1800,1000,2000,0,1000,0.38136,0.42204,0.0589172550260499,0.07519550832163625,6,3,-0.3333333333333335,-0.06206,1216.6666666666667,1
10000,3,2,27,1,0,0,0,0,0,0,0,0,0,0,0,0,0,0,0,0,0,0.0,0.0,0.0,0.0,1,1,0.3333333333333333,0.0,0.0,6
370000,2,1,34,0,0,0,0,0,0,13854,3366,2671,13780,20652,10876,3382,2684,13795,10103,11020,10684,0.037443243243243246,0.029368918918918917,0.9024574497828926,1.0044550044550045,0,0,0.0,0.008048648648648649,8611.333333333334,0
50000,1,2,35,1,2,0,0,0,0,20579,19948,19521,19247,19816,20015,4,2000,807,1000,1000,681,0.41158,0.39708666666666664,0.04899944431882035,0.00020051130382475312,2,2,1.0,0.01128,915.3333333333334,0
60000,2,2,28,0,0,0,0,0,2,42243,37131,38136,38903,41483,40257,7773,1628,1395,3210,0,2000,0.70405,0.6615361111111111,0.07305183918338169,0.20933426693956694,1,2,-0.6666666666666666,0.0331,2667.6666666666665,1
320000,2,1,35,0,0,0,2,0,0,4050,4914,6630,6393,9721,10584,1073,1789,0,3425,1000,3425,0.01265625,0.022027083333333336,0.18697435292580894,0.21831129196337742,1,2,-0.6666666666666666,-0.02041875,1785.3333333333333,1
20000,2,2,23,0,0,0,0,0,0,13422,14886,15927,11939,10782,12599,2000,1667,2309,2000,2000,2000,0.6711,0.6629583333333333,0.1553189496749537,0.13434540202861556,0,0,0.0,0.04115,1996.0,0
180000,4,1,34,0,0,0,0,0,0,0,0,0,0,0,0,0,0,0,0,0,0,0.0,0.0,0.0,0.0,0,0,0.0,0.0,0.0,6
330000,1,2,28,0,0,0,0,0,0,1127,13030,14922,17722,3390,0,13030,2500,3000,3390,0,0,0.003415151515151515,0.0253489898989899,0.46728531328255085,0.9999232599186555,0,0,0.0,0.003415151515151515,3653.3333333333335,2
150000,2,1,27,0,0,0,0,0,0,118533,119911,123914,126447,128773,134930,3375,5000,3583,3402,7226,5000,0.79022,0.83612,0.03536066255688384,0.028145640136099808,0,0,0.0,-0.10931333333333333,4597.666666666667,0
120000,3,1,32,2,2,2,2,2,2,67502,68842,69825,70891,72213,73786,3000,2700,2800,2600,2900,0,0.5625166666666667,0.5875819444444444,0.03940961491550546,0.0435774152782418,6,2,0.0,-0.052366666666666666,2333.3333333333335,1
230000,1,2,29,0,0,0,0,0,0,20517,12883,10867,10100,3068,21064,12903,10880,10125,3076,21162,3224,0.08920434782608695,0.05688333333333333,1.0023681053211226,1.0014746972989754,0,0,0.0,-0.0023782608695652172,10228.333333333334,0
50000,2,2,40,0,0,2,0,0,0,46319,49518,48188,49966,19294,18971,4000,1000,3800,820,900,695,0.92638,0.7741866666666667,0.05350305581402147,0.08077707546598276,1,2,0.6666666666666666,0.54696,1869.1666666666667,0
10000,1,2,25,1,3,2,0,0,0,10438,10130,9738,9178,8398,0,0,0,0,0,0,0,1.0438,0.7980333333333333,0.0,0.0,3,3,2.0,1.0438,0.0,6
100000,1,2,28,3,2,0,0,2,0,49961,48856,49899,53407,51951,53195,0,1831,4339,0,2083,1939,0.49961,0.512115,0.03141859534770555,0.0,3,3,1.0,-0.03234,1698.6666666666667,2
20000,3,2,39,0,0,0,2,0,0,15969,16685,19008,18710,20235,19483,1285,2608,310,1835,707,873,0.79845,0.9174166666666667,0.07154855821489278,0.07701066762555436,1,2,-0.6666666666666666,-0.1757,1269.6666666666667,0
200000,2,1,27,1,3,2,2,2,2,183994,182427,182657,174547,181454,177141,5200,7000,0,13300,0,6200,0.91997,0.90185,0.028024758392034443,0.028504396254960863,6,3,0.0,0.034265,5283.333333333333,2
500000,1,1,42,1,0,0,0,0,0,0,0,0,0,0,0,0,0,0,0,0,0,0.0,0.0,0.0,0.0,1,1,0.3333333333333333,0.0,0.0,6
30000,2,2,38,0,0,0,0,0,0,315,923,2939,1993,1907,3319,923,2977,1999,3057,3319,1000,0.0105,0.06331111111111111,1.123182071708283,0.9989177489177489,0,0,0.0,-0.10013333333333334,2212.5,0
330000,2,1,52,0,0,0,0,0,0,120212,119507,118891,107722,96842,85015,5000,5000,5000,5000,3500,5000,0.36427878787878787,0.32736818181818184,0.0446214399133887,0.041838203300197475,0,0,0.0,0.10665757575757576,4750.0,0
180000,2,2,35,0,0,0,0,0,0,15288,4194,1300,0,4689,4689,4194,1300,0,4689,0,1582,0.08493333333333333,0.027925925925925927,0.5997559523706157,0.999761620977354,0,0,0.0,0.058883333333333336,1960.8333333333333,2
20000,2,2,27,0,0,0,0,0,0,18860,17904,15300,12776,3585,0,1360,1206,256,72,0,0,0.943,0.5702083333333333,0.03897777965050444,0.07595643674951132,0,0,0.0,0.943,482.3333333333333,2
90000,2,2,32,1,0,0,0,0,0,-295,-295,-295,-295,-295,9727,0,0,0,1,10022,0,0.0,0.018012962962962963,0.40604440789473684,0.0,1,1,0.3333333333333333,-0.10807777777777777,1670.5,4
360000,1,1,26,0,0,0,0,0,0,1517,2742,2317,2482,1415,2095,2749,2322,2482,1417,2095,3228,0.0042138888888888885,0.005818518518518518,1.000747877688578,1.002187386073642,0,0,0.0,-0.0016055555555555556,2382.1666666666665,0
100000,1,2,31,1,2,0,0,0,0,9311,5107,1647,3348,1458,1458,0,1647,3348,1458,1458,1677,0.09311,0.037215,0.7995447610736747,0.0,2,2,1.0,0.07853,1598.0,1
150000,2,2,26,1,0,0,0,0,0,2341,340,380,462,3,166,340,380,462,103,266,0,0.015606666666666666,0.004102222222222222,1.9170194641616007,0.9970674486803519,1,1,0.3333333333333333,0.0145,258.5,1
280000,2,2,49,0,0,0,0,0,0,278569,277306,225732,229877,219267,225421,11005,12000,12100,12000,10000,10000,0.9948892857142857,0.8667690476190476,0.048914162878693344,0.039685258576235005,0,0,0.0,0.1898142857142857,11184.166666666666,0
240000,1,1,46,0,0,0,0,0,0,7278,800,437,11624,9411,-3316,804,437,11705,9473,1405,164705,0.030325,0.020520833333333332,1.8029650043464271,1.00374531835206,0,0,0.0,0.030325,31421.5,0
50000,2,1,32,0,0,0,0,0,0,48508,49213,38280,12305,6436,0,3037,1800,1130,2000,0,0,0.97016,0.5158066666666666,0.10225193353382164,0.06171008249685049,0,0,0.0,0.97016,1327.8333333333333,2
20000,1,2,23,0,0,0,0,0,0,1174,1283,0,2616,600,0,1283,0,2616,600,780,1398,0.0587,0.047275,1.5994350346724056,0.9992211838006231,0,0,0.0,0.0587,1112.8333333333333,1
120000,3,2,26,1,0,2,0,0,0,0,1302,651,1302,651,651,1953,0,1302,0,651,651,0.0,0.006329166666666667,0.6993095216795597,1.498848810437452,2,2,1.0,-0.005425,759.5,2
20000,2,2,31,1,5,4,4,3,2,21703,21087,21461,20835,20219,20487,0,1000,0,0,760,0,1.08515,1.0482666666666667,0.016737772973679475,0.0,6,5,0.3333333333333335,0.0608,293.3333333333333,4
250000,2,2,26,0,0,0,0,0,0,115497,114716,117212,112623,110178,108176,3835,4068,3859,3597,3822,3825,0.461988,0.452268,0.03407569125779518,0.033430093185839935,0,0,0.0,0.029284,3834.3333333333335,0
20000,2,1,34,0,0,0,2,3,2,6827,7759,9618,10313,9863,9558,1200,2000,1000,0,0,508,0.34135,0.4494833333333333,0.09190331819813613,0.15463917525773196,3,3,-2.3333333333333335,-0.13655,784.6666666666666,2
90000,3,2,50,0,0,0,0,0,0,80926,76495,71616,60177,54440,45788,3451,3243,2390,1840,1690,1954,0.8991777777777777,0.7211888888888889,0.04016360193687816,0.045113469985358715,0,0,0.0,0.3904222222222222,2428.0,0
300000,1,2,28,1,0,0,0,0,0,0,0,0,0,0,0,0,0,0,0,0,0,0.0,0.0,0.0,0.0,1,1,0.3333333333333333,0.0,0.0,6
410000,3,1,32,0,0,0,0,0,0,388,388,388,388,110345,116128,388,388,388,110345,8000,4200,0.0009463414634146341,0.0926930894308943,0.8122335526717548,0.9974293059125964,0,0,0.0,-0.28229268292682924,20618.166666666668,0
80000,2,1,44,0,0,0,0,0,0,76992,73036,17576,5616,25439,25833,2000,1000,4554,21000,1000,1000,0.9624,0.46769166666666667,0.35184187173402975,0.027383381026055288,0,0,0.0,0.6394875,5092.333333333333,0
30000,2,1,37,2,2,2,2,2,2,19177,20054,20930,21291,20651,22110,1500,1500,1000,0,1801,1000,0.6392333333333333,0.6900722222222223,0.05497540437042654,0.07479431563201197,6,2,0.0,-0.09776666666666667,1133.5,1
500000,1,1,38,0,0,0,0,0,0,105587,105478,100026,86265,67539,53676,3627,3059,2670,2331,2406,1645,0.211174,0.172857,0.03505101266941353,0.03438599152437926,0,0,0.0,0.103822,2623.0,0
10000,2,1,37,3,2,0,0,2,0,7621,7368,8226,9834,9549,9774,0,1122,1730,0,508,425,0.7621,0.8728666666666666,0.07285038207743208,0.0,3,3,1.0,-0.2153,630.8333333333334,2
50000,1,2,36,1,2,2,2,0,0,49845,51215,47074,18853,19405,19237,2505,2300,0,1000,800,1000,0.9969,0.68543,0.038176704097889765,0.04891049671977507,4,2,1.0,0.61216,1267.5,1
50000,3,1,28,0,0,0,0,0,0,49468,49896,51057,49496,50688,50517,1900,2004,1900,2001,2200,2001,0.98936,1.00374,0.03974778838149165,0.03807844158967473,0,0,0.0,-0.02098,2001.0,0
70000,2,2,42,1,2,0,0,0,0,70803,67344,59018,48033,48833,49736,10,2200,2100,1900,1841,1945,1.0114714285714286,0.8184928571428571,0.03141313377396386,0.00014848912317172767,2,2,1.0,0.30095714285714287,1666.0,0
80000,2,1,44,0,0,0,0,0,0,47102,24470,25614,21053,18531,19051,1473,1617,856,672,828,910,0.588775,0.32462708333333334,0.04873994713373887,0.060193698663724406,0,0,0.0,0.3506375,1059.3333333333333,0
80000,1,2,32,0,0,0,0,0,0,5566,5783,6011,5783,2257,8257,6000,6011,5783,2257,6000,0,0.069575,0.07011875,0.9526260960252241,1.037344398340249,0,0,0.0,-0.0336375,4341.833333333333,1
200000,2,1,43,2,3,2,2,2,2,94529,92126,94772,92368,101837,103764,0,5000,0,12000,3700,0,0.472645,0.48283,0.04124986890333806,0.0,6,3,0.3333333333333335,-0.046175,3450.0,3
180000,2,1,34,1,2,2,2,2,2,142024,144790,146552,142714,152219,149618,6500,5600,0,12000,0,11800,0.7890222222222222,0.8128861111111111,0.03238739854197139,0.04489229302926287,6,2,-0.33333333333333326,-0.04218888888888889,5983.333333333333,2
360000,1,2,49,1,0,0,0,0,0,0,0,0,0,0,0,0,0,0,0,0,0,0.0,0.0,0.0,0.0,1,1,0.3333333333333333,0.0,0.0,6
380000,1,1,46,0,0,0,0,0,0,141102,84229,28749,14258,7594,190628,5034,2071,29,72,190710,30052,0.37132105263157894,0.20463157894736841,0.22874766905962143,0.059764929360085484,0,0,0.0,-0.1303315789473684,37994.666666666664,0
360000,1,2,33,0,0,0,0,0,0,898,11573,0,0,0,0,11573,0,0,0,0,5140,0.0024944444444444445,0.005773611111111111,0.1999827198894073,0.9999135994470365,0,0,0.0,0.0024944444444444445,2785.5,4
50000,1,2,26,1,0,0,0,0,0,0,0,0,1363,0,1624,0,0,1363,0,1624,2349,0.0,0.009956666666666666,0.3997302955109407,0.0,1,1,0.3333333333333333,-0.03248,889.3333333333334,3
400000,1,1,49,1,2,2,0,0,0,9279,7419,0,3378,0,590,0,0,3378,0,590,2951,0.0231975,0.008610833333333333,0.3996024014153308,0.0,3,2,1.6666666666666667,0.0217225,1153.1666666666667,3
120000,2,2,26,0,0,0,0,0,0,22431,12399,4199,3059,674,0,1500,1000,682,0,0,738,0.186925,0.05939166666666667,0.11638775940483721,0.12096774193548387,0,0,0.0,0.186925,653.3333333333334,2
130000,2,2,27,0,0,0,0,0,0,116646,113851,110317,108099,106028,104253,5578,4000,3863,3831,4136,5385,0.8972769230769231,0.8451205128205128,0.0393583277454019,0.04899343006710466,0,0,0.0,0.09533076923076923,4465.5,0
500000,1,1,44,1,0,0,0,0,0,706,1108,380,-270,2305,2733,1242,380,22,2575,3009,6026,0.001412,0.0024106666666666664,1.866908125152349,1.1199278629395852,1,1,0.3333333333333333,-0.004054,2209.0,0
280000,3,1,34,1,0,0,0,0,0,0,0,0,0,0,0,0,0,0,0,0,0,0.0,0.0,0.0,0.0,1,1,0.3333333333333333,0.0,0.0,6
460000,1,2,29,0,0,0,0,0,0,410033,385394,325663,324067,324749,327929,16088,13039,11127,11017,11110,11113,0.8913760869565217,0.7600851449275363,0.0367843017405214,0.04174418453794159,0,0,0.0,0.17848695652173913,12249.0,0
240000,2,2,37,2,2,2,0,0,2,45070,46111,45268,46295,48903,49763,1900,0,1900,3500,1600,0,0.18779166666666666,0.1954236111111111,0.03719296635184714,0.04120402498265094,4,2,1.3333333333333335,-0.019554166666666668,1483.3333333333333,2
50000,2,2,41,2,2,2,2,2,2,5025,4805,46295,46885,47535,45994,0,42000,1600,1500,2000,2000,0.1005,0.65513,0.2032738301262315,0.0,6,2,0.0,-0.81938,8183.333333333333,1
20000,2,2,25,1,2,0,0,0,0,19099,18114,18437,19267,19696,16876,0,1370,1200,1000,5000,1500,0.95495,0.929075,0.09672256665981303,0.0,2,2,1.0,0.11115,1678.3333333333333,1
180000,2,2,28,1,1,0,0,0,0,23638,-46,-46,-46,-46,1154,3000,0,0,0,1200,44338,0.13132222222222223,0.022955555555555555,1.2077922077922079,5.0,2,1,0.6666666666666666,0.12491111111111111,8089.666666666667,3
200000,1,2,25,0,0,0,0,0,0,136435,105,99230,92388,18758,0,105,99230,10038,18758,0,0,0.682175,0.28909666666666667,0.6198303901141802,0.9905660377358491,0,0,0.0,0.682175,21355.166666666668,2
50000,2,1,57,0,0,0,0,0,0,53320,52754,27231,26852,27820,25529,1300,50499,1000,1500,1500,1000,1.0664,0.7116866666666667,0.4057903500616008,0.024642214008150885,0,0,0.0,0.55582,9466.5,0
360000,1,1,41,0,0,0,0,0,0,250180,141206,64277,32727,13004,0,4428,2017,305,1240,0,0,0.6949444444444445,0.23212685185185186,0.03348094406167228,0.0313582187851877,0,0,0.0,0.6949444444444445,1331.6666666666667,2
100000,3,2,47,0,0,0,0,0,0,94667,97088,99520,102650,0,0,4000,4000,5000,0,0,0,0.94667,0.6565416666666667,0.026020113135990362,0.04119931197149008,0,0,0.0,0.94667,2166.6666666666665,3
50000,2,2,25,0,0,0,0,0,0,47809,49040,29662,28360,28831,29487,2141,1763,1161,1077,1167,1004,0.95618,0.71063,0.04419158127517735,0.04365734793336188,0,0,0.0,0.36644,1385.5,0
360000,3,1,70,0,0,2,2,0,0,1960,732,735,-10,-10,-10,800,3,0,0,0,0,0.0054444444444444445,0.001586574074074074,0.2190962542262293,1.0914051841746248,2,2,0.0,0.0054444444444444445,133.83333333333334,4
50000,3,1,26,1,2,0,0,0,0,48421,42779,34992,25916,27207,26192,0,1424,1500,1677,1500,1500,0.96842,0.6850233333333333,0.04349488288076692,0.0,2,2,1.0,0.44458,1266.8333333333333,1
20000,2,2,28,0,0,0,0,0,0,17027,34235,18478,19215,15915,0,1500,3000,1200,400,0,0,0.85135,0.8739166666666666,0.05874797593380001,0.043813529617946025,0,0,0.0,0.85135,1016.6666666666666,2
460000,1,1,54,0,0,0,0,0,0,7623,9483,18511,80877,45369,56789,9495,18513,80877,45369,56789,17540,0.016571739130434783,0.07922173913043479,1.0002323706296103,1.001159848165331,0,0,0.0,-0.10688260869565218,38097.166666666664,0
50000,3,1,52,1,2,2,0,0,2,7839,8761,8472,8641,9298,9000,1200,0,310,797,0,333,0.15678,0.17337,0.05170689996793557,0.13695503309746634,4,2,1.0,-0.02322,440.0,2
330000,2,1,28,0,0,0,0,0,2,221793,225079,229947,233122,246414,253338,10000,10000,8507,17215,11000,0,0.6721,0.7119661616161617,0.04753802126010366,0.0444286475919673,1,2,-0.6666666666666666,-0.09559090909090909,9453.666666666666,1
180000,1,2,29,1,0,0,0,0,0,0,0,0,0,0,0,0,0,0,0,0,0,0.0,0.0,0.0,0.0,1,1,0.3333333333333333,0.0,0.0,6
140000,1,2,25,0,0,0,0,0,0,2229,15985,0,0,0,0,15980,0,0,0,0,0,0.015921428571428572,0.021683333333333332,0.19992493431752784,0.9996246715876392,0,0,0.0,0.015921428571428572,2663.3333333333335,5
320000,2,1,37,0,0,0,0,0,0,202442,187475,164694,148160,132230,121191,8211,6100,6094,5035,4446,5028,0.63263125,0.4980166666666667,0.039345918670968656,0.04379760609357998,0,0,0.0,0.253909375,5819.0,0
150000,1,2,27,0,0,0,0,0,0,7310,4756,1919,8144,2969,8642,4756,1919,8144,2969,8642,0,0.04873333333333333,0.037488888888888884,0.999738754906321,0.9997897834769813,0,0,0.0,-0.00888,4405.0,1
50000,2,2,53,0,0,0,0,0,2,7343,7969,8832,10931,11578,10547,1139,1002,13359,800,0,426,0.14686,0.19066666666666668,0.30948970709775925,0.14291091593475533,1,2,-0.6666666666666666,-0.06408,2787.6666666666665,1
80000,3,1,33,0,0,0,0,0,0,390,390,390,1936,390,390,390,390,1936,390,390,390,0.004875,0.008095833333333333,0.9978507117421277,0.9974424552429667,0,0,0.0,0.0,647.6666666666666,0
50000,1,1,63,0,0,2,0,0,0,264,528,264,264,264,264,528,0,264,264,264,264,0.00528,0.00616,0.7973577772229554,0.998109640831758,1,2,0.6666666666666666,0.0,264.0,1
30000,3,1,21,0,0,0,0,2,0,28884,25277,25289,25971,25350,5082,2091,1600,1600,301,102,40,0.9628,0.754738888888889,0.047906251737902694,0.08272015191075244,1,2,-0.6666666666666666,0.7934,955.6666666666666,0
130000,2,2,25,0,0,0,0,0,0,14351,10473,9429,10413,7874,7158,2000,3000,3000,4000,1000,2000,0.11039230769230769,0.07653589743589743,0.2889554401997286,0.19094901661256444,0,0,0.0,0.05533076923076923,2500.0,0
310000,2,2,44,0,0,0,0,0,0,6571,1156,1156,1889,3367,2267,1156,1156,1889,3367,2267,0,0.021196774193548387,0.008820430107526882,0.9994008923558241,0.9991356957649092,0,0,0.0,0.013883870967741935,1639.1666666666667,1
70000,1,2,31,0,0,0,0,0,0,45450,0,0,0,0,0,0,0,0,0,0,0,0.6492857142857142,0.10821428571428572,0.0,0.0,0,0,0.0,0.6492857142857142,0.0,6
160000,2,1,47,1,0,0,0,0,0,0,0,0,0,0,0,0,0,0,0,0,0,0.0,0.0,0.0,0.0,1,1,0.3333333333333333,0.0,0.0,6
150000,3,1,39,0,0,0,0,0,0,108755,112554,113583,115846,118369,121786,5163,4000,3764,4000,5000,5030,0.7250333333333333,0.7676588888888889,0.037685179363467984,0.04587090755630581,0,0,0.0,-0.08687333333333333,4492.833333333333,0
80000,2,1,38,0,0,0,0,0,0,40356,25023,16392,7467,6727,994,1631,1432,1000,520,1097,2236,0.50445,0.20199791666666667,0.2932475905334927,0.06517742966751919,0,0,0.0,0.492025,1319.3333333333333,0
90000,4,2,23,0,0,0,0,0,0,40145,41194,42197,42726,43802,42761,2000,2000,1502,1737,1500,5050,0.44605555555555554,0.46819444444444447,0.04116625986801262,0.048549581259861634,0,0,0.0,-0.029066666666666668,2298.1666666666665,0
360000,2,1,28,1,0,0,0,0,0,0,0,0,0,0,0,0,0,0,0,0,0,0.0,0.0,0.0,0.0,1,1,0.3333333333333333,0.0,0.0,6
100000,3,1,36,0,0,0,0,0,0,102505,101554,101827,100055,80923,81249,3830,4100,4510,3186,2886,3020,1.02505,0.946855,0.03958851205106852,0.03771355423169711,0,0,0.0,0.21256,3588.6666666666665,0
500000,2,2,30,0,0,0,0,0,0,380417,377866,-3634,-3634,-3634,-3634,9027,3634,0,1907,0,210000,0.760834,0.252761,2.0047778715791535,0.023889357895767557,0,0,0.0,0.760834,37428.0,2
390000,3,2,43,1,0,0,0,0,0,0,0,0,0,0,0,0,0,0,0,0,498,0.0,0.0,0.0,0.0,1,1,0.3333333333333333,0.0,83.0,5
30000,2,2,22,0,0,0,2,0,0,27444,29000,29886,28392,22612,22750,2000,1800,0,1000,1000,0,0.9148,0.8893555555555556,0.043473291114034154,0.06896313920209649,1,2,-0.6666666666666666,0.15646666666666667,966.6666666666666,2
450000,1,2,29,1,0,0,0,0,0,1261,1261,1261,1261,1261,1261,1261,1261,1261,1261,1261,1261,0.002802222222222222,0.002802222222222222,0.9992076069730587,0.9992076069730587,1,1,0.3333333333333333,0.0,1261.0,0
50000,2,1,37,0,0,0,0,0,0,48596,39623,28964,9522,2650,-581,2152,2091,1034,500,17,26500,0.97192,0.43118333333333336,1.0847376790738252,0.05431051887744801,0,0,0.0,0.97192,5382.333333333333,0
200000,2,2,30,0,0,0,0,0,0,154030,151604,146128,138919,132778,136272,5370,5217,4894,4800,5900,5074,0.77015,0.7164425,0.037159395002872325,0.035420995349757595,0,0,0.0,0.08879,5209.166666666667,0
260000,2,1,37,1,1,0,0,0,0,5917,-15910,-15910,-15910,24090,13977,0,0,0,40000,507,656,0.02275769230769231,0.028194871794871797,0.3393284752769372,0.0,2,1,0.6666666666666666,-0.031,6860.5,3
320000,1,1,42,0,0,0,0,0,0,197352,201913,103278,62891,64948,66961,9000,6000,3000,3000,3000,3000,0.616725,0.36319947916666667,0.048272186485616674,0.04457343225333558,0,0,0.0,0.407471875,4500.0,0
200000,1,1,34,0,0,0,0,0,0,7448,5471,4506,10067,9273,2931,5473,4506,10137,9521,2931,10381,0.03724,0.03308,1.0066213607097663,1.0001827485380117,0,0,0.0,0.022585,7158.166666666667,0
240000,1,1,38,0,0,0,0,0,0,4890,4157,14342,11411,3006,13268,4164,14371,11411,3006,13336,0,0.020375,0.03546805555555556,1.0016048703972136,1.0014430014430014,0,0,0.0,-0.03490833333333333,7714.666666666667,1
330000,1,1,36,0,0,0,0,0,0,399,26,519,452,457,0,26,707,452,457,0,0,0.001209090909090909,0.0009358585858585858,0.8636374871892093,0.9629629629629629,0,0,0.0,0.001209090909090909,273.6666666666667,2
180000,1,2,30,0,0,0,0,0,0,50055,5320,9758,6494,32830,3267,5320,10008,6500,32830,3267,2650,0.27808333333333335,0.09974444444444444,1.0051520682174062,0.9998120654012403,0,0,0.0,0.25993333333333335,10095.833333333334,0
30000,2,2,24,0,0,0,0,0,0,24835,23527,20701,8263,0,0,1485,1138,1000,0,0,0,0.8278333333333333,0.42958888888888885,0.04781871952091893,0.06311628697721863,0,0,0.0,0.8278333333333333,603.8333333333334,3
290000,2,1,38,0,0,0,0,0,0,24709,291,6161,6200,3892,4072,291,6170,6216,3892,4072,4382,0.08520344827586207,0.026048850574712644,0.9999580392694847,0.9965753424657534,0,0,0.0,0.07116206896551724,4170.5,0
300000,2,2,27,0,0,0,0,0,0,-158,-158,-158,-158,142,92,0,0,0,300,100,100,0.0,0.00013,0.6346341830212798,0.0,0,0,0.0,-0.0003066666666666667,83.33333333333333,3
200000,2,2,34,2,2,2,2,2,2,71817,73376,71672,76004,74225,78193,3300,0,6100,0,5300,3500,0.359085,0.3710725,0.03860224696920069,0.044973220491434644,6,2,0.0,-0.03188,3033.3333333333335,2
70000,1,2,28,0,0,0,0,0,0,37325,38402,39476,40818,41833,45165,2000,2000,2000,2000,4000,0,0.5332142857142858,0.5786166666666667,0.05762173244694766,0.052079264640783274,0,0,0.0,-0.112,2000.0,1
200000,3,1,46,0,0,0,0,0,0,1207,5590,2500,0,0,0,5590,2500,0,0,0,0,0.006035,0.0077475,0.39988426021113643,0.9998211411196566,0,0,0.0,0.006035,1348.3333333333333,4
180000,2,2,30,0,0,0,0,0,0,101281,102650,0,975,4645,1000,4650,0,975,4645,1000,0,0.5626722222222222,0.19495462962962964,0.6086120580484355,0.04529912032030862,0,0,0.0,0.5571166666666667,1878.3333333333333,2
150000,1,2,25,0,0,0,0,0,0,25484,26726,27810,172,0,0,1726,1810,172,0,0,0,0.16989333333333334,0.08910222222222222,0.22477614103490823,0.06457889026078498,0,0,0.0,0.16989333333333334,618.0,3
500000,1,2,38,0,0,0,0,0,0,74615,74399,68761,70260,70143,68506,4010,6720,5000,5000,4000,5000,0.14923,0.142228,0.07049192168017238,0.05389784946236559,0,0,0.0,0.012218,4955.0,0
150000,2,1,31,1,0,0,0,0,0,6526,779,8927,8660,692,0,783,9098,8660,698,0,0,0.043506666666666666,0.028426666666666666,0.8059973839181243,1.0038461538461538,1,1,0.3333333333333333,0.043506666666666666,3206.5,2
30000,1,2,28,0,2,2,0,0,0,1190,2107,1098,1098,1248,982,1098,0,0,982,150,0,0.03966666666666667,0.04290555555555556,0.29193918963130067,0.5208728652751423,2,2,1.3333333333333333,0.006933333333333333,371.6666666666667,3
250000,3,2,46,0,0,0,0,0,0,244563,248218,70004,64953,51507,50338,10925,2351,1886,1616,1756,1182,0.978252,0.4863886666666667,0.03457801165354758,0.04401355254835448,0,0,0.0,0.7769,3286.0,0
300000,2,2,31,0,0,0,0,0,0,62198,35674,34979,510,2166,765,1600,2600,510,903,765,773,0.20732666666666666,0.07571777777777777,0.5065240427802321,0.04484933426769446,0,0,0.0,0.20477666666666666,1191.8333333333333,0
200000,1,1,49,0,0,0,0,0,0,1248,0,94,1712,9549,1060,0,94,1712,9549,1060,0,0.00624,0.011385833333333333,0.7975685387876268,0.0,0,0,0.0,0.00094,2069.1666666666665,2
130000,1,2,26,0,0,0,0,0,0,11149,3150,8552,5459,2850,9611,3160,8591,5463,2855,9611,8901,0.08576153846153846,0.05227051282051282,1.001829510413352,1.0028562361155189,0,0,0.0,0.011830769230769232,6430.166666666667,0
80000,3,1,37,0,0,0,0,0,0,51925,51544,49430,46864,46473,48191,3018,2113,3007,2000,3000,20000,0.6490625,0.6133895833333333,0.054149213630205105,0.05855078087108352,0,0,0.0,0.046675,5523.0,0
80000,2,2,24,0,0,0,0,0,0,35926,32813,22638,18805,6058,0,5041,4238,5051,3118,0,0,0.449075,0.24216666666666664,0.22480267992681938,0.15362345340403485,0,0,0.0,0.449075,2908.0,2
50000,2,2,24,0,0,0,0,0,0,12236,13324,14403,15460,15804,16549,1300,1300,1300,600,1000,602,0.24472,0.29258666666666666,0.07405636883891135,0.0975609756097561,0,0,0.0,-0.08626,1017.0,0
50000,3,2,35,0,0,0,0,0,0,41646,43257,31473,1473,1473,3873,4000,5300,1473,1473,3873,390,0.83292,0.41065,0.6518492842354654,0.09246844514309492,0,0,0.0,0.75546,2751.5,0
360000,1,1,31,0,0,0,0,0,0,460,460,460,399,0,0,460,460,399,0,0,0,0.0012777777777777779,0.0008236111111111111,0.5986323210412148,0.9978308026030369,0,0,0.0,0.0012777777777777779,219.83333333333334,3
30000,3,3,46,1,2,2,2,2,2,20143,19532,22194,21542,24022,25473,0,3000,0,3000,2000,0,0.6714333333333333,0.7383666666666666,0.06771146485374413,0.0,6,2,-0.33333333333333326,-0.17766666666666667,1333.3333333333333,3
80000,3,2,52,0,0,0,0,0,0,42635,39508,36060,30470,18306,7432,1623,1740,1200,366,7432,0,0.5329375,0.36335625,0.22971406923133678,0.04107924776633172,0,0,0.0,0.4400375,2060.1666666666665,1
180000,1,2,41,0,0,0,0,0,0,37353,24797,5549,22349,2974,0,1012,5549,17000,3322,0,2633,0.20751666666666665,0.08613148148148148,0.5835789232426964,0.04080974272118719,0,0,0.0,0.20751666666666665,4919.333333333333,1
200000,1,2,31,1,0,0,0,0,0,4035,4195,0,2907,2400,945,4210,0,2907,2400,945,0,0.020175,0.012068333333333332,0.8003038112855838,1.0033365109628218,1,1,0.3333333333333333,0.01545,1743.6666666666667,2
50000,2,1,34,0,0,0,0,0,0,48976,47404,46338,14234,19545,20173,2023,3105,3119,11000,909,3000,0.97952,0.6555666666666667,0.18732436747798661,0.04267482333087227,0,0,0.0,0.57606,3859.3333333333335,0
50000,1,2,24,0,0,0,0,0,0,35871,36312,35827,32834,29052,28288,5000,5000,5716,3000,2000,1500,0.71742,0.6606133333333333,0.12505766854927916,0.13769173574202076,0,0,0.0,0.15166,3702.6666666666665,0
180000,3,1,56,0,0,0,0,0,0,440,440,440,440,440,440,440,440,440,440,440,440,0.0024444444444444444,0.0024444444444444444,0.9977324263038548,0.9977324263038548,0,0,0.0,0.0,440.0,0
60000,2,2,44,0,0,0,0,0,0,57657,54173,67300,590,0,0,3400,1650,1180,0,0,400,0.96095,0.4992222222222222,0.4167786725107641,0.06276073393140622,0,0,0.0,0.96095,1105.0,2
130000,2,2,30,0,0,0,2,0,0,148234,144330,147035,136542,137586,141191,5200,11700,0,10000,12500,0,1.1402615384615384,1.096048717948718,0.05536277182970654,0.03602829606945147,1,2,-0.6666666666666666,0.054176923076923074,6566.666666666667,2
350000,2,1,36,0,0,0,0,0,0,21026,35588,38002,40357,43663,52735,15000,3000,3000,4000,10000,25000,0.06007428571428571,0.11017666666666667,0.17119736432556834,0.4214785467419708,0,0,0.0,-0.09059714285714286,10000.0,0
50000,1,2,25,0,0,0,0,0,0,38153,34476,25857,26621,27178,28038,1700,2000,1500,1000,1300,1300,0.76306,0.6010766666666666,0.05323104380089916,0.04930823447515735,0,0,0.0,0.2023,1466.6666666666667,0
380000,1,1,55,0,0,0,0,0,0,59881,61070,62350,63623,64846,66204,2185,2263,2310,2282,2363,2380,0.15758157894736843,0.16577807017543858,0.0358524605199374,0.03577802885166446,0,0,0.0,-0.016639473684210527,2297.1666666666665,0
90000,2,2,32,0,0,0,0,0,0,73814,73132,67854,53952,47277,35547,3700,4100,3900,3000,2200,1000,0.8201555555555555,0.6510666666666667,0.06172869310677766,0.050592755664337574,0,0,0.0,0.4251888888888889,2983.3333333333335,0
30000,2,2,22,2,2,2,0,0,0,27201,27873,25406,23339,17869,15284,4000,0,2000,2000,1500,1000,0.9067,0.7609555555555556,0.08784951075108635,0.14350290593384515,3,2,2.0,0.3972333333333333,1750.0,1
470000,2,2,30,0,0,0,0,0,0,216031,203735,181531,52119,48386,35425,7513,5552,1781,3021,3008,3015,0.4596404255319149,0.26142801418439715,0.049794989971366166,0.03687615345348883,0,0,0.0,0.384268085106383,3981.6666666666665,0
20000,3,3,46,0,0,0,0,0,0,14075,15523,17264,18325,15680,0,2000,2000,1500,500,0,0,0.70375,0.6738916666666667,0.07168214324828834,0.12883277505797475,0,0,0.0,0.70375,1000.0,2
280000,3,2,49,0,0,0,0,0,0,795,1020,0,1075,141246,146349,1025,0,1075,141246,6349,9192,0.0028392857142857143,0.1729077380952381,0.6092727165181616,1.0039177277179236,0,0,0.0,-0.5198357142857143,26481.166666666668,1
140000,2,1,28,0,0,0,0,0,0,131292,134057,135820,84829,86753,88808,7000,5820,3829,3753,3808,4744,0.9378,0.7875702380952381,0.04526856902401882,0.05221620492622596,0,0,0.0,0.30345714285714287,4825.666666666667,0
150000,3,2,31,0,0,0,0,0,0,31991,18322,11429,3714,0,0,18696,11629,3814,0,0,0,0.21327333333333334,0.0727288888888889,0.6128831947119696,1.0203569284505813,0,0,0.0,0.21327333333333334,5689.833333333333,3
50000,3,1,28,0,0,0,0,0,0,3377,4256,4207,694,238,0,1000,4207,694,238,0,0,0.06754,0.04257333333333333,0.6458093239453147,0.2349072116513977,0,0,0.0,0.06754,1023.1666666666666,2
400000,1,1,42,0,2,0,0,0,0,80,80,3710,33605,47029,39400,0,3828,33627,47029,40000,0,0.0002,0.05162666666666667,0.8094668350553478,0.0,1,2,0.6666666666666666,-0.0983,20747.333333333332,2
220000,2,1,35,2,2,2,2,0,0,29202,30420,32222,32983,34031,36321,2000,2600,1600,1600,3000,0,0.13273636363636362,0.1478628787878788,0.06490985578277852,0.06574405838072384,4,2,1.3333333333333335,-0.03235909090909091,1800.0,1
360000,1,1,32,0,0,0,0,0,0,7462,2708,5562,3906,8413,3079,2721,5588,3924,8454,3093,4095,0.02072777777777778,0.014412037037037036,1.0044499164348646,1.0044296788482836,0,0,0.0,0.012175,4645.833333333333,0
200000,3,1,47,0,0,0,0,0,0,0,9661,0,23648,575,847,9661,218,23648,575,847,249,0.0,0.0289425,1.799387772055858,0.9998965017594701,0,0,0.0,-0.004235,5866.333333333333,0
150000,2,2,26,1,2,0,0,0,0,156387,148656,150963,152607,103113,96518,0,6000,10000,4000,4000,7000,1.04258,0.898048888888889,0.03710131464230751,0.0,2,2,1.0,0.3991266666666667,5166.666666666667,1
160000,1,2,31,1,2,0,0,0,0,56432,55371,56316,59331,60227,61778,0,2000,3500,2000,2200,3000,0.3527,0.364015625,0.032664259485274016,0.0,2,2,1.0,-0.0334125,2116.6666666666665,1
130000,1,2,29,0,0,0,0,0,0,0,0,0,0,0,62043,0,0,0,0,62043,16533,0.0,0.07954230769230769,0.1999967764812069,0.0,0,0,0.0,-0.47725384615384614,13096.0,4
80000,1,2,30,1,0,0,0,0,0,0,1313,880,0,0,0,1313,883,0,0,0,0,0.0,0.00456875,0.4003018225103962,0.9992389649923896,1,1,0.3333333333333333,0.0,366.0,4
50000,2,2,45,0,0,0,0,0,0,45911,47521,48599,7476,7792,4122,2350,2421,298,468,1649,1500,0.91822,0.53807,0.11982530774009754,0.04945078069104836,0,0,0.0,0.83578,1447.6666666666667,0
60000,1,1,46,1,2,0,0,0,0,62063,60513,60398,31194,30343,30427,0,1744,1100,1074,1200,1000,1.0343833333333334,0.7637166666666667,0.027793643781886625,0.0,2,2,1.0,0.5272666666666667,1019.6666666666666,1
160000,1,1,42,0,0,0,0,0,3,69896,71971,73996,75065,82472,80984,3810,3831,2900,8800,0,0,0.43685,0.4733166666666667,0.05000877592593254,0.05293725337631301,1,3,-1.0,-0.0693,3223.5,2
70000,1,2,29,0,0,0,2,2,2,40048,40783,44205,44784,43763,46646,1700,4100,1600,0,3600,2000,0.5721142857142857,0.6195928571428572,0.049466446490405235,0.041683012946253435,3,2,-2.0,-0.09425714285714286,2166.6666666666665,1
230000,3,1,38,0,0,0,0,0,0,6901,0,188,6498,44938,56015,0,188,6498,40000,12000,2500,0.030004347826086956,0.083,0.6197750189809759,0.0,0,0,0.0,-0.21353913043478262,10197.666666666666,1
350000,2,2,34,0,0,0,0,0,0,19202,16576,16801,15238,10267,9578,1300,2000,1500,1000,1500,2500,0.054862857142857144,0.04174380952380952,0.10997390188932066,0.07842190987512819,0,0,0.0,0.027497142857142855,1633.3333333333333,0
60000,2,2,24,2,2,0,0,2,2,47210,46155,46838,50044,50923,52158,0,1725,4000,2000,2200,2100,0.7868333333333334,0.8148,0.03964185683351262,0.0,4,2,0.0,-0.08246666666666666,2004.1666666666667,1
230000,1,1,39,0,0,0,0,0,0,970,1475,1636,1149,334,459,1483,1640,1152,335,460,553,0.0042173913043478265,0.004364492753623188,1.0016628597015564,1.0047425474254743,0,0,0.0,0.0022217391304347827,937.1666666666666,0
120000,2,2,27,1,1,0,0,0,0,11238,0,0,0,0,0,0,0,0,0,0,0,0.09365,0.015608333333333333,0.0,0.0,2,1,0.6666666666666666,0.09365,0.0,6
580000,2,1,57,0,0,0,0,0,0,20498,2290,4968,4481,5574,14240,2290,4968,4485,5583,14242,9986,0.035341379310344825,0.014957183908045976,1.000307360611567,0.9995635093845482,0,0,0.0,0.010789655172413794,6925.666666666667,0
20000,2,2,23,2,0,0,2,0,0,15789,16831,20404,19621,14051,0,1610,4183,0,281,0,0,0.78945,0.7224666666666667,0.06412941378492458,0.09565114068441065,2,2,0.0,0.78945,1012.3333333333334,3
30000,2,2,28,1,0,0,0,0,0,0,0,0,0,2805,0,0,0,0,2805,0,0,0.0,0.015583333333333333,0.1999287241625089,0.0,1,1,0.3333333333333333,0.0,467.5,5
170000,1,2,51,0,0,0,0,0,0,195038,189067,180389,137030,129222,122229,7509,5573,4309,4239,5142,2856,1.1472823529411764,0.9342892156862744,0.03538549447540618,0.03971586942264159,0,0,0.0,0.42828823529411764,4938.0,0
90000,3,1,39,0,0,0,0,0,0,93757,91359,88616,56887,46700,47272,4000,2625,2511,1501,1391,1393,1.0417444444444444,0.7862796296296297,0.03582190483201141,0.043782837127845885,0,0,0.0,0.5165,2236.8333333333335,0
130000,1,1,36,0,0,0,0,0,0,129689,107070,103942,94623,90556,92394,5000,4400,5000,4000,3500,4000,0.9976076923076923,0.7926589743589744,0.04478430151289207,0.046697985448907735,0,0,0.0,0.2868846153846154,4316.666666666667,0
380000,2,2,34,0,0,0,0,0,0,194314,179206,193992,174675,171253,169121,9010,35000,5000,6000,5000,4400,0.5113526315789474,0.4748074561403509,0.06478409881582059,0.050277053909724506,0,0,0.0,0.06629736842105263,10735.0,0
150000,1,2,29,0,0,0,0,0,0,78044,43437,45132,39180,31422,32410,2000,2500,3300,2150,1500,6200,0.5202933333333334,0.2995833333333333,0.06007215556300214,0.0460426354804549,0,0,0.0,0.30422666666666665,2941.6666666666665,0
20000,3,1,40,0,0,2,3,2,2,13370,16326,17963,17386,16809,18137,3200,2200,0,0,1600,900,0.6685,0.8332583333333334,0.08133482280897039,0.19599436516200158,4,3,-1.666666666666667,-0.23835,1316.6666666666667,2
20000,1,2,22,0,0,0,0,0,0,28758,14780,18829,18401,3000,0,1423,5000,400,200,0,0,1.4379,0.6980666666666667,0.0900374367531577,0.0962722413909749,0,0,0.0,1.4379,1170.5,2
40000,1,1,28,0,0,2,0,0,0,10371,11895,11228,2475,5341,6255,2567,0,2475,5341,1500,0,0.259275,0.1981875,0.490993113408517,0.21578681909885675,1,2,0.6666666666666666,0.1029,1980.5,2
240000,1,2,47,2,2,0,0,0,0,2500,0,0,0,0,0,0,0,0,0,0,0,0.010416666666666666,0.0017361111111111112,0.0,0.0,2,2,1.3333333333333333,0.010416666666666666,0.0,6
130000,1,2,25,0,0,0,0,0,0,5279,7887,10116,9110,6500,5874,4000,4000,2500,236,1700,74,0.04060769230769231,0.057392307692307694,0.30050618278117713,0.5070993914807302,0,0,0.0,-0.0045769230769230765,2085.0,0
300000,1,1,45,0,0,0,0,0,0,999,-7334,8333,6666,8333,8333,0,24000,6666,10000,8333,15449,0.00333,0.018146666666666665,1.2158807286417537,0.0,0,0,0.0,-0.024446666666666665,10741.333333333334,1
190000,2,2,33,0,0,0,0,0,0,176028,166336,162100,155584,157988,154366,7063,8004,5500,7000,6000,5000,0.9264631578947369,0.8529842105263158,0.04207287153464091,0.042461989815855763,0,0,0.0,0.11401052631578948,6427.833333333333,0
40000,2,2,27,6,5,4,3,2,0,42055,41146,40114,38797,38244,38478,0,0,0,0,871,116,1.051375,0.9951416666666666,0.004527144676316952,0.0,5,6,3.333333333333333,0.089425,164.5,4
180000,1,1,38,0,0,0,0,0,2,153099,150227,138313,137274,147314,129870,7005,6500,5000,12042,32,1300,0.85055,0.7926824074074075,0.04240729663254193,0.04662912373192747,1,2,-0.6666666666666666,0.12905,5313.166666666667,0
270000,1,2,34,0,0,2,0,0,0,67544,54523,18865,44908,19508,15860,4025,5,34000,0,0,0,0.250162962962963,0.13654814814814814,0.16623445652986324,0.07382070280977185,1,2,0.6666666666666666,0.19142222222222222,6338.333333333333,3
330000,3,1,53,0,0,0,0,0,0,287021,191065,290451,192123,196860,-3140,6802,102428,4100,4937,3140,184036,0.869760606060606,0.5846060606060606,1.086933921749648,0.035600263783195335,0,0,0.0,0.869760606060606,50907.166666666664,0
20000,2,1,62,1,2,2,0,0,0,17539,18563,17982,18659,19035,20236,1612,0,1289,665,1491,0,0.87695,0.93345,0.05290474282905473,0.08683473389355742,3,2,1.6666666666666667,-0.13485,842.8333333333334,2
240000,1,1,42,1,0,0,0,0,0,0,6370,0,0,0,0,6370,0,0,0,0,0,0.0,0.004423611111111112,0.19996860775388478,0.9998430387694239,1,1,0.3333333333333333,0.0,1061.6666666666667,5
150000,2,1,47,0,0,0,0,0,0,153404,144960,148146,142279,139905,142833,6900,7200,5450,5265,5443,5350,1.0226933333333332,0.9683633333333334,0.04204874418624298,0.04759900938873214,0,0,0.0,0.07047333333333333,5934.666666666667,0
240000,1,1,49,0,0,0,0,0,0,511,-5,-5,561,0,0,0,0,566,0,0,517,0.002129166666666667,0.0007444444444444444,0.20142348754448397,0.0,0,0,0.0,0.002129166666666667,180.5,4
170000,2,1,34,0,0,0,0,0,0,35923,37323,38420,40468,41793,43952,2000,2000,3000,2000,3000,2000,0.21131176470588237,0.23321470588235294,0.05917579846781497,0.053584824777622976,0,0,0.0,-0.04722941176470588,2333.3333333333335,0
70000,1,2,26,2,0,0,0,0,0,50587,51329,48122,43912,44834,45737,2214,3510,1720,1780,1800,1900,0.7226714285714285,0.6774309523809523,0.04685896677097466,0.04313267095265926,1,2,0.6666666666666666,0.06928571428571428,2154.0,0
210000,1,1,54,0,0,0,0,0,0,1494,6545,11755,5808,3974,0,6555,11800,5818,4015,0,0,0.0071142857142857145,0.02347301587301587,0.8033459736356348,1.0013748854262146,0,0,0.0,0.0071142857142857145,4698.0,2
360000,2,1,43,0,0,0,0,0,0,1999,10145,4005,19158,3569,31171,10145,4723,19158,3569,31171,3283,0.005552777777777778,0.03242916666666667,1.0357037159583071,0.9999014389907352,0,0,0.0,-0.08103333333333333,12008.166666666666,0
50000,2,1,32,0,0,0,0,0,0,316,282,316,316,316,316,282,350,316,316,316,316,0.00632,0.006206666666666666,1.018220731014034,0.9964664310954063,0,0,0.0,0.0,316.0,0
90000,2,1,31,0,0,0,0,0,0,5287,7525,10360,0,0,0,2500,3000,0,0,0,0,0.058744444444444446,0.04291111111111111,0.12434582217094436,0.33218176986446984,0,0,0.0,0.058744444444444446,916.6666666666666,4
460000,1,2,28,0,0,0,0,0,0,16560,12570,19403,10063,8628,0,2500,9456,10063,0,0,13182,0.036,0.024356521739130436,0.3372186507149748,0.19887041603691036,0,0,0.0,0.036,5866.833333333333,2
180000,2,1,34,2,2,2,2,2,2,95008,97088,98093,99578,101828,103986,4500,3500,4000,4000,4000,4000,0.5278222222222222,0.5514638888888889,0.0399892574575109,0.04634922596792634,6,2,0.0,-0.04987777777777778,4000.0,0
190000,3,1,50,0,0,0,0,2,0,102648,106410,108770,115325,112063,114484,5400,5491,9800,0,4300,8700,0.5402526315789473,0.5786842105263158,0.04475296921597901,0.05074663333677909,1,2,-0.6666666666666666,-0.062294736842105264,5615.166666666667,1
160000,2,2,27,0,0,0,0,0,0,80964,80337,82182,82586,85145,87049,4000,4000,3500,4000,4000,2500,0.506025,0.5190239583333333,0.04675395825260646,0.04978963877617068,0,0,0.0,-0.03803125,3666.6666666666665,0
120000,2,1,45,0,0,0,2,0,0,22573,22506,12440,10218,3516,4321,5000,10218,0,4500,4321,3000,0.18810833333333332,0.10496388888888888,0.6645475842956929,0.22215310792197984,1,2,-0.6666666666666666,0.1521,4506.5,1
200000,1,1,30,2,2,2,2,2,2,2500,2500,2500,2500,2500,2500,0,0,0,0,0,0,0.0125,0.0125,0.0,0.0,6,2,0.0,0.0,0.0,6
200000,2,1,29,0,0,0,0,0,0,118729,121398,125899,128933,129427,132338,4874,6690,7000,4500,5000,4682,0.593645,0.6306033333333334,0.04402549545500027,0.04014860089457079,0,0,0.0,-0.068045,5457.666666666667,0
390000,2,1,39,0,2,0,0,0,0,7831,3844,5797,7657,4086,5795,8,5806,7667,95,5804,4721,0.02007948717948718,0.014961538461538462,0.6058520695435048,0.002080624187256177,1,2,0.6666666666666666,0.00522051282051282,4016.8333333333335,0
560000,2,1,43,0,0,0,0,0,0,168211,139873,142391,145345,148177,139831,5060,4827,4974,4942,4573,4074,0.3003767857142857,0.2630440476190476,0.03407037779235321,0.03617541501637188,0,0,0.0,0.05067857142857143,4741.666666666667,0
120000,2,1,26,0,0,0,0,0,0,13587,11433,7823,0,4913,7023,11433,7823,0,4913,7023,2176,0.113225,0.06219305555555556,0.799887772091565,0.9999125415427672,0,0,0.0,0.0547,5561.333333333333,1
90000,1,2,23,0,0,0,0,0,0,316,3066,3832,6194,5878,316,3066,3832,5878,0,0,3316,0.003511111111111111,0.0363,0.5896485515208869,0.9996739484838605,0,0,0.0,0.0,2682.0,2
260000,2,2,27,0,0,0,0,0,0,895,0,0,0,0,0,0,0,0,0,0,0,0.0034423076923076924,0.0005737179487179487,0.0,0.0,0,0,0.0,0.0034423076923076924,0.0,6
330000,1,1,43,1,0,0,0,0,0,0,0,0,0,0,0,0,0,0,0,0,0,0.0,0.0,0.0,0.0,1,1,0.3333333333333333,0.0,0.0,6
390000,1,1,32,0,0,0,0,0,0,26214,25100,34131,31120,15768,30831,6000,10778,7063,7060,30009,10025,0.06721538461538462,0.06972820512820513,0.44055640786116024,0.2390343014222541,0,0,0.0,-0.011838461538461539,11822.5,0
290000,1,2,32,0,0,0,0,0,0,1485,299,0,0,440,0,299,0,0,440,0,0,0.005120689655172414,0.00127816091954023,0.3988798185941043,0.9966666666666667,0,0,0.0,0.005120689655172414,123.16666666666667,4
150000,1,2,35,0,0,0,0,0,0,3425,9009,-3,780,0,0,9054,0,783,0,0,0,0.022833333333333334,0.014682222222222223,0.4014888564562636,1.00488346281909,0,0,0.0,0.022833333333333334,1639.5,4
50000,3,1,41,0,0,0,0,0,0,46857,48080,49705,51400,16087,16827,2000,2400,3000,16087,1000,800,0.93714,0.7631866666666667,0.2415215230751592,0.041596472619121895,0,0,0.0,0.6006,4214.5,0
40000,2,1,56,0,0,0,0,0,0,30048,31049,32144,33157,33657,34359,1805,1900,1851,1351,1394,1464,0.7512,0.8100583333333333,0.05075446489118145,0.05813204508856683,0,0,0.0,-0.107775,1627.5,0
380000,1,1,55,0,0,0,0,0,0,126880,130324,152869,137442,82800,42083,7000,25390,10000,20000,1659,1600,0.33389473684210524,0.29491140350877193,0.11470445520396133,0.05371187416075197,0,0,0.0,0.22315,10941.5,0
320000,1,1,34,0,0,0,0,0,0,11317,2612,1265,3031,13001,8807,2617,1265,3031,13001,8807,4003,0.035365625,0.020850520833333334,1.0000441316771882,1.0015308075009568,0,0,0.0,0.00784375,5454.0,0
150000,2,1,39,1,2,0,0,0,0,9937,9629,10633,10649,10570,10481,0,1175,1135,1000,1000,1000,0.06624666666666666,0.06877666666666667,0.0814134960723672,0.0,2,2,1.0,-0.0036266666666666665,885.0,1
360000,3,1,53,0,0,0,0,0,0,0,208,2489,786,0,486,208,2489,786,0,486,150,0.0,0.0018375,0.7982979336916474,0.9952153110047847,0,0,0.0,-0.00135,686.5,1
360000,3,2,31,1,0,2,0,0,0,0,238,238,3730,3930,3930,238,0,3730,200,0,0,0.0,0.005586111111111111,0.4092851028401718,0.99581589958159,2,2,1.0,-0.010916666666666667,694.6666666666666,3
20000,2,2,23,1,2,2,0,0,2,17081,16809,17541,18250,19463,19010,300,1305,1305,1518,0,1861,0.85405,0.9012833333333334,0.0483464945111477,0.01784651992861392,4,2,1.0,-0.09645,1048.1666666666667,1
230000,1,2,30,0,0,0,0,0,0,1432,1094,665,582,472,746,1094,665,582,472,746,633,0.006226086956521739,0.003616666666666667,0.9984834275265235,0.9990867579908675,0,0,0.0,0.0029826086956521738,698.6666666666666,0
20000,2,2,25,0,0,0,0,0,2,17927,17384,13648,13924,15685,15292,1500,1500,1400,2000,0,2500,0.89635,0.7821666666666667,0.08484405378606377,0.08628127696289906,1,2,-0.6666666666666666,0.13175,1483.3333333333333,1
30000,2,1,27,0,0,2,0,0,0,390,780,390,780,390,390,780,0,780,0,390,150,0.013,0.017333333333333333,0.5989763271561477,0.998719590268886,1,2,0.6666666666666666,0.0,350.0,2
230000,1,2,28,0,0,0,0,0,0,95956,87294,85336,81640,82462,80964,4231,4061,2846,2800,2909,2601,0.4172,0.37221159420289857,0.040159860142423794,0.04846783893693797,0,0,0.0,0.06518260869565218,3241.3333333333335,0
280000,1,1,37,0,0,0,0,0,0,8909,3173,13947,7676,6155,3695,3571,14080,7742,6178,3711,6056,0.03181785714285714,0.02592559523809524,1.0301283054277228,1.1250787649653433,0,0,0.0,0.01862142857142857,6889.666666666667,0
30000,1,2,41,0,0,0,0,0,0,22346,26357,29043,29419,29848,29306,8816,4021,2000,5000,6000,6000,0.7448666666666667,0.9239944444444445,0.18262732713594407,0.3344715077016466,0,0,0.0,-0.232,5306.166666666667,0
30000,3,2,28,1,2,2,2,0,0,25554,28031,28345,27591,28218,29880,3204,1068,0,1068,2136,600,0.8518,0.9312166666666667,0.05226112221931163,0.11429794520547945,4,2,1.0,-0.1442,1346.0,1
50000,2,1,41,0,0,0,0,0,0,45422,46291,16118,14237,14381,16026,1916,1243,1492,636,2000,2000,0.90844,0.50825,0.07846095327514803,0.041389440940119246,0,0,0.0,0.58792,1547.8333333333333,0
50000,3,1,34,0,0,0,2,0,0,15750,16472,15530,8440,1000,0,1300,2410,0,0,0,0,0.315,0.19064,0.046818107928519974,0.07891701572269774,1,2,-0.6666666666666666,0.315,618.3333333333334,4
70000,1,2,26,1,2,2,2,2,2,28106,30447,29659,31767,31124,35511,3100,0,2600,0,5100,1400,0.4015142857142857,0.4443190476190476,0.0654539435593349,0.10181292695743563,6,2,-0.33333333333333326,-0.10578571428571429,2033.3333333333333,2
20000,2,2,24,0,0,0,0,0,0,17924,18475,19539,19396,11643,11578,1400,1380,1181,1000,500,500,0.8962,0.8212916666666666,0.06726936074320147,0.07577397705130981,0,0,0.0,0.3173,993.5,0
280000,1,2,31,0,0,0,0,0,0,0,0,0,787,1233,0,0,0,787,1233,0,0,0.0,0.0012023809523809524,0.399584118339106,0.0,0,0,0.0,0.0,336.6666666666667,4
30000,1,2,22,1,2,2,0,0,0,25229,25533,24441,24441,11255,0,1000,0,0,0,0,0,0.8409666666666666,0.6161055555555556,0.007832693663350826,0.03916346831675413,3,2,1.6666666666666667,0.8409666666666666,166.66666666666666,5
150000,1,1,30,0,0,0,0,0,0,6154,0,0,0,0,0,0,0,0,0,0,26286,0.04102666666666667,0.0068377777777777786,0.0,0.0,0,0,0.0,0.04102666666666667,4381.0,5
190000,3,1,54,1,0,0,0,0,0,-596,-1072,-1548,40733,10876,2907,0,0,43500,2000,2907,3000,0.0,0.047821052631578945,0.4502868626727993,0.0,1,1,0.3333333333333333,-0.0153,8567.833333333334,2
50000,2,1,27,0,2,0,0,0,0,780,390,390,780,390,390,0,390,780,0,390,0,0.0156,0.0104,0.5987209001509639,0.0,1,2,0.6666666666666666,0.0078,260.0,3
450000,2,1,43,0,0,0,0,0,0,1448,6018,10402,6110,7848,14279,6018,10426,6110,7848,14279,20723,0.0032177777777777777,0.017075925925925925,1.0003367376063543,0.9998338594450905,0,0,0.0,-0.028513333333333335,10900.666666666666,0
20000,2,2,23,3,2,2,2,2,2,12508,12015,14459,14498,14029,15179,0,2955,597,0,1473,0,0.6254,0.6890666666666667,0.06851353461226299,0.0,6,3,0.3333333333333335,-0.13355,837.5,3
420000,2,1,37,0,0,0,0,0,0,3823,149793,56611,77406,79316,73995,150298,10617,25000,3034,3012,5012,0.009102380952380952,0.1749777777777778,0.3185658095499795,1.0033646207458242,0,0,0.0,-0.1670761904761905,32828.833333333336,0
30000,2,1,36,2,2,2,2,2,2,16818,20213,19590,21261,20783,22081,4000,0,2000,0,1800,0,0.5606,0.670811111111111,0.07469230788707241,0.19788265558523796,6,2,0.0,-0.17543333333333333,1300.0,3
470000,2,1,45,0,0,0,0,0,0,293261,279104,220728,198425,182826,130586,18000,10018,10000,10000,4771,6000,0.6239595744680851,0.4627411347517731,0.05030119940219733,0.06449185790293975,0,0,0.0,0.34611702127659577,9798.166666666666,0
140000,1,2,28,0,0,0,0,0,0,138036,140922,144072,142381,142807,141635,6600,7000,5300,6000,5500,5500,0.9859714285714286,1.0117297619047618,0.042698152380019026,0.04683408669982898,0,0,0.0,-0.025707142857142855,5983.333333333333,0
20000,2,2,27,0,0,0,0,0,0,19812,17678,19068,19642,27988,1280,1291,1681,1255,672,52,0,0.9906,0.8789,0.0579342406366667,0.07302449233553934,0,0,0.0,0.9266,825.1666666666666,1
50000,2,1,34,0,0,0,0,0,0,24636,25064,51224,26230,18755,19227,1500,2300,2800,1000,1150,1000,0.49272,0.5504533333333334,0.06492263384987318,0.059844404548174746,0,0,0.0,0.10818,1625.0,0
160000,1,2,30,0,0,0,0,0,0,99,2977,15086,8578,13028,21712,2977,15086,9123,13028,29712,50000,0.00061875,0.06404166666666666,1.0862657273928917,0.9996642041638684,0,0,0.0,-0.13508125,19987.666666666668,0
80000,2,2,30,0,0,0,0,0,0,5919,5545,2154,583,11381,9508,5548,2154,583,11381,190,74,0.0739875,0.07310416666666666,0.8036154933840113,1.000360620266859,0,0,0.0,-0.0448625,3321.6666666666665,0
30000,2,2,42,0,0,2,0,0,0,836,1672,836,390,390,390,1672,0,390,390,390,0,0.027866666666666668,0.02507777777777778,0.7983459274195398,0.9994022713687986,1,2,0.6666666666666666,0.014866666666666667,473.6666666666667,2
50000,2,3,48,2,0,0,0,0,0,18460,20942,18942,18811,18183,18561,2813,1289,658,659,679,654,0.3692,0.37966333333333335,0.062032326878036524,0.1343169555460058,1,2,0.6666666666666666,-0.00202,1125.3333333333333,0
300000,1,2,32,2,0,0,0,0,0,255299,255607,258394,261024,260672,263894,9106,11000,11009,10000,10000,10000,0.8509966666666666,0.8638277777777779,0.03932549632107609,0.035624863071578354,1,2,0.6666666666666666,-0.02865,10185.833333333334,0
50000,1,2,25,2,2,2,2,2,2,45708,48862,47748,50799,49904,49978,3900,0,3800,0,4000,0,0.91416,0.9766633333333333,0.046930351332734335,0.07981499293944293,6,2,0.0,-0.0854,1950.0,3
620000,2,2,31,0,0,0,0,0,0,5712,11598,21049,13846,3565,7076,11881,21171,13915,3583,7111,1971,0.009212903225806451,0.016894086021505376,1.0089086024161373,1.024312440727649,0,0,0.0,-0.0022,9938.666666666666,0
680000,1,2,30,0,0,0,0,0,0,39639,-45,10251,25094,7327,167520,0,10296,25219,7341,163123,7267,0.05829264705882353,0.061233088235294116,0.7969507322736676,0.0,0,0,0.0,-0.18806029411764705,35541.0,1
150000,1,2,26,0,0,2,0,0,0,65421,69087,63156,57147,53383,48556,4850,2000,2000,2000,2000,1500,0.43614,0.3963888888888889,0.04310348093204274,0.07020032422417787,1,2,0.6666666666666666,0.11243333333333333,2391.6666666666665,0
50000,2,1,24,0,0,0,0,0,0,46437,40703,20215,21116,20036,18952,1912,1370,1271,664,658,638,0.92874,0.5581966666666667,0.04855720020962825,0.046973270440251576,0,0,0.0,0.5497,1085.5,0
150000,4,2,26,0,0,0,0,0,0,117209,102018,79511,39800,-1500,0,3700,25007,2300,0,1500,0,0.7813933333333334,0.37615333333333334,1.0817122466680273,0.036267754045815,0,0,0.0,0.7813933333333334,5417.833333333333,2
270000,1,2,28,0,0,0,0,0,0,475,475,5691,37526,50565,48888,475,5691,34000,14000,8000,15000,0.0017592592592592592,0.08865432098765433,0.6688479361661387,0.9978991596638656,0,0,0.0,-0.17930740740740742,12861.0,0
150000,2,2,39,1,2,2,0,0,2,21019,19890,19271,19037,20448,19345,1602,0,1000,1709,0,1000,0.14012666666666668,0.13223333333333334,0.043327846398362777,0.08053893720778241,4,2,1.0,0.01116,885.1666666666666,2
200000,3,1,43,0,0,0,0,0,0,113570,113974,117248,104889,103668,105467,4149,5571,5221,4001,4001,4001,0.56785,0.5490133333333334,0.04204452079492523,0.036402719894713755,0,0,0.0,0.040515,4490.666666666667,0
70000,2,2,28,1,2,2,2,2,2,26357,27223,27492,28738,27977,30022,1600,1000,2000,0,2500,0,0.37652857142857143,0.3995452380952381,0.04960118083941624,0.05877167205406994,6,2,-0.33333333333333326,-0.05235714285714286,1183.3333333333333,2
30000,3,1,60,0,3,2,0,0,3,5867,5621,4090,2829,2108,1801,0,0,0,1801,0,0,0.19556666666666667,0.12397777777777778,0.170791844476055,0.0,3,3,0.6666666666666667,0.13553333333333334,300.1666666666667,5
500000,3,2,51,0,0,0,0,0,0,2362,575,360,964,957,176,575,361,978,958,176,310,0.004724,0.001798,1.0012171347930876,0.9982638888888888,0,0,0.0,0.004372,559.6666666666666,0
180000,1,1,46,0,0,0,0,0,0,173267,174590,175233,106288,28089,178719,8100,5299,3305,5040,160719,7000,0.9625944444444444,0.7742462962962964,0.2372859322213999,0.046394144028042685,0,0,0.0,-0.03028888888888889,31577.166666666668,0
140000,2,2,38,0,0,0,0,0,2,141453,132415,130305,79775,74462,74954,8000,3100,3000,5417,0,500,1.0103785714285713,0.754004761904762,0.038911729818186185,0.06041565973900435,1,2,-0.6666666666666666,0.47499285714285716,3336.1666666666665,1
50000,1,1,32,0,0,0,0,0,2,27447,28187,29220,30547,32329,31677,1500,1491,1818,2600,0,1400,0.54894,0.5980233333333334,0.048834528228806295,0.05321413367390379,1,2,-0.6666666666666666,-0.0846,1468.1666666666667,1
620000,1,2,52,0,0,0,0,0,0,31400,32166,17206,164582,75743,54737,32335,17244,154826,76300,55012,55136,0.05064516129032258,0.10103064516129032,0.9920872104399292,1.0052227438057637,0,0,0.0,-0.03764032258064516,65142.166666666664,0
70000,1,2,50,2,0,0,0,0,0,62049,64315,58564,56741,25172,29186,4000,3000,10032,8000,5139,1000,0.8864142857142857,0.7048261904761906,0.15681813354550306,0.06219292244542571,1,2,0.6666666666666666,0.4694714285714286,5195.166666666667,0
390000,2,2,26,2,2,2,0,0,0,185111,172865,153795,140387,128112,115514,5000,3000,5000,4548,4100,3300,0.4746435897435897,0.38281367521367526,0.031007842549429575,0.028924137771453032,3,2,2.0,0.17845384615384616,4158.0,0
160000,1,2,23,0,0,0,0,0,0,151246,155926,113767,50531,-10,-5,10517,20258,20157,0,0,3570,0.9452875,0.4911145833333333,0.12888162174367457,0.06744822897894527,0,0,0.0,0.9452875,9083.666666666666,2
140000,2,1,37,0,0,0,0,0,0,58081,51013,54343,27537,9751,12569,5000,5000,5000,3000,3000,5000,0.41486428571428574,0.2539214285714286,0.18357575303841728,0.09801231034617948,0,0,0.0,0.3250857142857143,4333.333333333333,0
10000,1,2,22,0,0,0,0,0,0,9397,9709,10228,10432,9839,9859,1200,1153,357,501,429,196,0.9397,0.9910666666666667,0.07298895649857672,0.12358393408856849,0,0,0.0,-0.0462,639.3333333333334,0
30000,3,1,34,0,0,0,2,0,0,8090,0,3398,2855,2115,521,0,6253,0,2115,0,2000,0.26966666666666667,0.09432777777777779,0.5678372266723617,0.0,1,2,-0.6666666666666666,0.2523,1728.0,3
170000,2,1,43,0,0,0,0,0,0,20699,11614,11487,14716,8172,8244,11614,11487,14743,8172,8244,13733,0.12175882352941177,0.07346274509803921,1.000269976352295,0.9999139044339217,0,0,0.0,0.07326470588235294,11332.166666666666,0
70000,1,2,22,3,2,2,0,0,0,71501,71769,68530,29959,29315,28805,1966,49,1168,1032,1200,1200,1.021442857142857,0.713997619047619,0.028790797491322052,0.027393061167618783,3,3,2.3333333333333335,0.6099428571428571,1102.5,0
70000,3,1,47,0,0,0,0,0,0,71392,70757,71451,70654,70965,71373,3200,3400,2900,2750,3152,2700,1.0198857142857143,1.0156952380952382,0.04335323267208631,0.04522456824670002,0,0,0.0,0.00027142857142857144,3017.0,0
180000,2,2,24,0,0,0,0,0,0,316,316,316,316,316,316,316,316,316,316,316,316,0.0017555555555555556,0.0017555555555555556,0.9968454258675079,0.9968454258675079,0,0,0.0,0.0,316.0,0
220000,2,1,48,0,0,0,0,0,0,28132,30362,31387,32559,35019,37422,2700,1534,1700,3000,3000,3000,0.12787272727272728,0.14763712121212122,0.07116748815555994,0.08892401936567533,0,0,0.0,-0.042227272727272724,2489.0,0
180000,2,2,27,0,0,2,0,0,0,5319,6531,5446,4853,3965,3310,2300,0,288,143,246,33,0.02955,0.027244444444444446,0.10435989212715124,0.352112676056338,1,2,0.6666666666666666,0.011161111111111111,501.6666666666667,1
200000,3,1,35,0,0,0,0,0,0,215090,208556,214321,134517,54711,23611,7700,9300,6500,3000,856,1152,1.07545,0.709005,0.04394380320319828,0.03692036229903575,0,0,0.0,0.957395,4751.333333333333,0
20000,2,2,26,0,0,0,0,0,0,6690,8628,8515,6584,3403,3748,2600,1500,1500,1000,402,0,0.3345,0.31306666666666666,0.22124792600228624,0.3013095376057481,0,0,0.0,0.1471,1167.0,1
300000,3,1,37,1,0,0,0,0,0,43459,26115,26283,16624,6316,8394,26137,26443,16624,6166,8078,25763,0.14486333333333334,0.07066166666666666,0.9890257876802284,1.0008041047633633,1,1,0.3333333333333333,0.11688333333333334,18201.833333333332,0
20000,1,2,29,2,0,0,0,0,0,15037,16078,17210,18098,18843,19586,1600,1700,1500,1000,1000,500,0.75185,0.8737666666666666,0.0770563565656208,0.09950867591268114,1,2,0.6666666666666666,-0.22745,1216.6666666666667,0
70000,2,2,25,2,0,0,0,0,0,46526,47820,48750,49936,51102,52276,2070,2000,2000,2000,2000,2100,0.6646571428571428,0.7057380952380952,0.0403512146734464,0.043286422283097384,1,2,0.6666666666666666,-0.08214285714285714,2028.3333333333333,0
230000,1,1,28,1,2,0,0,0,0,207128,195825,199659,157434,160009,155825,6300,9264,6116,6128,5765,5956,0.9005565217391305,0.7796231884057971,0.03854241476732792,0.03217141748286744,2,2,1.0,0.22305652173913043,6588.166666666667,0
100000,2,2,32,0,0,0,0,0,0,43788,44843,45814,46727,46798,46799,1759,1730,1643,1696,1685,1653,0.43788,0.45794833333333335,0.036878144530724674,0.039224868432789224,0,0,0.0,-0.03011,1694.3333333333333,0
50000,3,1,42,0,0,0,0,0,0,51123,50646,41150,30405,30671,30664,2089,2190,1100,1271,1264,2778,1.02246,0.7821966666666668,0.0426600108682112,0.04124627322447529,0,0,0.0,0.40918,1782.0,0
30000,1,2,33,4,3,2,2,2,2,22303,21657,21022,23661,22983,25607,0,0,3000,0,3000,0,0.7434333333333333,0.7624055555555556,0.04878729073945729,0.0,6,4,1.0,-0.11013333333333333,1000.0,4
230000,3,1,47,0,0,0,0,0,0,6200,5482,15900,1678,0,764,5482,15900,1678,0,764,0,0.026956521739130435,0.021756521739130435,0.799570389361736,0.9998176180922852,0,0,0.0,0.023634782608695653,3970.6666666666665,2
100000,1,2,26,0,0,0,0,0,0,96353,99710,102093,97701,99322,98787,4900,5000,4000,3800,3710,4100,0.96353,0.9899433333333333,0.042974299430617736,0.04914202043906891,0,0,0.0,-0.02434,4251.666666666667,0
70000,3,1,30,0,0,0,0,0,0,19882,20611,21859,22445,22935,23404,1352,1600,949,1000,1000,1000,0.2840285714285714,0.3122285714285714,0.05347812957458129,0.06559285852901223,0,0,0.0,-0.050314285714285714,1150.1666666666667,0
170000,2,2,33,0,0,0,0,0,0,2754,2754,2754,2754,2754,2754,2754,2754,2754,2754,2754,2754,0.0162,0.0162,0.9996370235934664,0.9996370235934664,0,0,0.0,0.0,2754.0,0
200000,3,2,45,1,0,0,0,0,0,666,1928,-15,1753,4717,1230,1937,0,1768,6137,0,27,0.00333,0.008578333333333334,0.6625784035425933,1.00414722654225,1,1,0.3333333333333333,-0.00282,1644.8333333333333,2
50000,2,2,24,0,0,0,0,0,0,26239,17824,17615,17956,18091,18259,1300,5869,1000,795,1000,1000,0.52478,0.38661333333333336,0.11209789715036192,0.0729312762973352,0,0,0.0,0.1596,1827.3333333333333,0
230000,1,1,33,0,0,0,0,0,0,213859,218094,225070,227528,121751,219354,9285,12000,9100,4600,4200,4100,0.9298217391304348,0.8881565217391304,0.03856267326131076,0.042573190582085786,0,0,0.0,-0.023891304347826086,7214.166666666667,0
20000,2,2,24,1,3,2,2,3,2,7719,7455,7187,8367,7945,7669,0,0,1300,0,0,1000,0.38595,0.3861833333333333,0.03107074569789675,0.0,6,3,-0.3333333333333335,0.0025,383.3333333333333,4
220000,2,1,37,0,0,0,0,0,0,13429,15688,17922,20111,22261,24392,2500,2500,2500,2500,2500,2500,0.06104090909090909,0.08621439393939395,0.1275848384783426,0.159347313404296,0,0,0.0,-0.04983181818181818,2500.0,0
150000,2,1,66,0,0,0,0,0,0,190790,167666,145132,148054,146358,145253,4942,4875,4085,4113,4074,4820,1.2719333333333334,1.0480588888888889,0.029361124169176817,0.029475090506778316,0,0,0.0,0.30358,4484.833333333333,0
240000,2,2,67,0,0,0,0,0,0,542827,508581,471796,468202,442401,419209,20225,17389,80167,15167,16000,13133,2.2617791666666665,1.9812611111111111,0.06405949026439939,0.03976743180057493,0,0,0.0,0.515075,27013.5,0
80000,2,2,31,0,0,0,0,0,0,45605,46669,47892,49098,50152,51812,1800,2000,2000,2000,2500,4000,0.5700625,0.606725,0.04183817388783488,0.0385686736661667,0,0,0.0,-0.0775875,2383.3333333333335,0
80000,2,2,27,0,0,0,0,0,0,57376,58649,59873,61077,62394,63655,2200,2200,2200,2300,2300,2600,0.7172,0.7563,0.03665352742827074,0.03751065643648764,0,0,0.0,-0.0784875,2300.0,0
230000,1,2,34,0,2,0,0,2,0,907,591,119,699,383,32774,0,1000,1000,0,33500,3000,0.003943478260869565,0.025705072463768117,1.4901383894518907,0.0,2,2,0.0,-0.13855217391304347,6416.666666666667,2
230000,2,1,29,0,0,0,0,0,0,56171,60250,63574,71941,75882,75619,5000,5000,10000,5000,5000,5000,0.2442217391304348,0.29234565217391306,0.08652905767567218,0.08298617450332775,0,0,0.0,-0.08455652173913043,5833.333333333333,0
210000,1,2,26,0,0,0,0,0,0,9899,6000,4100,0,10790,7373,1008,1000,0,10790,7373,0,0.047138095238095236,0.030287301587301585,0.4823173376741102,0.16797200466588902,0,0,0.0,0.012028571428571428,3361.8333333333335,2
450000,1,3,37,0,0,0,0,0,0,324,302,5018,317,1614,324,303,5041,1,1622,325,316,0.00072,0.0029255555555555554,0.8023724725417211,1.0,0,0,0.0,0.0,1268.0,0
110000,1,1,37,0,0,2,2,0,0,106658,111694,112131,108106,109798,107372,10800,3808,0,4000,5000,5000,0.9696181818181818,0.9935742424242424,0.042729741138944656,0.09669188414879806,2,2,0.0,-0.006490909090909091,4768.0,1
150000,2,1,44,0,0,0,0,0,0,292,7948,3363,1774,0,0,8144,18285,1774,0,0,0,0.0019466666666666666,0.014863333333333333,1.4047936014628468,1.024531387595924,0,0,0.0,0.0019466666666666666,4700.5,3
250000,1,1,49,0,0,0,0,0,0,66,0,0,120,-6,1639,0,0,120,6,1645,0,0.000264,0.0012166666666666667,1.3989568635355776,0.0,0,0,0.0,-0.006292,295.1666666666667,3
500000,2,2,36,0,0,0,0,0,0,21368,21094,12675,5803,5841,2227,4066,5004,28,2033,3130,94593,0.042736,0.023002666666666668,0.4690355536153986,0.19274709646835744,0,0,0.0,0.038282,18142.333333333332,0
220000,2,2,27,0,0,0,0,0,0,1692,13250,433,1831,0,2891,13250,433,1831,0,2891,153504,0.007690909090909091,0.015225,0.7993457507074997,0.9999245339974342,0,0,0.0,-0.00545,28651.5,1
80000,3,1,41,0,0,0,0,0,0,52456,20925,15115,12465,6925,6049,11500,3000,4000,1260,6100,0,0.6557,0.23736458333333335,0.45181624079425353,0.5495555767944185,0,0,0.0,0.5800875,4310.0,1
100000,2,2,40,0,0,0,0,0,0,1573,-28,-28,-28,2816,2118,0,0,0,2844,2118,0,0.01573,0.010845,0.40182254876388435,0.0,0,0,0.0,-0.00545,827.0,4
500000,1,1,36,0,0,0,0,0,0,25334,6834,2914,-341,38853,0,6867,2929,0,39194,0,0,0.050668,0.024645,0.6036470474267451,1.0046817849305048,0,0,0.0,0.050668,8165.0,3
50000,3,2,63,2,2,2,2,0,0,51432,50316,50866,48194,47233,50224,0,3600,0,3000,5001,2000,1.02864,0.9942166666666667,0.04677165934369089,0.0,4,2,1.3333333333333335,0.02416,2266.8333333333335,2
140000,2,1,44,0,0,0,0,0,0,127254,109717,81545,81454,60176,79728,6050,3700,2000,3000,20000,1500,0.9089571428571429,0.6427071428571428,0.08515412956237627,0.05514136240179369,0,0,0.0,0.3394714285714286,6041.666666666667,0
250000,1,1,40,0,0,0,0,0,0,2971,1737,3989,11577,11377,500,1737,3989,11577,0,500,25841,0.011884,0.021434,0.7994183241506798,0.9994246260069045,0,0,0.0,0.009884,7274.0,1
130000,2,2,23,0,0,0,0,0,0,111388,113900,109062,105252,103969,104254,6000,5000,6000,10000,10000,5000,0.8568307692307693,0.8305448717948718,0.06952562798473158,0.052677325045434195,0,0,0.0,0.05487692307692308,7000.0,0
130000,3,1,44,0,0,0,0,0,0,122264,125756,129159,127727,130334,0,3541,3497,2875,2607,0,0,0.9404923076923077,0.8144102564102563,0.019548698901838756,0.028157478311346486,0,0,0.0,0.9404923076923077,2086.6666666666665,2
500000,1,1,43,0,0,0,0,0,0,403800,404640,412082,417759,428608,421871,17000,16500,15000,19000,18032,5000,0.8076,0.8295866666666666,0.0410062158977784,0.042012549395637123,0,0,0.0,-0.036142,15088.666666666666,0
120000,1,1,38,1,0,0,0,0,0,0,0,4050,4050,0,0,0,4051,0,0,7,7,0.0,0.01125,1.2,0.0,1,1,0.3333333333333333,0.0,677.5,3
50000,2,1,30,0,0,0,0,0,0,46800,37395,38591,40037,32260,27649,1604,1800,2200,1400,1100,1300,0.936,0.74244,0.0455321862696162,0.04289228794523479,0,0,0.0,0.38302,1567.3333333333333,0
230000,2,1,62,0,0,0,0,0,0,167635,170085,172204,173045,176163,179625,6474,7726,5601,6100,6427,6000,0.7288478260869565,0.7527224637681159,0.03714041373227768,0.03806309749185706,0,0,0.0,-0.052130434782608696,6388.0,0
220000,2,1,34,0,0,0,0,0,0,144544,137465,134420,132066,131319,130478,6500,4700,5000,5000,5000,10000,0.6570181818181818,0.6138575757575757,0.03930080794994527,0.04728441942007478,0,0,0.0,0.06393636363636364,6033.333333333333,0
160000,1,2,26,0,0,0,0,0,0,2659,3859,10709,8677,4318,2659,3859,10709,1000,100,1000,2856,0.01661875,0.03425104166666667,0.5027949688417694,0.9997409326424871,0,0,0.0,0.0,3254.0,0
30000,3,2,22,2,0,0,2,2,2,15048,16795,18524,19923,19305,20994,2000,2000,2000,0,2000,0,0.5016,0.6143833333333333,0.08453608191559776,0.11907597046915933,4,2,-1.3333333333333335,-0.1982,1333.3333333333333,2
200000,2,1,36,0,0,0,0,0,0,175000,184057,189643,115046,24895,35410,12000,9427,5934,13000,11000,1320,0.875,0.6033758333333333,0.1998589724443791,0.06519684012648187,0,0,0.0,0.69795,8780.166666666666,0
20000,1,1,41,0,0,0,0,0,0,19796,18510,16077,16389,11286,12833,1507,4011,5066,1003,7000,3000,0.9898,0.7907583333333333,0.2548525589876743,0.08141105288747232,0,0,0.0,0.34815,3597.8333333333335,0
80000,2,2,28,0,0,0,0,2,0,47916,49964,49965,50142,46888,47592,3122,2123,4300,0,2800,3000,0.59895,0.60930625,0.049911910741299394,0.06248373861703192,1,2,-0.6666666666666666,0.00405,2557.5,1
50000,3,2,26,0,0,0,0,0,0,50419,40200,0,0,0,0,1000,0,0,0,0,0,1.00838,0.3020633333333333,0.004975000621875078,0.02487500310937539,0,0,0.0,1.00838,166.66666666666666,5
110000,3,1,54,0,0,0,0,0,0,105449,107957,82407,70562,70982,71609,4500,3786,2666,2900,3100,2856,0.9586272727272728,0.7711606060606061,0.04191035088311019,0.041682876674262216,0,0,0.0,0.30763636363636365,3301.3333333333335,0
10000,2,1,38,1,2,2,0,0,0,4437,5355,6113,8012,8873,9229,1150,1000,2000,1000,500,500,0.4437,0.7003166666666667,0.1589451720977138,0.2147124719940254,3,2,1.6666666666666667,-0.4792,1025.0,0
20000,2,2,26,2,0,0,0,0,0,1041,10757,11094,9351,8562,8058,10758,2679,502,224,513,9,0.05205,0.4071916666666667,0.27699061430711225,1.0,1,2,0.6666666666666666,-0.35085,2447.5,0
20000,4,1,28,0,0,0,2,0,0,21501,21415,21529,19542,18547,17519,1674,2200,0,686,705,4176,1.07505,1.0004416666666667,0.051514740696854175,0.07816585730295106,1,2,-0.6666666666666666,0.1991,1573.5,1
80000,1,1,37,0,0,0,0,0,0,27695,15372,25919,18449,2655,20808,10000,25919,18449,2655,20808,0,0.3461875,0.2310375,0.9299947555707252,0.6504911207962011,0,0,0.0,0.0860875,12971.833333333334,1
50000,3,1,33,0,0,0,2,0,0,19374,17772,20090,19052,19601,16460,1346,2664,1261,782,606,583,0.38748,0.37449666666666664,0.07024430361187635,0.07573285320429865,1,2,-0.6666666666666666,0.05828,1207.0,0
360000,1,2,29,0,0,0,0,0,0,3206,2347,3770,3466,1630,2931,2358,3788,3483,1638,2946,16950,0.008905555555555555,0.008032407407407407,1.0044897431735291,1.004258943781942,0,0,0.0,0.0007638888888888889,5193.833333333333,0
220000,1,2,33,0,2,2,0,0,0,1379,1205,825,1783,1205,1205,705,325,1283,507,705,705,0.006268181818181819,0.005759090909090909,0.540437022425414,0.5845771144278606,2,2,1.3333333333333333,0.0007909090909090909,705.0,0
50000,2,2,24,0,0,0,0,0,0,390,390,390,780,780,0,390,390,780,0,0,0,0.0078,0.0091,0.5987209001509639,0.9974424552429667,0,0,0.0,0.0078,260.0,3
50000,1,2,29,3,3,2,3,2,2,49624,48530,50255,49104,51044,50933,0,2800,0,3000,800,3000,0.99248,0.9983,0.026038602656301556,0.0,6,3,0.33333333333333304,-0.02618,1600.0,2
50000,3,2,40,0,0,0,0,0,0,52828,93362,46645,19114,19341,20047,3000,2403,6700,1000,1000,2000,1.05656,0.83779,0.1071479268703837,0.03213264355258507,0,0,0.0,0.65562,2683.8333333333335,0
240000,3,2,41,0,0,0,0,0,0,218435,205981,187258,189435,145032,147370,5778,17020,5268,4179,4903,4236,0.9101458333333333,0.7593826388888889,0.0417667846629879,0.028050994747113825,0,0,0.0,0.29610416666666667,6897.333333333333,0
180000,1,2,29,0,0,0,0,0,0,996,1593,2597,998,847,1912,1597,2604,1001,849,1915,4055,0.005533333333333334,0.008280555555555555,1.001683650425991,1.0018820577164367,0,0,0.0,-0.005088888888888889,2003.5,0
250000,2,1,38,1,0,0,0,0,0,-163,-553,212,49924,-918,-1567,0,2000,51002,2,0,2000,0.0,0.033424,1.6043144717075613,0.0,1,1,0.3333333333333333,0.0,9167.333333333334,2
90000,1,1,37,0,0,0,0,0,0,91641,85906,87138,87141,66964,65898,3100,4300,3900,2313,2378,2647,1.0182333333333333,0.8975703703703704,0.04016249515904451,0.036085534356920856,0,0,0.0,0.2860333333333333,3106.3333333333335,0
20000,2,1,34,2,2,2,0,0,0,17151,16887,17302,18029,18362,18669,300,1000,1000,1000,1000,1000,0.85755,0.8866666666666666,0.04780797054601561,0.017764092846991947,3,2,2.0,-0.0759,883.3333333333334,0
20000,3,3,35,0,0,2,2,0,0,3975,362,2182,1500,500,0,362,2000,0,500,0,0,0.19875,0.07099166666666666,0.5822839157550321,0.9972451790633609,2,2,0.0,0.19875,477.0,3
360000,2,1,30,0,0,0,0,0,0,6323,6934,17170,11152,6000,0,7001,17173,1000,1000,0,200000,0.01756388888888889,0.022027314814814816,0.45318685727395175,1.009516943042538,0,0,0.0,0.01756388888888889,37695.666666666664,1
60000,1,2,25,0,0,0,0,0,0,16313,10253,7735,6923,7035,9175,5000,3000,2000,2000,4000,800,0.2718833333333333,0.1595388888888889,0.37688689662200336,0.4876145894285157,0,0,0.0,0.11896666666666667,2800.0,0
390000,2,1,37,0,0,0,0,0,0,200927,200612,202794,191419,81360,66864,17843,8315,6839,3000,2348,2401,0.5151974358974359,0.40340854700854706,0.047532068448873296,0.08894239156983845,0,0,0.0,0.343751282051282,6791.0,0
300000,4,1,54,1,0,0,0,0,0,0,0,1702,0,0,0,0,1702,0,0,0,0,0.0,0.0009455555555555556,0.19988256018790368,0.0,1,1,0.3333333333333333,0.0,283.6666666666667,5
30000,3,1,55,1,2,0,0,0,0,30724,29278,30393,29785,30377,30155,0,1600,1585,1377,1155,2600,1.0241333333333333,1.0039555555555555,0.03789691593887914,0.0,2,2,1.0,0.018966666666666666,1386.1666666666667,1
80000,1,2,26,0,0,0,0,0,0,78025,80224,81619,80030,79434,81348,3500,3300,3100,2900,3200,3100,0.9753125,1.0014166666666666,0.039727615400816055,0.04362729822374572,0,0,0.0,-0.0415375,3183.3333333333335,0
280000,1,2,35,1,0,0,0,0,0,0,416,832,0,832,416,416,832,0,832,416,0,0.0,0.0014857142857142857,0.7985605753092604,0.9976019184652278,1,1,0.3333333333333333,-0.0014857142857142857,416.0,2
200000,2,2,26,0,0,0,0,0,0,41906,17969,29789,11740,27004,4039,18089,30223,42749,27124,22,58869,0.20953,0.1103725,1.3344021962194472,1.0066221480244852,0,0,0.0,0.189335,29512.666666666668,0
30000,3,2,28,2,2,2,0,0,0,22323,25961,25141,22272,22844,19436,4000,9,1000,1013,1300,10000,0.7441,0.7665388888888889,0.06211035348849162,0.154071335028118,3,2,2.0,0.09623333333333334,2887.0,0
80000,3,2,28,0,0,0,0,0,0,2147,612,2110,2298,1196,390,612,2110,2298,1196,390,0,0.0268375,0.018235416666666667,0.9988134062230356,0.99836867862969,0,0,0.0,0.0219625,1101.0,1
260000,1,2,30,0,0,0,0,0,0,27855,28307,27842,25366,19533,14214,1259,1305,1113,528,406,211,0.10713461538461538,0.09174166666666667,0.038162416840978576,0.044475060053695066,0,0,0.0,0.052465384615384615,803.6666666666666,0
100000,2,1,36,1,2,2,2,2,0,32196,31379,33862,35007,34147,35437,0,3000,2000,0,2000,3500,0.32196,0.33671333333333336,0.04043173224766604,0.0,5,2,0.3333333333333335,-0.03241,1750.0,2
160000,2,1,29,0,0,0,2,0,0,6252,5073,6854,3759,3164,3000,4000,2230,0,16,16,81,0.039075,0.02927291666666667,0.22480590350050494,0.7883326763894364,1,2,-0.6666666666666666,0.020325,1057.1666666666667,1
100000,2,1,41,2,2,2,2,2,0,97031,96919,93277,97576,94742,95578,3500,0,7000,0,3600,4000,0.97031,0.9585383333333333,0.029103130405398435,0.036112257531985145,5,2,0.6666666666666667,0.01453,3016.6666666666665,2
250000,3,1,53,1,0,0,0,0,0,-13,3823,839,0,1762,0,3836,839,0,1762,0,0,0.0,0.004282666666666667,0.6002760768297712,1.0031380753138075,1,1,0.3333333333333333,0.0,1072.8333333333333,3
210000,1,2,34,0,0,0,0,0,0,1262,33414,1828,0,11854,30949,33414,1828,0,11854,30288,1460,0.006009523809523809,0.0629420634920635,0.795589927245792,0.9999700733203651,0,0,0.0,-0.14136666666666667,13140.666666666666,1
100000,1,2,26,0,0,0,0,0,0,2724,46286,46435,4398,3437,3476,45000,2300,1000,0,1000,100,0.02724,0.17792666666666668,0.3073308803804758,0.9721952167995334,0,0,0.0,-0.00752,8233.333333333334,1
130000,2,1,52,0,2,0,0,0,0,6954,4110,1030,357,357,370,12,1034,727,0,13,1330,0.05349230769230769,0.016894871794871796,0.6143190964750191,0.002918997810751642,1,2,0.6666666666666666,0.05064615384615385,519.3333333333334,1
20000,1,2,25,0,0,0,0,0,0,20052,5328,18428,19709,19833,19376,1500,15000,2000,1000,900,1000,1.0026,0.85605,0.25874997743518835,0.281478701444924,0,0,0.0,0.0338,3566.6666666666665,0
50000,3,1,54,0,0,0,0,0,0,50356,48981,47942,1261,17147,16609,2000,1120,1300,17147,1000,1000,1.00712,0.6076533333333334,0.43088994311081114,0.04083132579314851,0,0,0.0,0.67494,3927.8333333333335,0
50000,2,2,41,0,0,0,0,0,0,48152,45974,44792,18649,16260,18745,2043,3000,14000,545,5000,308,0.96304,0.6419066666666666,0.23246430551304886,0.04443719412724307,0,0,0.0,0.58814,4149.333333333333,0
30000,2,2,53,0,0,0,0,0,0,356,15666,16863,7380,8580,10000,15700,2000,2000,1200,2200,0,0.011866666666666666,0.3269166666666667,0.3502980001203385,1.0021063381630178,0,0,0.0,-0.3214666666666667,3850.0,1
30000,1,2,25,1,0,0,0,0,0,0,0,0,0,0,0,0,0,0,0,0,0,0.0,0.0,0.0,0.0,1,1,0.3333333333333333,0.0,0.0,6
230000,2,1,46,0,0,0,0,0,0,8136,3590,2936,476,476,476,1500,1000,476,476,476,1685,0.03537391304347826,0.011659420289855072,0.7503810244803071,0.4177109440267335,0,0,0.0,0.033304347826086954,935.5,0
290000,1,1,36,1,0,0,0,0,0,0,0,568,16166,16726,17427,0,568,16166,1000,1000,1000,0.0,0.029245402298850573,0.42306863804913686,0.0,1,1,0.3333333333333333,-0.06009310344827586,3289.0,1
20000,2,2,22,1,0,0,0,0,0,3843,396,0,0,0,0,2000,0,0,0,0,0,0.19215,0.035325,1.0,5.0,1,1,0.3333333333333333,0.19215,333.3333333333333,5
170000,2,2,31,0,0,0,0,0,0,165987,169790,115786,72309,73812,75149,8400,4000,2210,2282,2159,1800,0.9763941176470589,0.6596401960784314,0.03484536108076623,0.04947258688623072,0,0,0.0,0.5343411764705882,3475.1666666666665,0
260000,2,1,35,0,0,0,0,0,0,3439,10034,256,274,388,766,10127,258,274,388,766,1185,0.013226923076923077,0.00971602564102564,1.0011096248404034,1.0091679123069257,0,0,0.0,0.01028076923076923,2166.3333333333335,0
220000,2,2,25,0,0,0,0,0,0,168286,155893,119575,51317,51926,34608,10000,3900,1000,1000,2000,2000,0.7649363636363636,0.4406098484848485,0.03865879438812271,0.06414615058950313,0,0,0.0,0.6076272727272727,3316.6666666666665,0
20000,2,2,23,0,0,0,0,0,2,17821,19099,0,1728,1953,1780,2000,0,1728,225,0,0,0.89105,0.353175,0.24385641727922844,0.10471204188481675,1,2,-0.6666666666666666,0.80205,658.8333333333334,3
50000,3,2,25,0,0,0,0,0,0,35227,36236,21068,18132,18405,16754,2011,2000,2000,1000,1000,1000,0.70454,0.48607333333333336,0.0749463780585247,0.05549576399812346,0,0,0.0,0.36946,1501.8333333333333,0
100000,1,2,31,2,2,2,2,2,2,93975,95030,96611,97947,95602,77323,3500,4000,4005,600,2400,2900,0.93975,0.92748,0.03128720738489244,0.036830087024234195,6,2,0.0,0.16652,2900.8333333333335,0
180000,3,2,45,0,0,0,2,0,0,76942,77952,80269,66855,67128,67257,4003,5603,3,2504,2511,3021,0.42745555555555553,0.4040768518518518,0.03916668211807444,0.05135145536412967,1,2,-0.6666666666666666,0.05380555555555556,2940.8333333333335,0
210000,2,1,49,1,0,0,0,0,0,0,0,0,0,0,0,0,0,0,0,0,0,0.0,0.0,0.0,0.0,1,1,0.3333333333333333,0.0,0.0,6
300000,2,2,28,0,0,0,0,0,0,603,4728,0,0,0,279,4747,0,0,0,279,423,0.00201,0.0031166666666666665,0.40004697459444766,1.0038063015436667,0,0,0.0,0.00108,908.1666666666666,3
150000,1,2,31,0,0,0,0,0,0,3084,-1,600,4102,4102,6121,0,601,4102,0,2019,5515,0.02056,0.02001,0.4659100921605158,0.0,0,0,0.0,-0.020246666666666666,2039.5,2
180000,1,1,48,0,0,0,0,0,0,64788,66092,65236,65912,66523,67020,3000,2370,3000,3000,2588,2500,0.3599333333333333,0.3662694444444444,0.04218909480143511,0.04539058599246516,0,0,0.0,-0.0124,2743.0,0
50000,1,2,24,2,2,2,2,0,0,45049,43379,46097,44187,43165,37967,0,3628,8,1500,1490,1303,0.90098,0.8661466666666667,0.030575217109168263,0.0,4,2,1.3333333333333335,0.14164,1321.5,1
500000,1,2,34,0,0,0,0,0,0,119451,143348,159291,262663,308074,400050,26000,20000,106700,50000,100000,200000,0.238902,0.4642923333333333,0.22508395529483588,0.18137552407062485,0,0,0.0,-0.561198,83783.33333333333,0
60000,1,2,30,0,0,0,0,0,0,0,0,0,0,0,0,0,0,0,0,0,3789,0.0,0.0,0.0,0.0,0,0,0.0,0.0,631.5,5
100000,2,1,39,0,0,0,0,0,0,518,0,0,0,0,0,0,0,0,0,0,0,0.00518,0.0008633333333333332,0.0,0.0,0,0,0.0,0.00518,0.0,6
80000,2,2,25,0,0,2,2,0,0,47369,49524,48461,45943,46660,46118,4400,1500,1500,1742,1800,2100,0.5921125,0.5918229166666666,0.04576142358124431,0.08884401817264008,2,2,0.0,0.0156375,2173.6666666666665,0
50000,1,2,28,2,2,2,2,2,2,31336,32039,32714,32482,33807,34398,1500,1500,600,2000,1300,1500,0.62672,0.65592,0.0416175198220866,0.04681647940074907,6,2,0.0,-0.06124,1400.0,0
350000,2,1,35,0,0,0,0,0,0,83379,26305,26858,40098,10855,-2,26436,26921,40098,10855,2,0,0.2382257142857143,0.08928333333333334,1.201426627228984,1.0049418383638713,0,0,0.0,0.2382257142857143,17385.333333333332,1
100000,1,2,29,0,0,0,0,0,0,167410,85536,77303,60178,56436,51773,70001,3769,2008,1950,2001,18000,1.6741,0.83106,0.19473884499149882,0.8183709973461777,0,0,0.0,1.15637,16288.166666666666,0
20000,2,2,22,2,0,0,0,3,2,6643,7872,9077,10989,10529,10213,1500,1500,2225,0,0,202,0.33215,0.461025,0.11164319794790675,0.1905245776705195,3,3,-1.0,-0.1785,904.5,2
80000,2,2,56,0,0,0,0,0,0,49350,49533,49339,50415,45859,43152,2000,2000,2000,2007,1600,1900,0.616875,0.5992666666666667,0.04028446406885112,0.04037630718294505,0,0,0.0,0.077475,1917.8333333333333,0
110000,2,1,35,0,0,0,0,0,0,48131,73221,74341,50184,51412,49448,32123,3000,1800,2041,2069,3000,0.4375545454545455,0.5253590909090909,0.11929349921678037,0.4387069459998361,0,0,0.0,-0.011972727272727272,7338.833333333333,0
330000,1,2,29,0,0,0,0,0,0,9894,11877,14949,34292,8832,11304,3000,5001,22000,1000,11304,275,0.029981818181818182,0.046034343434343435,0.4683473053734614,0.25256777235224787,0,0,0.0,-0.004272727272727273,7096.666666666667,0
120000,2,1,37,0,0,2,0,0,0,15591,17156,17227,18560,10067,15594,7227,683,8560,10067,10000,7223,0.129925,0.1308263888888889,0.5126372278565783,0.42122748732295856,1,2,0.6666666666666666,-2.5e-05,7293.333333333333,0
60000,2,1,45,0,0,0,0,0,0,59998,59702,61188,57459,26551,24901,2152,2464,1462,847,1007,3004,0.9999666666666667,0.8049972222222223,0.03481914803108635,0.036045089861481,0,0,0.0,0.58495,1822.6666666666667,0
70000,2,2,23,0,0,0,0,0,0,54428,25085,25282,21858,19171,8443,2002,1819,509,539,2000,1000,0.7775428571428571,0.367302380952381,0.08800102717394873,0.07980546918600016,0,0,0.0,0.6569285714285714,1311.5,0
30000,3,1,55,3,2,2,7,7,7,2395,2395,2395,2395,2395,2395,0,0,0,0,0,0,0.07983333333333334,0.07983333333333334,0.0,0.0,6,7,-4.666666666666666,0.0,0.0,6
30000,2,1,27,2,2,2,2,2,2,27896,26835,28690,27633,29184,28776,0,2659,0,2309,1087,0,0.9298666666666666,0.9389666666666666,0.04191327041039047,0.0,6,2,0.0,-0.029333333333333333,1009.1666666666666,3
30000,1,2,34,1,2,2,2,2,0,26921,27809,21658,22794,22289,22916,1700,0,1800,0,1000,1000,0.8973666666666666,0.80215,0.0367459008856293,0.061129090255303845,5,2,0.3333333333333335,0.1335,916.6666666666666,2
150000,2,1,34,2,0,0,0,0,0,30821,33009,34867,24438,18883,14737,3000,3000,1000,2000,4500,0,0.20547333333333334,0.1741722222222222,0.12581628952753232,0.09088155104513784,1,2,0.6666666666666666,0.10722666666666666,2250.0,1
80000,2,1,26,2,0,0,0,0,0,31740,74415,56435,40620,37356,35091,50000,1796,2126,1539,1807,1715,0.39675,0.5742854166666667,0.16974999042407726,0.6718985164480756,1,2,0.6666666666666666,-0.0418875,9830.5,0
160000,1,2,29,0,0,0,0,0,0,386,4194,196,7730,3113,3484,4194,196,7741,3113,3484,2475,0.0024125,0.019898958333333334,0.999074179629417,0.999761620977354,0,0,0.0,-0.0193625,3533.8333333333335,0
30000,2,2,26,0,0,0,0,0,0,25993,6296,17223,18305,0,0,1183,11500,2000,0,0,0,0.8664333333333334,0.37676111111111116,0.1929588098670842,0.18786723836747657,0,0,0.0,0.8664333333333334,2447.1666666666665,3
320000,1,1,46,0,0,0,0,0,0,3266,12186,1403,24305,7463,1957,12253,3290,11465,7537,1966,2987,0.01020625,0.02634375,1.166856152497087,1.005415606794125,0,0,0.0,0.004090625,6583.0,0
110000,3,1,52,1,2,0,0,0,2,23969,11137,16401,18670,19670,1187,0,6000,7000,1200,0,3000,0.2179,0.13793030303030304,0.16034510440231026,0.0,3,2,0.33333333333333337,0.2071090909090909,2866.6666666666665,2
360000,4,1,39,0,0,0,0,0,0,3102,552,31029,7731,1154,799,552,31051,7731,0,799,3238,0.008616666666666667,0.02054027777777778,0.7994978227027907,0.9981916817359855,0,0,0.0,0.0063972222222222225,7228.5,1
200000,3,2,38,0,0,0,0,0,0,101254,105254,121893,109647,56157,37293,16002,30039,15019,10000,10000,8000,0.50627,0.442915,0.19632991183783438,0.1520307823856349,0,0,0.0,0.319805,14843.333333333334,0
300000,2,2,33,0,0,0,0,0,0,351232,298709,268531,157953,161183,163942,9198,7668,4429,4821,4684,3152,1.1707733333333334,0.7786388888888889,0.029173658950599646,0.03079240735161193,0,0,0.0,0.6243,5658.666666666667,0
30000,1,2,25,0,0,0,0,0,0,29108,29806,30477,30651,30107,26304,1800,1800,1300,1560,1000,1100,0.9702666666666667,0.9802944444444444,0.05033762775238506,0.060388499345791255,0,0,0.0,0.09346666666666667,1426.6666666666667,0
490000,1,1,37,0,0,0,0,0,0,36518,77996,274442,233793,49461,12207,77996,274526,4693,989,12207,93707,0.0745265306122449,0.23279489795918368,0.6080552141768625,0.9999871789940639,0,0,0.0,0.049614285714285715,77353.0,0
20000,2,2,30,2,2,2,2,0,0,13269,12391,12326,10621,10400,0,33,3317,0,1000,0,0,0.66345,0.491725,0.07357834683063477,0.0026630083925112975,4,2,1.3333333333333335,0.66345,725.0,3
80000,2,1,27,1,2,2,2,2,0,3970,1603,3740,2000,0,2096,0,2191,0,0,2096,0,0.049625,0.027935416666666667,0.31703908168349865,0.0,5,2,0.3333333333333335,0.023425,714.5,4
180000,2,2,28,0,0,0,0,0,0,416,416,416,416,416,832,416,416,416,416,832,0,0.002311111111111111,0.002696296296296296,0.9978414387337669,0.9976019184652278,0,0,0.0,-0.002311111111111111,416.0,1
50000,3,2,40,0,0,0,0,2,2,55397,55877,57335,59595,55949,51225,2000,2356,3494,2000,0,1725,1.10794,1.1179266666666667,0.03425153431314358,0.035792261713017644,2,2,-1.3333333333333333,0.08344,1929.1666666666667,1
80000,3,1,67,0,0,0,0,0,0,20255,18885,21529,29236,10662,2408,6000,5002,10662,2,2408,11662,0.2531875,0.21453125,0.3828939971775252,0.3176956475696283,0,0,0.0,0.2230875,5956.0,0
100000,3,2,52,0,0,0,0,0,0,73904,73249,12327,10793,5309,900,2781,2101,216,0,900,500,0.73904,0.29413666666666666,0.2454584316701629,0.037965870307167235,0,0,0.0,0.73004,1083.0,1
280000,1,2,34,0,2,2,0,0,0,8719,844,0,0,1000,0,0,0,0,1000,0,0,0.031139285714285713,0.0062875,0.1998001998001998,0.0,2,2,1.3333333333333333,0.031139285714285713,166.66666666666666,5
50000,2,1,26,0,0,0,0,0,0,28440,23228,21482,18029,18705,18698,1436,1162,2184,871,500,0,0.5688,0.42860666666666664,0.062068400634833897,0.06181927762710405,0,0,0.0,0.19484,1025.5,1
140000,2,2,45,0,0,0,0,0,0,36856,27919,24865,22892,50652,47334,1500,1273,607,41774,1712,1563,0.26325714285714286,0.2506166666666667,0.1984622045310611,0.053724928366762174,0,0,0.0,-0.07484285714285714,8071.5,0
160000,1,2,26,0,0,0,0,0,0,2198,11155,0,12315,0,11855,9155,0,12315,0,11855,0,0.0137375,0.03908645833333333,0.5640938190795899,0.8206346360702761,0,0,0.0,-0.06035625,5554.166666666667,3
290000,3,1,44,0,0,0,0,0,0,2615,0,679,3390,5784,5784,0,679,3390,5784,0,150,0.009017241379310344,0.010489655172413794,0.5996123305315175,0.0,0,0,0.0,-0.010927586206896552,1667.1666666666667,2
20000,2,2,32,0,0,0,0,0,0,14549,11292,7120,8115,2594,1610,1306,3045,10000,0,1610,0,0.72745,0.37733333333333335,0.5549537333126124,0.1156468608872753,0,0,0.0,0.64695,2660.1666666666665,2
180000,2,2,27,1,2,0,0,0,2,17207,16647,17657,17705,19043,18589,0,1590,638,1628,0,834,0.09559444444444444,0.09893333333333333,0.042312679633716065,0.0,3,2,0.33333333333333337,-0.007677777777777778,781.6666666666666,2
360000,1,2,34,2,2,0,0,0,0,2500,0,0,0,0,0,0,0,0,0,0,0,0.006944444444444444,0.0011574074074074076,0.0,0.0,2,2,1.3333333333333333,0.006944444444444444,0.0,6
500000,1,1,49,0,0,0,0,0,0,1088,4007,9933,14557,53328,58052,4031,10021,14576,53850,58332,37616,0.002176,0.04698833333333333,1.0060616509952223,1.0057385229540918,0,0,0.0,-0.113928,29737.666666666668,0
220000,1,1,47,0,0,0,0,0,0,85224,69475,69651,68255,61183,60982,3209,2913,2435,2300,2378,2266,0.38738181818181816,0.3142196969696969,0.040054266844118044,0.046188611894755024,0,0,0.0,0.11019090909090909,2583.5,0
130000,2,2,27,0,0,0,0,0,0,7100,4007,4900,1235,3946,2817,1100,1000,1235,3011,1008,966,0.054615384615384614,0.030775641025641027,0.5196480783389184,0.2744510978043912,0,0,0.0,0.03294615384615385,1386.6666666666667,0
20000,2,1,26,0,0,0,0,2,0,17679,16720,17705,19228,18804,19316,1300,1277,1800,0,1000,1000,0.88395,0.9121,0.05904909509574859,0.07774654625919503,1,2,-0.6666666666666666,-0.08185,1062.8333333333333,1
500000,1,2,32,1,0,0,0,0,0,-218,466,1267,155951,159749,167416,1000,1267,155000,6000,10000,8000,0.0,0.16161633333333333,0.8463448626553355,2.1413276231263385,1,1,0.3333333333333333,-0.334832,30211.166666666668,0
90000,2,1,47,2,2,2,0,0,2,61066,62999,61388,64376,67347,74960,3500,0,4000,4000,8900,0,0.6785111111111111,0.7261777777777778,0.05916219129017699,0.05555555555555555,4,2,1.3333333333333335,-0.15437777777777778,3400.0,2
20000,2,1,53,0,0,0,0,0,0,12278,13209,7215,1520,0,0,1500,1060,30,0,0,0,0.6139,0.28518333333333334,0.05603399873368471,0.11355034065102196,0,0,0.0,0.6139,431.6666666666667,3
470000,2,2,40,0,0,0,0,0,0,277185,282983,290274,294508,300646,306652,10257,11982,10536,10879,10971,11326,0.5897553191489362,0.6213645390070922,0.03705213000152084,0.03624586549062844,0,0,0.0,-0.06269574468085107,10991.833333333334,0
30000,2,1,25,0,0,0,0,0,2,30606,29579,30291,30616,30456,29818,1800,1512,1259,2500,0,1000,1.0202,1.0075888888888889,0.04679399564279903,0.060851926977687626,1,2,-0.6666666666666666,0.026266666666666667,1345.1666666666667,1
90000,2,1,58,1,2,2,2,2,0,25941,25722,28015,28262,27509,28082,500,3000,1000,0,1017,2433,0.28823333333333334,0.3028351851851852,0.03962311052230676,0.01943785717062551,5,2,0.3333333333333335,-0.023788888888888887,1325.0,1
180000,4,1,48,0,0,0,0,0,0,872,3345,2962,6139,1842,1115,3347,2962,6366,1842,1115,2240,0.004844444444444445,0.015069444444444444,1.0070661070357616,1.0002988643156008,0,0,0.0,-0.00135,2978.6666666666665,0
50000,1,2,30,0,0,0,0,2,2,29994,30756,23618,26009,24731,46882,2000,1300,3000,0,25000,0,0.59988,0.6066333333333334,0.15372977234304588,0.06502584777449036,2,2,-1.3333333333333333,-0.33776,5216.666666666667,2
390000,1,1,36,0,0,0,0,0,0,8040,7818,8051,-5,1965,3088,7857,8091,0,990,3108,8486,0.020615384615384615,0.012376923076923077,0.7038829721060933,1.0048599565161784,0,0,0.0,0.012697435897435898,4755.333333333333,1
80000,1,2,22,0,0,0,0,0,0,48305,48823,41495,36733,27692,27872,1739,1701,1439,980,1005,1216,0.6038125,0.4810833333333333,0.037445510479182695,0.035617728985744716,0,0,0.0,0.2554125,1346.6666666666667,0
500000,2,2,28,0,0,0,0,0,0,47399,48711,48642,49062,149034,181876,2361,1500,1128,100330,100486,2114,0.094798,0.174908,0.26559763026623573,0.04846854984398095,0,0,0.0,-0.268954,34653.166666666664,0
120000,1,1,37,0,0,0,0,0,0,21128,16121,12027,5870,2994,-175,5020,5000,1000,2994,0,0,0.17606666666666668,0.08075,0.3794134624309008,0.31137575983128646,0,0,0.0,0.17606666666666668,2335.6666666666665,2
230000,1,2,30,2,2,2,2,2,2,212400,216409,221419,224753,228022,232724,9000,10000,8500,8500,8500,32000,0.9234782608695652,0.9679181159420289,0.03967412555947851,0.04158772699967654,6,2,0.0,-0.08836521739130435,12750.0,0
10000,2,2,47,0,0,0,0,0,0,219,9110,9797,-10433,9767,9067,10400,1000,0,20200,200,0,0.0219,0.6326666666666667,0.6667143256723993,1.1414773350894523,0,0,0.0,-0.8848,5300.0,2
20000,2,1,43,2,2,2,2,0,0,17233,18639,20035,19333,18135,14366,2000,2000,0,1000,500,1950,0.86165,0.8978416666666666,0.05941147753271445,0.1072961373390558,4,2,1.3333333333333335,0.14335,1241.6666666666667,1
180000,2,2,25,0,0,0,0,0,0,3887,0,0,0,2454,4710,0,0,0,2454,3000,0,0.021594444444444444,0.010232407407407407,0.3272800279797553,0.0,0,0,0.0,-0.004572222222222222,909.0,4
80000,2,1,45,0,0,0,0,0,0,82150,0,0,0,0,0,0,0,0,0,0,0,1.026875,0.17114583333333333,0.0,0.0,0,0,0.0,1.026875,0.0,6
240000,2,2,34,0,0,0,0,0,0,5516,4950,5232,6464,3820,11870,4950,5232,6464,3820,10000,2000,0.022983333333333335,0.02628611111111111,0.9683159100480248,0.9997980206018986,0,0,0.0,-0.026475,5411.0,0
60000,1,2,26,0,0,2,0,0,0,22921,23044,17660,13104,8722,17976,5000,0,0,174,13810,0,0.38201666666666667,0.2872972222222222,0.20102357718299518,0.21696680407897592,1,2,0.6666666666666666,0.08241666666666667,3164.0,3
20000,3,2,35,0,0,0,2,0,0,10704,11352,13297,12418,12581,12305,1517,2852,0,500,700,500,0.5352,0.605475,0.08894230838766537,0.13362106932088436,1,2,-0.6666666666666666,-0.08005,1011.5,1
90000,3,1,42,2,2,2,3,3,3,48674,49895,52570,53614,54534,53374,2300,4116,2500,2052,0,0,0.5408222222222222,0.5790018518518518,0.041729189959231215,0.04609587942921276,6,3,-1.0,-0.052222222222222225,1828.0,2
230000,3,1,32,0,0,0,0,0,0,0,0,0,0,0,0,0,0,0,0,0,0,0.0,0.0,0.0,0.0,0,0,0.0,0.0,0.0,6
30000,2,2,39,0,0,0,0,0,0,29758,30454,30221,29376,29564,28762,1500,1518,1439,1017,1032,1367,0.9919333333333333,0.989638888888889,0.043748683294229956,0.04925299622393696,0,0,0.0,0.0332,1312.1666666666667,0
340000,1,2,34,0,0,0,0,0,0,1780,28620,66633,182856,166943,126445,28763,66652,123267,26207,948,52876,0.0052352941176470585,0.281018137254902,0.5687653025583296,1.004961391984906,0,0,0.0,-0.36666176470588235,49785.5,0
20000,3,2,37,2,2,2,2,0,0,12443,13947,14331,12495,12787,13583,2000,902,500,500,1000,700,0.62215,0.6632166666666667,0.07181075975484356,0.14338973329509608,4,2,1.3333333333333335,-0.057,933.6666666666666,0
150000,2,2,37,0,0,0,0,0,0,152349,152359,150257,79162,79617,79670,7000,7000,5000,3000,4000,3500,1.01566,0.77046,0.04871551418543562,0.045943817274875294,0,0,0.0,0.48452666666666666,4916.666666666667,0
10000,3,2,42,1,2,2,2,0,0,8090,6339,8623,5885,4417,5190,0,2586,0,1000,1000,345,0.809,0.6424,0.1437697452572718,0.0,4,2,1.0,0.29,821.8333333333334,2
150000,1,3,45,0,0,0,0,0,0,108434,111178,32220,33247,34164,34878,3000,1300,1300,1200,1200,0,0.7228933333333334,0.39346777777777775,0.03519165759020003,0.026983513073512082,0,0,0.0,0.4903733333333333,1333.3333333333333,1
30000,1,1,37,0,0,0,0,0,0,8301,9156,8983,8141,6422,5187,1191,1079,239,209,206,160,0.2767,0.2566111111111111,0.07035342619603448,0.13006443158239597,0,0,0.0,0.1038,514.0,0
200000,1,2,30,2,4,4,4,4,4,173639,176605,179754,182763,184570,184091,7310,7459,7468,6275,3000,0,0.868195,0.901185,0.03480846727577845,0.041391572200264994,6,4,-0.6666666666666665,-0.05226,5252.0,1
70000,1,2,36,0,0,0,0,0,0,75021,71101,73831,46898,48686,47171,2893,4231,8000,2500,1675,2000,1.0717285714285714,0.8635904761904762,0.07108597852305848,0.04068802565328683,0,0,0.0,0.39785714285714285,3549.8333333333335,0
230000,1,2,42,0,0,0,0,0,0,107,529,135,108,830,2536,529,135,108,830,2536,0,0.00046521739130434784,0.003076086956521739,0.9959976837342965,0.9981132075471698,0,0,0.0,-0.01056086956521739,689.6666666666666,1
70000,2,1,26,0,0,0,0,0,0,64691,65259,66673,62278,64268,65264,2500,2500,2500,3000,3000,2500,0.9241571428571429,0.9248404761904763,0.041718274050372664,0.03830830524057616,0,0,0.0,-0.008185714285714286,2666.6666666666665,0
80000,3,1,38,0,0,0,0,0,0,330,0,330,330,0,0,0,660,0,0,0,0,0.004125,0.0020625,0.3987915407854985,0.0,0,0,0.0,0.004125,110.0,5
20000,3,2,48,0,0,0,0,2,0,5861,6728,7739,8339,8061,8221,1119,1130,730,0,294,305,0.29305,0.374575,0.08711553433583016,0.16629514043691485,1,2,-0.6666666666666666,-0.118,596.3333333333334,1
140000,1,2,31,0,0,0,2,2,2,41314,42377,43923,43051,44109,43253,1732,2278,3000,1892,0,1572,0.2951,0.307175,0.04106170248211863,0.04087026287224503,3,2,-2.0,-0.01385,1745.6666666666667,1
260000,2,2,41,0,0,0,0,0,0,252582,253302,254767,190432,105466,2312,9725,10617,8555,4722,2146,199485,0.9714692307692308,0.6787570512820513,0.21951231863206516,0.03839275492197092,0,0,0.0,0.9625769230769231,39208.333333333336,0
70000,1,2,23,0,0,0,0,0,0,8878,10077,11203,11320,11487,11895,1500,1600,600,500,600,2600,0.12682857142857143,0.15442857142857142,0.08772096926510677,0.1488390553681286,0,0,0.0,-0.0431,1233.3333333333333,0
30000,2,2,34,0,0,0,0,0,0,24380,17858,19563,20929,21280,21724,2000,2000,2000,1000,787,1133,0.8126666666666666,0.6985222222222223,0.0785978746475263,0.11198835321126603,0,0,0.0,0.08853333333333334,1486.6666666666667,0
490000,2,1,50,0,0,0,0,0,0,208353,205873,210880,215628,217883,223541,10000,10000,10000,10000,10000,8000,0.4252102040816326,0.4361081632653061,0.046599952745233306,0.04857339926362727,0,0,0.0,-0.03099591836734694,9666.666666666666,0
420000,1,1,43,0,0,0,0,0,0,8100,14270,7324,2846,3027,5946,14274,8232,2853,3027,5946,32053,0.019285714285714285,0.0164734126984127,1.0251283641359312,1.0002102165230187,0,0,0.0,0.0051285714285714285,11064.166666666666,0
210000,2,2,32,0,0,0,0,0,0,44304,46255,50486,54019,58091,61630,3000,5000,5000,5000,4500,5000,0.21097142857142856,0.24982936507936507,0.08310714651300008,0.06485645105499827,0,0,0.0,-0.0825047619047619,4583.333333333333,0
50000,2,2,45,0,0,0,0,0,0,46090,48343,50157,18675,18542,17129,3000,3000,1008,1000,1000,1000,0.9218,0.66312,0.057629020744745074,0.06205527056097965,0,0,0.0,0.57922,1668.0,0
200000,2,1,40,0,0,0,0,0,0,7261,32333,12610,7850,977,9205,32543,13587,7850,0,9205,0,0.036305,0.05853,0.8167241078983511,1.006463784251871,0,0,0.0,-0.00972,10530.833333333334,2
30000,2,2,25,2,0,0,0,0,0,24279,25281,26568,29872,23504,25724,1713,2000,4000,0,3000,1000,0.8093,0.8623777777777777,0.07870993319789296,0.06775571552883475,1,2,0.6666666666666666,-0.04816666666666667,1952.1666666666667,1
260000,3,1,43,0,0,0,0,0,0,205599,151040,150917,152447,123771,126472,6000,7500,6000,4300,4500,4500,0.7907653846153846,0.5834910256410256,0.0398199745127439,0.03972431326593442,0,0,0.0,0.30433461538461537,5466.666666666667,0
500000,2,2,29,0,0,0,0,0,0,2140,3919,3572,2749,2140,3109,3919,3763,2749,2140,3109,2140,0.00428,0.005876333333333333,1.0103538498040485,0.9997448979591836,0,0,0.0,-0.001938,2970.0,0
200000,2,1,28,1,0,0,0,0,0,0,2658,150,3570,2853,0,2658,150,3570,2853,0,0,0.0,0.0076925,0.7984741966364327,0.9996239187664535,1,1,0.3333333333333333,0.0,1538.5,2
320000,1,1,46,0,0,0,0,0,0,57593,534,2709,0,7779,0,534,2709,0,7779,0,417,0.179978125,0.03573697916666667,0.5995266605454177,0.9981308411214953,0,0,0.0,0.179978125,1906.5,2
280000,2,1,41,0,0,0,0,0,0,9551,12848,15345,19211,22817,37323,5000,5000,5000,5000,16000,0,0.034110714285714286,0.06969940476190475,0.3246022004166357,0.3891353412716943,0,0,0.0,-0.09918571428571428,6000.0,1
100000,2,1,31,0,0,0,0,0,0,91192,91305,103216,88782,35146,39849,4000,15074,16197,13112,43122,43000,0.91192,0.74915,0.36549075122973795,0.04380873108010427,0,0,0.0,0.51343,22417.5,0
100000,2,2,30,0,0,0,0,0,0,58335,56745,56058,51573,47665,43756,2801,2300,1613,1594,1654,1222,0.58335,0.5235533333333333,0.038580930423987816,0.04936030733443767,0,0,0.0,0.14579,1864.0,0
200000,2,1,26,0,0,0,0,0,0,47236,45200,35939,34096,34876,34615,1800,1603,2000,2500,1500,1500,0.23618,0.19330166666666668,0.05161869386154927,0.03982212782903033,0,0,0.0,0.063105,1817.1666666666667,0
140000,2,2,32,0,0,0,0,0,0,137647,136497,135505,137629,120147,122247,5004,5000,5000,4300,5000,5158,0.9831928571428571,0.9400857142857143,0.037315511908360445,0.03665987780040733,0,0,0.0,0.11,4910.333333333333,0
340000,1,1,62,0,0,0,0,0,0,509365,522309,534137,466565,466774,471573,20309,20137,16565,16774,21573,21000,1.4981323529411765,1.4562367647058823,0.038753972317975574,0.03888303880837051,0,0,0.0,0.1111529411764706,19393.0,0
80000,2,1,26,0,0,0,0,0,0,40216,10400,10935,2318,-711,-708,1400,10935,2324,707,3,45906,0.5027,0.13306041666666668,2.0273334205457916,0.1346024420728776,0,0,0.0,0.5027,10212.5,0
60000,3,2,31,2,2,2,2,0,0,31649,30841,34336,33489,35615,38027,0,4000,0,3000,3000,2000,0.5274833333333333,0.5665472222222223,0.05592269177384511,0.0,4,2,1.3333333333333335,-0.1063,2000.0,2
70000,2,2,24,0,0,0,0,0,0,63912,53137,45078,6823,28989,29059,2400,2000,1000,30848,975,863,0.9130285714285714,0.5404714285714286,0.26674318635329175,0.045165418344687416,0,0,0.0,0.4979,6347.666666666667,0
360000,1,2,26,0,0,0,0,0,0,11910,1356,4073,17812,2981,1936,1500,5000,15000,3000,2000,1033,0.03308333333333333,0.01855,1.0426633841802404,1.105379513633014,0,0,0.0,0.027705555555555556,4588.833333333333,0
50000,3,1,49,2,0,0,0,0,0,48297,50487,51400,0,0,0,3000,2400,0,0,0,0,0.96594,0.5006133333333334,0.02122235176348264,0.05942006021232768,1,2,0.6666666666666666,0.96594,900.0,4
270000,1,2,32,0,0,0,0,0,0,47116,47771,51414,52993,54962,56523,2000,5000,3000,4000,3000,3000,0.17450370370370372,0.1918388888888889,0.06431492528707622,0.041865527924307123,0,0,0.0,-0.03484074074074074,3333.3333333333335,0
500000,4,1,32,0,0,0,0,0,0,33647,482,9034,64346,5988,16890,486,9041,64988,6000,16899,14028,0.067294,0.04346233333333334,1.0038294408477644,1.0062111801242235,0,0,0.0,0.033514,18573.666666666668,0
130000,2,2,25,1,2,2,2,0,0,4393,4178,10018,5353,5465,4559,0,6000,0,173,326,80,0.03379230769230769,0.043546153846153846,0.1404007182413268,0.0,4,2,1.0,-0.001276923076923077,1096.5,2
50000,1,2,28,3,2,2,0,0,0,49828,50467,48964,49447,44067,44760,2121,0,2000,2000,2000,2000,0.99656,0.9584433333333333,0.03450786410957152,0.042026630736308156,3,3,2.3333333333333335,0.10136,1686.8333333333333,1
180000,1,2,27,0,0,2,2,0,0,11392,14688,14040,13440,13440,13080,3500,0,0,0,0,0,0.0632888888888889,0.07414814814814814,0.04765470760432977,0.23827353802164886,2,2,0.0,-0.009377777777777778,583.3333333333334,5
110000,1,2,32,1,0,0,0,0,0,0,0,0,0,0,0,0,0,0,0,0,0,0.0,0.0,0.0,0.0,1,1,0.3333333333333333,0.0,0.0,6
30000,2,2,35,2,2,0,0,0,0,25368,24662,26001,27012,27241,27812,0,1739,1750,975,1010,3226,0.8456,0.878311111111111,0.04075347423626814,0.0,2,2,1.3333333333333333,-0.08146666666666667,1450.0,1
10000,2,2,55,1,2,0,0,0,0,9193,7653,8337,8356,8527,4694,0,1201,1000,171,94,80,0.9193,0.7793333333333333,0.060754479420601415,0.0,2,2,1.0,0.4499,424.3333333333333,1
200000,2,2,28,0,0,0,0,0,0,29804,30892,25355,21666,15404,11559,20044,10198,15083,15450,11593,18784,0.14902,0.11223333333333334,0.7505832897226156,0.648820121063024,0,0,0.0,0.091225,15192.0,0
30000,1,2,24,0,0,0,0,0,0,3019,1479,18860,950,5660,0,1479,18881,0,4710,0,7153,0.10063333333333334,0.1664888888888889,0.5664786385108899,0.9993243243243243,0,0,0.0,0.10063333333333334,5370.5,2
410000,1,2,30,0,0,0,0,0,0,0,8417,0,2830,0,0,8417,0,2830,0,0,500,0.0,0.004571951219512195,0.3999055949728085,0.9998812069375148,0,0,0.0,0.0,1957.8333333333333,3
70000,3,2,22,0,0,0,0,0,0,52899,45758,37858,29660,29519,29457,1726,3028,1026,1195,1060,1031,0.7557,0.5360738095238095,0.04575113571624797,0.03771935575515199,0,0,0.0,0.3348857142857143,1511.0,0
200000,1,1,37,0,0,0,0,0,0,97821,97934,44716,42073,42867,33876,4220,2029,2073,2867,3876,2295,0.489105,0.2994058333333333,0.06380560261757706,0.04308980446214326,0,0,0.0,0.319725,2893.3333333333335,0
50000,2,2,34,1,0,0,0,0,0,0,0,400,0,600,600,0,400,0,600,0,4275,0.0,0.005333333333333334,0.39916846818062995,0.0,1,1,0.3333333333333333,-0.012,879.1666666666666,3
170000,1,2,27,0,0,0,0,0,0,10596,13410,15788,4853,5697,47830,3000,3000,1156,1000,46793,1760,0.06232941176470588,0.09624901960784314,0.3611311067046642,0.22369696517783907,0,0,0.0,-0.2190235294117647,9451.5,0
320000,2,1,53,0,0,0,0,0,0,319711,33589,34608,38544,44486,52319,3000,3000,6000,8000,10000,1900,0.999096875,0.2725296875,0.14052329529255433,0.08931229532598987,0,0,0.0,0.8356,5316.666666666667,0
20000,2,1,21,0,0,0,0,2,0,17617,17540,25816,12957,9602,9357,1489,2302,2400,0,2000,3000,0.88085,0.774075,0.11459750760335811,0.08488683655435836,1,2,-0.6666666666666666,0.413,1865.1666666666667,1
160000,2,1,49,0,0,0,0,0,0,435,435,435,435,435,435,435,435,435,435,435,870,0.00271875,0.00271875,0.9977064220183486,0.9977064220183486,0,0,0.0,0.0,507.5,0
420000,1,1,47,0,0,0,0,0,0,46179,82842,77628,52294,0,0,84459,79192,57145,0,0,0,0.10995,0.10275515873015872,0.6264768196285567,1.019506777881052,0,0,0.0,0.10995,36799.333333333336,3
20000,3,1,39,0,0,0,0,0,0,19078,19929,16912,12698,11939,12346,1509,1321,1500,500,600,1500,0.9539,0.7741833333333333,0.07248219719618318,0.07571500250878073,0,0,0.0,0.3366,1155.0,0
110000,2,1,25,2,0,0,0,0,0,30079,29349,27630,22017,20517,18534,1494,1402,1534,800,700,616,0.27344545454545455,0.22443333333333335,0.04961396390136853,0.05090289608177172,1,2,0.6666666666666666,0.10495454545454545,1091.0,0
20000,3,1,41,0,0,0,2,2,2,7478,8497,10162,9852,10418,10102,1146,1811,0,876,0,374,0.3739,0.4709083333333333,0.0794255683031178,0.13485526006119086,3,2,-2.0,-0.1312,701.1666666666666,2
430000,1,1,34,0,0,0,0,0,0,11873,8275,13817,7977,3417,2476,8299,13858,8000,3427,2483,8277,0.027611627906976743,0.018540697674418606,1.0026973764877174,1.002779120347994,0,0,0.0,0.021853488372093024,7390.666666666667,0
150000,2,1,34,0,0,0,0,0,0,23900,22164,3096,-1076,0,0,1329,3107,0,10382,0,2817,0.15933333333333333,0.054622222222222225,1.2126376653334063,0.05995939544326641,0,0,0.0,0.15933333333333333,2939.1666666666665,2
130000,2,2,33,2,2,2,0,0,0,1183,2183,2000,700,0,0,2000,13,700,0,0,0,0.0091,0.007776923076923077,0.3841642267703132,0.9157509157509157,3,2,2.0,0.0091,452.1666666666667,3
150000,2,1,40,0,0,0,0,0,0,54021,55154,56280,57397,58599,60668,2003,2044,2054,2127,3044,3150,0.36014,0.38013222222222226,0.038977928315367366,0.036315837186111866,0,0,0.0,-0.044313333333333337,2403.6666666666665,0
50000,2,1,52,2,0,0,0,0,0,27548,28578,29660,30600,-300,9037,1478,1560,1500,0,9337,323,0.55096,0.41807666666666665,0.2372822314565033,0.05171629518177683,1,2,0.6666666666666666,0.37022,2366.3333333333335,1
200000,1,1,37,0,0,0,0,0,0,123337,11148,19165,21171,17762,23670,11202,19275,22304,23850,23784,84430,0.616685,0.18021083333333332,1.082272032463433,1.0047537895775407,0,0,0.0,0.498335,30807.5,0
420000,2,1,33,0,0,0,0,0,0,52018,60519,67083,69424,63523,60630,10000,10083,10094,10000,2500,5000,0.12385238095238095,0.14809404761904763,0.13191737797576011,0.16523463317911435,0,0,0.0,-0.020504761904761904,7946.166666666667,0
20000,4,2,55,0,0,0,2,0,0,69257,70055,18997,10404,11170,380,2400,1833,1100,2300,0,400,3.46285,1.5021916666666666,0.08847016084023987,0.0342583076396026,1,2,-0.6666666666666666,3.44385,1338.8333333333333,1
50000,2,1,30,1,2,0,0,0,0,27369,6425,4580,0,0,0,0,1050,0,0,0,0,0.54738,0.12791333333333335,0.045841519318926,0.0,2,2,1.0,0.54738,175.0,5
620000,2,1,45,2,2,0,0,0,0,160837,156839,160440,163781,167159,170894,0,6200,6000,6000,6500,6000,0.25941451612903227,0.2634274193548387,0.029841271296764293,0.0,2,2,1.3333333333333333,-0.016220967741935485,5116.666666666667,1
10000,1,2,27,0,0,0,0,0,0,8907,6599,7736,8492,8138,4990,1500,1400,1000,1009,1000,1598,0.8907,0.7477,0.1700594185725641,0.22727272727272727,0,0,0.0,0.3917,1251.1666666666667,0
130000,2,1,32,1,2,0,0,0,2,51559,50465,51531,52076,55432,56571,0,2500,2000,4200,2200,0,0.3966076923076923,0.4072230769230769,0.04031477067627562,0.0,3,2,0.33333333333333337,-0.038553846153846154,1816.6666666666667,2
260000,2,1,46,0,0,0,0,0,0,57963,262696,247462,252073,195628,199646,247562,9000,8300,6576,7000,7000,0.2229346153846154,0.7791461538461538,0.21607170793359676,0.9423860950067949,0,0,0.0,-0.5449346153846154,47573.0,0
360000,4,1,31,0,0,0,0,0,0,270955,275178,280535,82455,83359,85171,8000,7500,3500,2500,2500,2600,0.7526527777777777,0.49891342592592597,0.03151923515397586,0.029071985871014866,0,0,0.0,0.5160666666666667,4433.333333333333,0
470000,2,2,26,0,0,0,0,0,0,27134,26594,26805,24808,21101,17906,1500,1502,3696,1008,1006,1001,0.05773191489361702,0.05118723404255319,0.07307182722566918,0.05640157924421884,0,0,0.0,0.01963404255319149,1618.8333333333333,0
160000,2,2,24,2,2,2,2,2,2,67018,67257,68939,72267,73602,75133,1900,3400,5100,2800,2900,2800,0.4188625,0.4418916666666667,0.04495559241576239,0.028249427577388565,6,2,0.0,-0.05071875,3150.0,0
500000,2,1,39,0,0,0,0,0,0,1948,599,552,6360,0,6054,599,552,6360,0,6054,0,0.003896,0.005171,0.7992405308633688,0.9983333333333333,0,0,0.0,-0.008212,2260.8333333333335,2
210000,1,2,40,0,0,0,0,0,0,54904,46662,46162,46039,32903,34534,2000,2100,2000,1500,2000,2000,0.26144761904761904,0.2073047619047619,0.04705828004031407,0.04286051046867968,0,0,0.0,0.097,1933.3333333333333,0
200000,1,2,29,0,0,0,0,2,0,61099,64160,76593,93988,50292,10510,4160,14593,20150,0,5739,12050,0.305495,0.2972016666666667,0.20314943514734307,0.06483689468680351,1,2,-0.6666666666666666,0.252945,9448.666666666666,1
160000,1,2,29,0,0,0,0,0,0,1289,2089,5464,2079,1908,1394,2106,5500,2000,2000,1350,700,0.00805625,0.014815625,0.9982018455227012,1.0076555023923446,0,0,0.0,-0.00065625,2276.0,0
230000,2,1,35,0,0,0,0,0,0,2132,1520,3543,3351,-4,3267,1531,3553,3351,4,3271,4649,0.009269565217391305,0.010009420289855072,1.6019467577291384,1.0065746219592373,0,0,0.0,-0.0049347826086956524,2726.5,0
390000,2,2,41,0,0,0,0,0,0,22309,21921,18357,17376,835,835,1325,1283,1092,14836,837,4904,0.0572025641025641,0.034885897435897435,1.2388734424855712,0.06044156555058845,0,0,0.0,0.05506153846153846,4046.1666666666665,0
210000,1,2,29,1,0,0,0,0,0,0,0,0,0,0,0,0,0,0,0,0,0,0.0,0.0,0.0,0.0,1,1,0.3333333333333333,0.0,0.0,6
310000,2,1,36,0,0,0,0,0,0,32782,33587,39572,44598,50570,64916,11406,10773,10819,15766,20645,5000,0.1057483870967742,0.1430241935483871,0.29683634501995754,0.33958556627366915,0,0,0.0,-0.10365806451612904,12401.5,0
60000,2,1,40,0,0,0,0,0,0,58078,58139,59461,37170,18464,15822,2354,2538,1000,2000,1000,1000,0.9679666666666666,0.6864833333333333,0.0563172111845824,0.040488476092191264,0,0,0.0,0.7042666666666667,1648.6666666666667,0
390000,1,2,35,0,0,0,0,0,0,30356,32910,78686,63021,41653,24679,33074,78772,1371,919,13770,183622,0.07783589743589743,0.11594230769230769,0.5215583297730653,1.0049527513597278,0,0,0.0,0.014556410256410256,51921.333333333336,0
340000,2,2,30,0,0,0,0,0,0,47664,38192,39234,20960,360,360,2000,2000,3000,360,360,45385,0.14018823529411764,0.07194607843137256,0.4481846576006088,0.052365616736051106,0,0,0.0,0.1391294117647059,8850.833333333334,0
270000,2,2,31,0,0,0,0,0,0,0,1521,0,0,0,0,1521,0,0,0,0,200,0.0,0.0009388888888888888,0.19986859395532194,0.9993429697766097,0,0,0.0,0.0,286.8333333333333,4
20000,2,2,40,1,4,3,2,2,2,17361,16803,16253,15695,16832,16420,0,0,0,1400,0,603,0.86805,0.8280333333333334,0.016633992752331732,0.0,6,4,0.6666666666666665,0.04705,333.8333333333333,4
100000,2,2,30,2,2,2,2,2,2,96638,98491,99983,100555,103300,101471,4300,4000,3100,4500,0,3845,0.96638,1.00073,0.03161107600639236,0.043658368192340494,6,2,0.0,-0.04833,3290.8333333333335,1
300000,2,1,31,0,0,0,0,0,0,12793,14185,12970,14786,12794,14180,14212,12985,14816,12808,14201,14109,0.04264333333333333,0.045393333333333334,1.0014599330976346,1.0018327928944029,0,0,0.0,-0.0046233333333333335,13855.166666666666,0
260000,1,2,29,1,2,0,0,0,0,234922,227802,215320,177965,171201,164834,6,6918,5295,4805,5002,3005,0.9035461538461539,0.7641307692307693,0.024063949157851632,2.6338546902367395e-05,2,2,1.0,0.2695692307692308,4171.833333333333,0
410000,1,1,46,0,0,0,0,0,0,8756,1237,11912,4922,766,640,1237,11912,4922,766,640,6171,0.02135609756097561,0.011476829268292682,0.9992082664207965,0.9991922455573505,0,0,0.0,0.019795121951219512,4274.666666666667,0
250000,1,2,25,0,0,0,0,0,0,18761,10656,7099,11758,17047,16483,4662,2101,7227,7865,8485,5777,0.075044,0.054536,0.46481070491647386,0.4374589471708736,0,0,0.0,0.009112,6019.5,0
200000,1,1,48,0,0,0,0,0,0,5472,4306,4655,4930,3601,3366,4318,4681,4958,3712,3476,990,0.02736,0.021941666666666665,1.0152621165018232,1.0025539818899465,0,0,0.0,0.01053,3689.1666666666665,0
20000,2,2,33,0,0,2,0,0,0,18271,19857,19090,18500,4860,4080,2967,0,0,0,0,0,0.91355,0.7054833333333334,0.02988216335985497,0.14941081679927484,1,2,0.6666666666666666,0.70955,494.5,5
120000,2,2,41,1,2,0,0,0,0,121988,90063,27941,11990,390,390,0,1600,1000,390,390,0,1.0165666666666666,0.3510583333333333,0.42710845218353927,0.0,2,2,1.0,1.0133166666666666,563.3333333333334,2
270000,1,2,37,0,0,0,0,0,0,7842,6380,16098,1350,558,0,6380,16098,1350,558,0,128934,0.029044444444444446,0.019893827160493826,0.7994504135753118,0.9998432847516063,0,0,0.0,0.029044444444444446,25553.333333333332,1
240000,2,2,37,0,0,0,0,0,0,171974,175049,176990,169198,166131,169245,8000,7000,6000,5200,5400,5400,0.7165583333333333,0.7142965277777777,0.036783819079512635,0.04570122822050843,0,0,0.0,0.011370833333333333,6166.666666666667,0
420000,2,1,46,0,0,0,0,0,0,347531,345620,344364,202241,196082,189064,13503,15031,7011,7010,7013,7015,0.8274547619047619,0.644802380952381,0.03804537620170279,0.03906880658293333,0,0,0.0,0.37730238095238094,9430.5,0
320000,1,1,42,0,0,0,0,0,0,212883,197352,201913,103278,62891,64948,9000,9000,6000,3000,3000,3000,0.665259375,0.43920052083333333,0.04843259327219078,0.045603563158401444,0,0,0.0,0.462296875,5500.0,0
150000,1,1,35,0,0,0,0,0,0,38484,43489,48194,32264,25579,0,8000,5175,3000,10000,0,0,0.25656,0.2089,0.15504740818821833,0.1839503334099793,0,0,0.0,0.25656,4362.5,2
110000,2,1,46,0,0,0,0,0,2,105851,108187,108015,88618,71865,65629,5604,4661,3560,4915,0,3000,0.9622818181818181,0.8305530303030303,0.04070257600403219,0.051798720745369176,1,2,-0.6666666666666666,0.36565454545454545,3623.3333333333335,1
350000,4,2,53,0,0,0,0,0,0,5095,4815,61044,22611,1385,6043,4840,61349,22687,1389,6058,1153,0.014557142857142857,0.048091904761904766,1.0035521986842677,1.004983388704319,0,0,0.0,-0.0027085714285714287,16246.0,0
450000,1,1,69,0,0,0,0,0,0,2000,0,1173,0,6265,2374,0,1173,0,6265,2374,708,0.0044444444444444444,0.004374814814814815,0.5997135134332268,0.0,0,0,0.0,-0.0008311111111111111,1753.3333333333333,2
20000,3,2,23,2,2,2,2,3,2,15034,17676,17100,19111,18525,18080,3200,0,2600,0,0,1700,0.7517,0.8793833333333334,0.0634132752809336,0.18102619222718788,6,3,-0.3333333333333335,-0.1523,1250.0,3
290000,1,2,34,0,0,0,0,0,0,21849,9318,7964,10335,12000,13463,1500,2016,5000,2000,1463,3365,0.07534137931034483,0.043062643678160914,0.23462557217420987,0.16096147655327825,0,0,0.0,0.028917241379310343,2557.3333333333335,0
750000,1,2,28,1,0,0,0,0,0,9500,9655,401003,399493,400993,409483,250000,401003,7990,11000,417990,3080,0.012666666666666666,0.36225044444444443,1.4136404245863996,5.0,1,1,0.3333333333333333,-0.5333106666666667,181843.83333333334,0
390000,1,2,43,0,0,0,0,0,0,90294,87292,88335,89396,90769,91825,3200,3200,3200,3500,3300,4000,0.23152307692307691,0.2298764957264957,0.03663507734208761,0.03665815128360808,0,0,0.0,-0.0039256410256410254,3400.0,0
50000,2,2,38,0,0,0,0,0,0,1496,35007,32672,34087,37114,45043,35007,2000,2000,5000,10000,2000,0.02992,0.6180633333333334,0.2953154605821324,0.9999714351005484,0,0,0.0,-0.87094,9334.5,0
170000,2,1,33,0,0,0,0,0,0,4018,6302,6844,1467,4797,2659,6330,6844,1467,9594,2659,7076,0.02363529411764706,0.02557549019607843,1.2005327206585814,1.0042836744407424,0,0,0.0,0.007994117647058823,5661.666666666667,0
30000,2,2,24,0,0,0,0,0,0,27391,28412,28575,28925,24159,0,1767,1700,1010,1141,0,0,0.9130333333333334,0.7636777777777778,0.040764765868962126,0.06218984267764756,0,0,0.0,0.9130333333333334,936.3333333333334,2
520000,2,2,32,0,0,0,0,0,0,17718,12490,7894,6426,4045,1806,1222,1200,505,502,100,216338,0.03407307692307692,0.016147115384615385,0.10156272718453072,0.09783043791529901,0,0,0.0,0.0306,36644.5,0
260000,3,1,41,0,0,0,0,0,0,2472,8160,4549,5502,3487,5416,8160,4549,1056,139,2000,381,0.009507692307692307,0.018965384615384617,0.5201223963527574,0.9998774659968142,0,0,0.0,-0.011323076923076924,2714.1666666666665,0
30000,3,1,48,0,0,0,2,2,3,19650,20817,23860,24372,25776,25088,1500,3400,1200,2100,0,0,0.655,0.77535,0.06904954956194216,0.0720530310308387,3,3,-2.3333333333333335,-0.18126666666666666,1366.6666666666667,2
360000,2,2,52,0,0,0,0,0,0,640,2113,-6,999,944,-3,2231,0,1005,948,0,789,0.0017777777777777779,0.002174074074074074,0.6127039840218649,1.055345316934721,0,0,0.0,0.0017777777777777779,828.8333333333334,2
410000,1,1,34,0,0,0,0,0,0,109256,15134,5063,1019,14585,5370,15000,4867,803,14436,5396,875,0.2664780487804878,0.06114918699186992,0.9467607837272949,0.9910802775024777,0,0,0.0,0.25338048780487804,6896.166666666667,0
130000,2,2,42,0,0,0,0,0,0,83521,84373,86004,87718,90720,87851,3087,3059,3080,4355,3323,3192,0.6424692307692308,0.6669064102564102,0.03861924370757184,0.03658710029155901,0,0,0.0,-0.03330769230769231,3349.3333333333335,0
60000,1,2,29,0,0,0,0,2,2,40851,41891,44788,47728,48617,49669,2000,3600,3700,1800,2000,0,0.68085,0.7598444444444444,0.05658575464062223,0.04774181227919412,2,2,-1.3333333333333333,-0.14696666666666666,2183.3333333333335,1
400000,3,2,31,1,2,0,0,0,0,79403,55340,62303,63928,52882,48387,3,10000,10023,20000,5000,20000,0.1985075,0.15093458333333334,0.15977312581145417,5.420935653493793e-05,2,2,1.0,0.07754,10837.666666666666,0
230000,3,1,54,0,0,0,0,0,0,1227,784,1854,396,1950,1099,784,1854,396,1950,1099,2040,0.005334782608695652,0.005297101449275362,0.998849298166449,0.9987261146496815,0,0,0.0,0.0005565217391304347,1353.8333333333333,0
190000,3,1,47,1,2,0,0,0,0,194487,189894,185512,169728,143260,136901,92,7791,4000,2865,40000,0,1.0236157894736841,0.8945456140350877,0.07564535743460982,0.00048447826430395746,2,2,1.0,0.3030842105263158,9124.666666666666,1
50000,3,2,24,0,0,0,0,0,0,48658,46749,42190,30683,29140,28986,1900,1613,1504,1200,1100,1100,0.97316,0.7546866666666667,0.04140310553401969,0.040641711229946524,0,0,0.0,0.39344,1402.8333333333333,0
60000,2,2,22,0,0,0,0,0,0,60103,52193,44934,17769,10400,1760,3033,2093,560,600,1760,17933,1.0017166666666666,0.5198861111111112,0.23866424152189913,0.05811012760087366,0,0,0.0,0.9723833333333334,4329.833333333333,0
30000,2,1,27,4,4,3,2,2,3,10846,10533,10225,9912,11444,10975,0,0,0,1700,0,0,0.3615333333333333,0.3551944444444445,0.029707295762341636,0.0,6,4,1.333333333333333,-0.0043,283.3333333333333,5
200000,3,2,33,1,2,2,2,2,2,51979,51016,54736,55424,56101,57137,0,5000,2000,2000,1900,2200,0.259895,0.2719941666666667,0.03926657381623853,0.0,6,2,-0.33333333333333326,-0.02579,2183.3333333333335,1
80000,2,1,35,1,0,3,2,0,0,0,964,964,964,964,5953,964,0,0,0,5953,0,0.0,0.020435416666666664,0.39975915525070443,0.9989637305699481,3,3,0.6666666666666666,-0.0744125,1152.8333333333333,4
50000,2,2,56,0,0,0,0,0,0,37624,44915,46665,390,430,390,8000,26390,390,430,350,3581,0.75248,0.43471333333333334,0.7267762527042989,0.1781102502449016,0,0,0.0,0.74468,6523.5,0
140000,2,1,48,0,0,0,0,0,0,80740,82439,84125,85968,88679,99558,3000,3060,3241,4264,12400,0,0.5767142857142857,0.6208440476190477,0.056619201101071256,0.036390101892285295,0,0,0.0,-0.1344142857142857,4327.5,1
160000,1,1,43,0,0,0,0,0,0,2980,2817,0,450,748,5054,2817,0,450,748,5054,4711,0.018625,0.012551041666666667,0.7991789812148923,0.9996451383960255,0,0,0.0,-0.0129625,2296.6666666666665,1
60000,3,2,26,0,0,0,0,0,0,38726,39764,41084,41741,42461,43457,1663,1983,1640,1542,1703,1758,0.6454333333333333,0.6867583333333334,0.0409755073011902,0.041820696592480826,0,0,0.0,-0.07885,1714.8333333333333,0
420000,4,2,36,1,0,0,0,0,0,944,1819,1133,10415,7792,-3,1819,1143,10429,194,556,0,0.0022476190476190478,0.008771031746031747,1.6067058546054067,0.9994505494505495,1,1,0.3333333333333333,0.0022476190476190478,2356.8333333333335,1
180000,2,1,36,0,0,0,0,0,0,21494,25600,0,0,36565,37353,5000,0,0,36565,1548,1000,0.1194111111111111,0.11204814814814816,0.24734377361275772,0.19530487090348034,0,0,0.0,-0.08810555555555556,7352.166666666667,2
30000,3,1,43,1,2,0,0,0,0,32577,29268,26897,23352,18738,15236,0,1468,1564,591,489,388,1.0859,0.8114888888888889,0.037036021241164695,0.0,2,2,1.0,0.5780333333333333,750.0,1
180000,2,1,33,0,0,0,0,0,0,47050,49282,50159,51336,54332,56249,3000,2000,2011,4000,3000,3000,0.2613888888888889,0.28556296296296296,0.05337425389244784,0.06087291763894243,0,0,0.0,-0.05110555555555556,2835.1666666666665,0
130000,1,2,28,0,0,0,0,0,0,31283,32045,28974,23386,23958,24740,1900,1500,1000,1100,1337,1500,0.24063846153846155,0.21075128205128207,0.050753790712773285,0.05928977095425326,0,0,0.0,0.05033076923076923,1389.5,0
60000,3,1,41,0,0,0,0,0,0,56261,55773,55953,55562,55063,54819,1993,2627,2700,2500,2300,3000,0.9376833333333333,0.9261972222222222,0.04372669383955422,0.03573349589414423,0,0,0.0,0.024033333333333334,2520.0,0
290000,1,2,33,0,0,0,0,0,0,413,486,820,60,1773,3904,486,820,60,1773,3904,0,0.0014241379310344828,0.004285057471264368,0.995903072537188,0.997946611909651,0,0,0.0,-0.012037931034482759,1173.8333333333333,1
200000,2,1,29,2,0,0,0,0,0,159398,156955,132144,119136,122211,125021,6163,4530,4500,5000,5000,5000,0.79699,0.6790541666666667,0.038444684329434875,0.03926578149290247,1,2,0.6666666666666666,0.171885,5032.166666666667,0
90000,1,2,36,0,0,0,0,0,0,90922,80980,66503,67347,68509,67588,4273,3200,2500,2500,2631,2646,1.0102444444444445,0.8182388888888888,0.0426841945806483,0.05276546350378484,0,0,0.0,0.25926666666666665,2958.3333333333335,0
230000,2,1,31,0,0,2,0,0,0,60528,49036,31226,15568,10000,0,5000,0,5000,10000,0,10000,0.26316521739130433,0.12054927536231884,0.2846029676874325,0.10196382323551603,1,2,0.6666666666666666,0.26316521739130433,5000.0,2
400000,1,2,32,0,0,0,0,0,0,3919,-8477,247784,258900,225614,228219,0,258900,20170,17000,10000,10000,0.0097975,0.40184833333333336,0.2483861265565385,0.0,0,0,0.0,-0.56075,52678.333333333336,1
70000,3,1,27,0,0,0,0,0,2,61611,62711,63695,63926,67361,59480,3011,3095,2000,4600,0,2258,0.8801571428571429,0.9018666666666666,0.03923535233798372,0.04801313943104988,1,2,-0.6666666666666666,0.030442857142857143,2494.0,1
320000,1,2,30,0,0,0,0,0,0,9646,13438,14833,1920,10516,10350,13442,14838,1920,10516,10350,43982,0.03014375,0.03161614583333333,0.9999561252634857,1.000223230895156,0,0,0.0,-0.0022,15841.333333333334,0
110000,1,2,23,0,0,0,0,0,0,83914,85064,78997,71276,68385,62475,4022,3300,2000,3000,2500,2310,0.7628545454545455,0.6819863636363637,0.0401996472808596,0.04728149062481632,0,0,0.0,0.1949,2855.3333333333335,0
290000,2,2,28,0,0,0,0,0,0,240745,216678,205930,209010,213471,217561,9323,9000,8000,8000,7800,8238,0.8301551724137931,0.7490775862068966,0.03966674561378159,0.04302678155243471,0,0,0.0,0.0799448275862069,8393.5,0
120000,1,1,34,0,2,0,0,0,0,1082,632,1350,900,450,0,0,1350,0,0,0,450,0.009016666666666666,0.006130555555555555,0.1998519615099926,0.0,1,2,0.6666666666666666,0.009016666666666666,300.0,4
450000,2,2,36,0,0,0,0,0,0,13500,6350,11670,1530,1232,201,6364,11728,1532,1234,201,3,0.03,0.012771481481481483,1.000688904966594,1.002046921744607,0,0,0.0,0.029553333333333334,3510.3333333333335,0
130000,1,2,26,0,0,0,0,0,0,20054,1298,6712,-884,-6332,-9333,1298,6730,900,5448,0,25000,0.15426153846153845,0.03597948717948718,2.400352515376104,0.9992301770592764,0,0,0.0,0.15426153846153845,6562.666666666667,1
120000,2,2,37,0,2,0,0,0,2,16241,16680,17695,17901,19608,19143,1000,1600,800,2000,0,1600,0.13534166666666667,0.14898333333333333,0.059409216855947175,0.05994844433786943,2,2,0.0,-0.024183333333333334,1166.6666666666667,1
50000,2,2,24,0,0,0,0,0,0,999,593,-7,2636,-39,13000,594,0,2643,0,13039,128,0.01998,0.05742666666666667,0.6010396329887637,1.0,0,0,0.0,-0.24002,2734.0,2
30000,3,2,23,0,0,0,0,0,0,4443,370,380,590,7704,20204,430,400,601,7504,15005,5674,0.1481,0.18717222222222224,0.988473978830436,1.1590296495956873,0,0,0.0,-0.5253666666666666,4935.666666666667,0
80000,2,1,30,2,0,0,0,0,3,13708,22668,31456,40111,48633,56740,9200,9200,9200,9200,9200,0,0.17135,0.4444083333333333,0.2557938846667674,0.4058405752349023,2,3,-0.33333333333333337,-0.5379,7666.666666666667,1
100000,2,2,24,0,0,0,0,0,0,101887,102069,100657,101565,101116,101764,4902,4507,3936,3982,4135,3676,1.01887,1.0150966666666668,0.04231346464344508,0.04802586460272362,0,0,0.0,0.00123,4189.666666666667,0
140000,2,2,37,0,0,0,0,0,0,86858,89509,91476,92591,95887,97739,5000,4300,3600,5000,3310,3400,0.6204142857142857,0.659595238095238,0.045551161181101904,0.05585968048262764,0,0,0.0,-0.07772142857142857,4101.666666666667,0
50000,3,1,27,2,2,0,0,0,0,1884,570,180,2672,3101,5465,570,0,2672,3101,5465,0,0.03768,0.04624,0.7994738506453453,0.9982486865148862,2,2,1.3333333333333333,-0.07162,1968.0,2
150000,2,1,34,0,0,0,0,0,0,50523,46054,46191,45564,45840,47077,1763,2500,2000,2000,2000,2100,0.33682,0.3124988888888889,0.04448146721214622,0.03828031701226794,0,0,0.0,0.02297333333333333,2060.5,0
60000,3,1,28,1,2,2,0,0,0,60718,60791,46345,44425,17785,17796,2258,0,1573,800,800,800,1.0119666666666667,0.6885,0.03249616650942022,0.037143045137518094,3,2,1.6666666666666667,0.7153666666666667,1038.5,1
50000,2,1,38,0,0,2,0,0,2,32669,35917,35063,36176,38269,37521,3800,0,2000,3000,0,3200,0.65338,0.7187166666666667,0.047894132896700164,0.1057965365554875,2,2,0.0,-0.09704,2000.0,2
30000,1,2,25,0,0,0,0,0,0,19783,20959,22269,22601,23085,23646,1500,1668,1000,1000,944,762,0.6594333333333333,0.7352388888888889,0.05478890356908546,0.0715648854961832,0,0,0.0,-0.12876666666666667,1145.6666666666667,0
30000,2,2,34,1,2,2,0,0,0,16935,17855,17280,18594,18806,19045,1500,0,1606,818,690,695,0.5645,0.6028611111111111,0.050019040465506925,0.08400537634408602,3,2,1.6666666666666667,-0.07033333333333333,884.8333333333334,1
110000,2,1,28,0,0,0,0,0,2,66831,62435,59977,59411,55112,45025,3021,2800,2710,5227,0,1900,0.6075545454545455,0.5284712121212122,0.04710490380806156,0.04838554679992312,1,2,-0.6666666666666666,0.19823636363636363,2609.6666666666665,1
250000,1,2,35,0,0,0,0,0,0,2746,1666,3572,76552,100566,0,1666,3597,76552,100566,0,0,0.010984,0.12340133333333334,0.8012188316022799,0.9994001199760048,0,0,0.0,0.010984,30396.833333333332,2
50000,2,2,23,0,0,0,0,0,0,25622,33564,25680,13577,1148,-6,10122,10028,5000,6,0,0,0.51244,0.33197,0.21310240873364736,0.30156412930135557,0,0,0.0,0.51244,4192.666666666667,2
200000,2,1,46,0,0,0,0,0,0,106651,103173,104137,103422,95206,65108,3692,5000,3300,2500,2930,1500,0.533255,0.48141416666666664,0.03739305021807293,0.03578420919999225,0,0,0.0,0.207715,3153.6666666666665,0
250000,2,2,38,1,0,0,0,0,0,0,0,0,0,0,0,0,0,0,0,0,0,0.0,0.0,0.0,0.0,1,1,0.3333333333333333,0.0,0.0,6
90000,2,2,26,0,0,0,0,0,0,70457,64479,31470,28996,26067,23292,2850,1900,1700,1000,1000,1200,0.7828555555555555,0.4532611111111111,0.04889842202263494,0.044199751861042184,0,0,0.0,0.5240555555555556,1608.3333333333333,0
220000,2,2,29,0,0,0,0,0,0,36106,33494,29518,29569,28587,21201,3000,3000,6000,5000,1136,10000,0.16411818181818183,0.13520833333333332,0.12451636573067318,0.08956560680698612,0,0,0.0,0.06775,4689.333333333333,0
200000,2,1,50,0,0,0,0,0,0,411,453,348,359,672,1620,453,348,359,672,1620,384,0.002055,0.003219166666666667,0.9980102924580552,0.9977973568281938,0,0,0.0,-0.006045,639.3333333333334,0
200000,3,1,28,0,0,2,0,0,0,188,2791,188,376,188,6884,2791,0,376,0,6884,4187,0.00094,0.008845833333333334,0.5993688141268981,0.9996418338108882,1,2,0.6666666666666666,-0.03348,2373.0,2
140000,2,2,44,0,0,0,0,0,0,85119,86901,89583,90432,92332,94197,3153,4126,3231,3351,3400,3494,0.6079928571428571,0.6411476190476191,0.038090884624221805,0.03628224897010426,0,0,0.0,-0.06484285714285715,3459.1666666666665,0
180000,2,1,42,0,0,0,0,0,0,87815,79072,59852,60761,62425,63982,3800,3000,2500,2800,3000,2000,0.48786111111111113,0.38324722222222224,0.04621287128189379,0.04805685885194694,0,0,0.0,0.13240555555555555,2850.0,0
160000,2,2,28,0,2,0,0,0,0,3498,3260,678,0,0,678,0,678,0,0,678,0,0.0218625,0.008452083333333332,0.39941089837997057,0.0,1,2,0.6666666666666666,0.017625,226.0,4
230000,1,2,33,1,0,0,0,0,0,-3,4532,0,6264,6392,2538,4535,0,6264,128,0,407,0.0,0.014294202898550724,0.40406069818900103,1.00044120891242,1,1,0.3333333333333333,-0.011034782608695653,1889.0,2
30000,2,1,25,0,0,0,0,2,2,30527,29910,0,25919,26383,25691,1389,0,25919,1000,0,19283,1.0175666666666667,0.7690555555555556,0.21686018875305738,0.046437765370599446,2,2,-1.3333333333333333,0.1612,7931.833333333333,2
360000,1,1,44,0,0,0,0,0,0,188,1610,1088,7870,5988,342,1610,1088,7870,5988,342,7159,0.0005222222222222222,0.007910185185185185,0.999050304110406,0.9993792675356921,0,0,0.0,-0.0004277777777777778,4009.5,0
80000,2,1,29,0,0,0,0,0,0,49528,44639,39720,34465,29488,32912,1730,1644,1222,1400,10000,1200,0.6191,0.4807333333333333,0.09338100805073164,0.03875448028673835,0,0,0.0,0.2077,2866.0,0
20000,2,2,30,1,2,0,0,2,0,17819,17244,18938,19836,19390,19664,0,2000,1500,0,1000,1500,0.89095,0.9407583333333334,0.04641404724929253,0.0,3,2,0.33333333333333337,-0.09225,1000.0,2
230000,3,2,39,0,0,0,0,0,0,1876,1876,1876,2848,1876,4634,1876,1876,2848,1876,4634,1876,0.008156521739130436,0.010859420289855072,0.9995669909533695,0.9994672349493873,0,0,0.0,-0.011991304347826087,2497.6666666666665,0
250000,1,1,37,0,0,2,2,0,0,0,2886,2325,177,8068,5587,2886,202,0,8068,620,0,0.0,0.012695333333333335,0.43946521933594934,0.9996536196744025,2,2,0.0,-0.022348,1962.6666666666667,2
200000,1,2,33,0,0,0,0,0,0,147178,150573,140844,144245,135946,135736,7300,6550,7200,5300,5400,5240,0.73589,0.7121016666666667,0.0447338988522414,0.048481145483283965,0,0,0.0,0.05721,6165.0,0
280000,1,2,31,0,0,0,0,0,0,2158,-2,-2,5823,2900,42128,0,0,5825,2915,42338,2419,0.007707142857142857,0.031552976190476194,0.6019917157310262,0.0,0,0,0.0,-0.14275,8916.166666666666,2
100000,1,2,33,1,2,0,0,0,0,55066,53612,54720,55808,56976,58108,0,2000,1998,2068,2079,2155,0.55066,0.55715,0.028884530923989328,0.0,2,2,1.0,-0.03042,1716.6666666666667,1
300000,4,2,26,0,0,0,0,0,0,293880,242669,76777,34072,11632,15429,11128,47009,34044,11677,15483,6098,0.9796,0.3746994444444444,0.7328988708321151,0.045856512959986814,0,0,0.0,0.92817,20906.5,0
20000,2,1,39,1,2,2,0,0,0,14112,11221,10656,7928,580,0,3520,0,1000,580,0,0,0.7056,0.37080833333333335,0.28761354321714333,0.3136695776153983,3,2,1.6666666666666667,0.7056,850.0,3
10000,1,2,22,0,0,0,0,0,0,9791,7052,6816,5210,0,0,1275,2500,1000,0,0,0,0.9791,0.48115,0.14788122364214357,0.18077413866439812,0,0,0.0,0.9791,795.8333333333334,3
50000,2,1,38,0,0,0,0,0,0,25742,23300,21266,19418,19315,18559,1372,1286,666,680,816,819,0.51484,0.42533333333333334,0.04656333313317417,0.05888159306467534,0,0,0.0,0.14366,939.8333333333334,0
200000,1,1,32,0,2,0,0,0,0,220,110,110,11946,32836,110,0,110,11946,21000,110,0,0.0011,0.03777666666666667,0.724284153766906,0.0,1,2,0.6666666666666666,0.00055,5527.666666666667,2
20000,2,1,42,2,0,0,0,0,0,15552,16560,17278,18289,18653,19195,1575,1293,1304,668,843,853,0.7776,0.8793916666666666,0.06419097502385676,0.09510295272024637,1,2,0.6666666666666666,-0.18215,1089.3333333333333,0
10000,2,2,23,0,0,0,0,0,0,10078,8886,8815,9600,0,0,1300,1300,1000,0,0,0,1.0078,0.6229833333333333,0.07957921339743108,0.14628108473050525,0,0,0.0,1.0078,600.0,3
260000,2,1,29,0,0,0,0,0,0,246509,251197,243167,231463,105518,93193,7012,6310,5871,3130,2966,3230,0.9481115384615385,0.7506711538461538,0.0281433992206033,0.02791423498594734,0,0,0.0,0.5896769230769231,4753.166666666667,0
220000,1,1,36,0,0,0,0,0,0,215979,210475,216513,196219,200117,204312,7800,9639,7123,7162,7419,7462,0.9817227272727272,0.9421325757575757,0.03799596530439412,0.03705885706683897,0,0,0.0,0.05303181818181818,7767.5,0
100000,2,1,42,0,0,0,0,0,0,63984,65917,67673,66292,67793,67182,3000,4000,3000,2500,3000,2500,0.63984,0.664735,0.046280440873427774,0.04551108953548348,0,0,0.0,-0.03198,3000.0,0
140000,1,2,30,0,0,0,0,0,0,13626,21399,27923,32330,33374,38588,8399,6923,5330,2074,5588,20290,0.09732857142857143,0.19909523809523808,0.20244145099313898,0.3924766355140187,0,0,0.0,-0.1783,8100.666666666667,0
80000,2,2,45,1,0,0,0,0,0,-1600,82150,0,0,0,0,83750,0,0,0,0,0,0.0,0.17114583333333333,0.20389283149322587,1.0194641574661294,1,1,0.3333333333333333,0.0,13958.333333333334,5
450000,1,1,33,0,0,0,0,0,0,67139,60995,62728,63223,63011,43156,3000,3000,2000,8110,2600,2000,0.1491977777777778,0.13342666666666667,0.06351853494659147,0.04918355301987015,0,0,0.0,0.053295555555555554,3451.6666666666665,0
210000,3,1,48,0,0,0,0,0,0,119530,111730,107150,102418,97653,92653,3998,3885,3712,3599,3346,2920,0.5691904761904761,0.5009,0.036250069773594115,0.035782370156894686,0,0,0.0,0.12798571428571429,3576.6666666666665,0
360000,1,2,31,0,0,0,0,0,0,3429,33535,2441,5681,65816,17577,33702,2453,5710,66145,17589,8050,0.009525,0.05948101851851852,1.0039983097037708,1.0049499045801527,0,0,0.0,-0.0393,22274.833333333332,0
80000,2,2,24,0,0,0,0,0,0,81908,83597,157646,79061,79834,81257,5501,3450,3000,3059,2915,2758,1.02385,1.1735479166666667,0.039964433786221554,0.06580300964137899,0,0,0.0,0.0081375,3447.1666666666665,0
60000,1,2,30,0,0,0,0,0,0,15380,4116,19453,17912,18480,18848,4147,19435,1000,1000,1000,1000,0.25633333333333336,0.2616361111111111,0.4338596826315907,1.0072868593636142,0,0,0.0,-0.0578,4597.0,0
50000,2,1,43,0,0,0,0,0,0,25387,25435,23268,23365,19602,18462,1374,1418,1295,677,669,686,0.50774,0.45173,0.048229989001868076,0.054017927347067146,0,0,0.0,0.1385,1019.8333333333334,0
200000,1,2,29,0,0,0,0,0,0,2290,0,0,0,0,0,0,0,0,0,0,0,0.01145,0.0019083333333333335,0.0,0.0,0,0,0.0,0.01145,0.0,6
480000,1,2,49,0,0,0,0,0,0,456668,424843,325772,320760,325841,331602,14706,15377,10481,11003,11303,11329,0.9513916666666666,0.7588493055555556,0.03646917927640641,0.03461505870390073,0,0,0.0,0.26055416666666664,12366.5,0
100000,2,1,30,0,0,0,0,0,0,47423,49978,52520,54877,57484,59095,3000,3000,3000,3000,2000,3000,0.47423,0.5356283333333334,0.05156854005779564,0.06002521058844715,0,0,0.0,-0.11672,2833.3333333333335,0
30000,1,2,43,1,2,2,2,0,0,17775,18688,21488,20847,21162,21809,1500,3433,0,800,1000,1000,0.5925,0.6764944444444444,0.06473392433903316,0.0802611161645888,4,2,1.0,-0.13446666666666668,1288.8333333333333,1
120000,1,1,38,0,0,2,0,0,0,6856,17329,2047,8568,8814,17180,19600,0,14150,9000,17000,0,0.057133333333333335,0.08443611111111111,0.9585479982167631,1.1309867282169648,1,2,0.6666666666666666,-0.08603333333333334,9958.333333333334,2
90000,2,1,36,1,0,0,0,0,0,-191,-191,-191,-191,-191,209,0,0,0,0,550,3780,0.0,0.0003870370370370371,0.5238095238095238,0.0,1,1,0.3333333333333333,-0.002322222222222222,721.6666666666666,4
150000,1,1,30,2,0,0,0,0,0,151060,139648,119043,112072,113932,105706,3864,3868,2808,3037,2583,1079,1.0070666666666668,0.8238455555555555,0.027261628365539366,0.027669371066029833,1,2,0.6666666666666666,0.30236,2873.1666666666665,0
500000,1,1,50,0,0,0,0,0,0,197004,202740,203537,167013,169395,171648,20000,15000,15000,15000,15000,15000,0.394008,0.3704456666666667,0.08761894237181564,0.09864802876576519,0,0,0.0,0.050712,15833.333333333334,0
110000,2,2,29,0,0,0,0,0,0,31327,31495,27682,28418,29442,30213,2000,1800,1500,1500,1400,5002,0.2847909090909091,0.2705712121212121,0.05571712047496796,0.063500127000254,0,0,0.0,0.010127272727272728,2200.3333333333335,0
20000,2,2,25,0,0,0,0,0,0,4120,5387,6440,7373,8246,11095,1500,1300,1200,1000,3000,406,0.206,0.35550833333333337,0.20691725893311647,0.27839643652561247,0,0,0.0,-0.34875,1401.0,0
300000,2,1,33,0,0,0,0,0,0,11613,12893,10841,11900,0,0,1513,1000,1059,0,0,51167,0.03871,0.026248333333333332,0.05971188465310008,0.11734139910035675,0,0,0.0,0.03871,9123.166666666666,2
140000,2,1,34,0,0,2,0,0,0,121374,125965,102527,103337,105942,101830,8200,3000,4000,4500,4000,4200,0.8669571428571429,0.786875,0.04296431997194784,0.06509693091786672,1,2,0.6666666666666666,0.1396,4650.0,0
180000,2,2,43,0,0,0,0,0,0,5904,5715,2378,10396,2527,2173,5739,2385,10427,2534,2179,13903,0.0328,0.026937962962962962,1.002820926881697,1.0040237928621414,0,0,0.0,0.02072777777777778,6194.5,0
80000,2,1,32,0,0,0,0,0,0,80237,69568,64469,54020,55852,44286,3000,2500,2000,3000,2000,1500,1.0029625,0.7675666666666667,0.04355908470674652,0.043122655205623195,0,0,0.0,0.4493875,2333.3333333333335,0
30000,3,1,57,0,0,0,0,0,0,20976,22332,23654,24952,26551,29598,2000,2000,2000,2000,4500,0,0.6992,0.8225722222222223,0.09632180717984017,0.0895535754264989,0,0,0.0,-0.2874,2083.3333333333335,1
240000,2,1,43,0,2,0,0,0,0,2077,1588,41513,10657,7893,5347,0,41000,10657,0,5041,9190,0.008654166666666666,0.04796875,0.5860240342392148,0.0,1,2,0.6666666666666666,-0.013625,10981.333333333334,2
100000,1,2,27,0,0,0,0,0,0,55734,52557,33415,28776,17580,6441,1631,1286,200,645,909,200,0.55734,0.3241716666666667,0.05085190321774402,0.031032383271813995,0,0,0.0,0.49293,811.8333333333334,0
20000,2,2,35,2,2,3,2,0,0,15087,16133,17174,16605,17029,17305,1600,1600,0,1000,700,1000,0.75435,0.827775,0.05829928441981286,0.09916945580761126,4,3,1.666666666666667,-0.1109,983.3333333333334,1
30000,2,2,24,0,0,0,0,0,0,31319,31181,31540,31016,30531,30528,1564,1800,1100,1500,1500,3000,1.0439666666666667,1.0339722222222223,0.048190507133104056,0.05015714194086332,0,0,0.0,0.026366666666666667,1744.0,0
150000,1,2,32,2,0,0,0,0,2,35099,35601,36488,35729,38117,37259,1887,2003,2000,3419,13,2088,0.23399333333333333,0.24254777777777775,0.05078306468149303,0.05300264030110668,2,2,0.0,-0.0144,1901.6666666666667,0
200000,2,2,39,0,0,0,0,0,2,13124,11774,6328,4714,42184,39576,1058,6336,10,39585,39,1087,0.06562,0.09808333333333334,0.4064860859155816,0.08985138004246285,1,2,-0.6666666666666666,-0.13226,8019.166666666667,0
360000,4,2,36,0,0,0,0,0,0,15019,1221,6909,5954,4160,1726,2074,7039,10,1,4,45197,0.04171944444444445,0.01619861111111111,0.5440244030660856,1.6972176759410802,0,0,0.0,0.036925,9054.166666666666,0
320000,2,2,29,0,0,0,0,0,0,2391,1550,802,302,604,604,1561,906,302,604,302,825,0.007471875,0.0032567708333333337,0.9257873551325352,1.006447453255964,0,0,0.0,0.005584375,750.0,0
70000,1,2,26,0,0,0,0,0,0,69754,71377,71225,64644,68427,69893,2791,2939,2364,4876,2557,3599,0.9964857142857143,0.9888571428571429,0.04495500189388412,0.039101683992266524,0,0,0.0,-0.0019857142857142855,3187.6666666666665,0
160000,1,1,43,0,0,0,0,0,0,162,414,6437,16520,14374,10969,414,6437,10428,463,426,219,0.0010125,0.0509125,0.539934713911629,0.9975903614457832,0,0,0.0,-0.06754375,3064.5,0
580000,1,1,36,0,0,0,0,0,0,159760,162189,166127,169365,168755,167964,6422,6565,5951,6006,5894,5946,0.275448275862069,0.28567816091954024,0.036986133871609664,0.03959553609963623,0,0,0.0,-0.014144827586206896,6130.666666666667,0
50000,1,2,24,0,0,0,0,0,0,390,0,672,-108,2830,0,0,672,0,2938,0,0,0.0078,0.012973333333333333,0.4072619895520986,0.0,0,0,0.0,0.0078,601.6666666666666,4
210000,2,1,30,0,0,0,0,0,0,107539,103234,47363,45810,42093,36587,3000,3018,2000,1500,1500,2000,0.5120904761904762,0.3036714285714286,0.04261368191595982,0.029059911851600718,0,0,0.0,0.33786666666666665,2169.6666666666665,0
190000,2,1,43,0,0,0,0,0,0,90580,72260,80337,84221,91805,100053,10000,10000,10000,9000,10000,22000,0.4767368421052632,0.45548771929824566,0.11591479841519636,0.1383872351614287,0,0,0.0,-0.04985789473684211,11833.333333333334,0
50000,3,2,40,0,0,0,0,0,0,19824,29311,30862,26614,15571,14971,15000,10000,5000,1500,800,2000,0.39648,0.4571766666666666,0.23467443627968296,0.511735807860262,0,0,0.0,0.09706,5716.666666666667,0
20000,2,2,34,0,0,0,0,0,0,16912,-2,-1,-1,309,9525,0,0,0,310,9500,800,0.8456,0.22288333333333335,0.39945412555112325,0.0,0,0,0.0,0.36935,1768.3333333333333,3
100000,2,2,24,1,2,0,0,0,2,7127,6867,8095,9296,10241,9936,0,1500,1500,1100,0,3000,0.07127,0.08593666666666666,0.09080398932198502,0.0,3,2,0.33333333333333337,-0.02809,1183.3333333333333,2
110000,1,2,31,2,2,2,2,2,2,91773,93892,94652,97097,98097,100361,4550,3150,4900,3500,4000,3900,0.8343,0.8725333333333334,0.041547535492741414,0.04845941656992534,6,2,0.0,-0.07807272727272727,4000.0,0
120000,1,2,29,0,0,0,0,0,0,25602,30156,33632,36574,38985,40339,5000,4000,3500,3000,2000,5036,0.21335,0.2851222222222222,0.10139057190371212,0.1657989853102099,0,0,0.0,-0.12280833333333334,3756.0,0
50000,1,2,24,0,0,0,0,0,0,48061,47003,13063,25224,14197,13872,2000,2000,2000,2000,2000,2000,0.96122,0.5380666666666667,0.11199165910494582,0.04254957024934048,0,0,0.0,0.68378,2000.0,0
160000,2,2,30,0,0,0,0,0,0,155967,151161,132051,93367,84622,87255,7541,5500,4200,3032,4000,2609,0.97479375,0.7337739583333333,0.04363840991949773,0.049886876331353115,0,0,0.0,0.42945,4480.333333333333,0
380000,2,2,31,0,0,0,0,0,0,200932,190991,175028,162699,138158,135920,10000,10000,5849,4570,5447,120000,0.5287684210526316,0.4402315789473684,0.04371875673814342,0.05235821395660551,0,0,0.0,0.17108421052631578,25977.666666666668,0
170000,2,1,26,0,0,0,0,0,0,30779,30751,23602,16633,0,51269,1675,1500,1007,0,51269,1865,0.18105294117647058,0.15003333333333335,0.23570767934977715,0.05446800208116545,0,0,0.0,-0.12052941176470588,9552.666666666666,1
50000,3,2,46,0,0,0,0,0,0,50131,28152,20746,27624,16015,16746,1388,2011,1006,1000,1000,1000,1.00262,0.53138,0.06095954881410435,0.04930202820303342,0,0,0.0,0.6677,1234.1666666666667,0
310000,2,1,39,0,0,0,0,0,0,360,360,360,360,360,360,360,360,360,360,360,360,0.001161290322580645,0.001161290322580645,0.997229916897507,0.997229916897507,0,0,0.0,0.0,360.0,0
30000,4,1,49,0,0,0,0,0,0,26305,27307,13294,14069,14518,15025,1500,1500,1000,676,900,900,0.8768333333333334,0.6139888888888889,0.06905647887719002,0.05492895854694595,0,0,0.0,0.376,1079.3333333333333,0
360000,1,2,50,0,0,0,0,0,0,11530,11753,0,2855,1730,0,11763,0,2855,1730,0,11150,0.03202777777777778,0.012901851851851852,0.599967571195408,1.0007656967840735,0,0,0.0,0.03202777777777778,4583.0,2
290000,2,1,35,1,0,0,0,0,0,0,1839,1750,19117,12693,28468,1839,1750,19117,400,2000,3496,0.0,0.036705172413793105,0.6201191831465902,0.9994565217391305,1,1,0.3333333333333333,-0.09816551724137931,4767.0,0
170000,2,1,35,1,2,2,2,2,0,17920,19229,18642,19743,19422,3644,1900,0,2000,0,500,500,0.10541176470588236,0.09666666666666666,0.0674549519681463,0.09880395215808632,5,2,0.3333333333333335,0.08397647058823529,816.6666666666666,2
50000,2,2,22,0,0,2,0,0,0,30631,30479,28301,26829,27173,26424,4809,0,1200,1500,943,1142,0.61262,0.5661233333333333,0.058677474067609724,0.1577755905511811,1,2,0.6666666666666666,0.08414,1599.0,1
80000,1,2,23,0,0,0,0,0,0,24215,30798,30350,32469,32663,34909,10000,2000,2500,2000,3000,1000,0.3026875,0.38625833333333337,0.12294809044405179,0.3246858664242345,0,0,0.0,-0.133675,3416.6666666666665,0
200000,3,1,41,0,0,0,0,0,0,184133,187386,191098,194671,177096,180388,6710,7125,7333,6325,6522,6569,0.920665,0.9289766666666667,0.03652623276238677,0.035808247103587765,0,0,0.0,0.018725,6764.0,0
80000,2,1,32,0,0,0,0,0,0,77808,77180,79147,81159,69573,70306,3000,4000,4000,5000,8000,2800,0.9726,0.9482770833333334,0.06486917395358036,0.03886966999650173,0,0,0.0,0.093775,4466.666666666667,0
420000,1,1,34,0,0,0,0,0,0,454391,466810,483277,479800,489200,489200,20000,24000,11000,10000,0,11000,1.0818833333333333,1.1359833333333333,0.027174483294505093,0.04284389185344818,0,0,0.0,-0.08287857142857143,12666.666666666666,1
80000,2,2,30,0,0,0,0,0,0,69392,64149,53200,29707,28427,10072,3046,1874,2000,1000,1000,199,0.8674,0.5311395833333333,0.05689623501903214,0.04748246297739673,0,0,0.0,0.7415,1519.8333333333333,0
240000,1,1,44,0,0,0,0,0,0,188307,179988,184976,188934,196884,199267,6600,8000,7000,11000,7181,7236,0.7846125,0.790525,0.041774875945226386,0.036668907544349934,0,0,0.0,-0.04566666666666667,7836.166666666667,0
420000,1,2,29,0,0,0,0,0,0,57707,133661,135987,134719,135426,111697,86000,7000,4500,5000,4000,3500,0.13739761904761905,0.28142738095238096,0.16020456684842777,0.6434139845281381,0,0,0.0,-0.12854761904761905,18333.333333333332,0
240000,2,2,35,0,0,0,0,0,0,238887,222691,27627,161492,128496,197209,10000,3000,135050,5000,80000,8000,0.9953625,0.6780569444444444,0.2868640153841853,0.04490507068058125,0,0,0.0,0.17365833333333333,40175.0,0
70000,3,2,25,0,0,0,0,2,0,68658,68618,61208,50111,49207,50524,4500,2783,25000,0,3000,6000,0.9808285714285714,0.8293476190476191,0.13386114470733262,0.0655795042189481,1,2,-0.6666666666666666,0.2590571428571429,6880.5,1
420000,1,1,32,1,0,0,0,0,0,8120,2205,-94,6300,1047,67631,1011,0,6394,1047,67643,2005,0.019333333333333334,0.033850396825396825,0.6944527131946183,0.4582955575702629,1,1,0.3333333333333333,-0.14169285714285715,13016.666666666666,1
360000,2,2,31,0,0,0,0,0,0,49011,62438,77461,79025,75556,63097,15000,20000,3500,2300,5000,5000,0.13614166666666666,0.1882351851851852,0.13047944240221077,0.2402344688415894,0,0,0.0,-0.039127777777777775,8466.666666666666,0
50000,1,2,25,0,0,0,0,0,0,50401,46275,0,0,0,0,5000,0,0,0,0,0,1.00802,0.32225333333333334,0.02160947359322327,0.10804736796611634,0,0,0.0,1.00802,833.3333333333334,5
440000,1,1,31,0,0,0,0,0,0,232526,1025,0,26549,0,1000,1025,0,26549,0,1000,150,0.5284681818181818,0.09890151515151514,0.5995977350696352,0.9990253411306043,0,0,0.0,0.5261954545454546,4787.333333333333,2
220000,1,2,33,0,2,0,0,0,0,652,326,1070,1163,2044,204,0,1070,1163,2049,204,4953,0.0029636363636363636,0.004135606060606061,0.7990570256188583,0.0,1,2,0.6666666666666666,0.0020363636363636365,1573.1666666666667,1
360000,3,1,27,0,0,0,0,0,0,1097,778,2999,-1,-1,-1,780,3021,0,0,0,0,0.0030472222222222224,0.0022564814814814817,0.4016567394094993,1.0012836970474968,0,0,0.0,0.0030472222222222224,633.5,4
50000,1,2,28,0,0,0,0,0,0,31392,-288,-144,-144,-144,6,0,0,0,144,150,0,0.62784,0.10466,2.0,0.0,0,0,0.0,0.62772,49.0,4
50000,2,1,36,0,0,0,0,0,0,52136,50942,49715,21332,20096,18883,2218,2519,712,706,740,600,1.04272,0.7103466666666667,0.040379681210688294,0.04353885715407416,0,0,0.0,0.66506,1249.1666666666667,0
50000,2,2,29,0,0,0,0,0,0,28818,26000,0,0,0,0,2000,300,0,0,0,0,0.57636,0.18272666666666668,1.0153840236913965,0.07692011845698242,0,0,0.0,0.57636,383.3333333333333,4
320000,1,1,45,1,0,0,0,0,0,0,0,0,370,9301,0,0,0,370,9301,0,0,0.0,0.005036979166666666,0.3994394156895222,0.0,1,1,0.3333333333333333,0.0,1611.8333333333333,4
80000,2,2,25,1,0,0,0,0,0,0,0,431,0,0,0,0,431,0,0,0,0,0.0,0.0008979166666666667,0.19953703703703704,0.0,1,1,0.3333333333333333,0.0,71.83333333333333,5
60000,2,3,33,0,0,0,2,0,0,4260,780,390,390,390,390,780,390,0,390,390,2405,0.071,0.018333333333333333,0.7982093911995572,0.998719590268886,1,2,-0.6666666666666666,0.0645,725.8333333333334,1
240000,1,1,42,0,0,0,0,0,0,72339,91045,91027,51508,51127,0,20000,2213,1030,1023,6790,10893,0.3014125,0.2479486111111111,1.0567970980967614,0.2196691782176043,0,0,0.0,0.3014125,6991.5,0
120000,1,2,30,0,0,0,0,0,0,711,878,1131,441,441,441,878,1131,441,441,441,455,0.005925,0.005615277777777778,0.9982383242058702,0.9988623435722411,0,0,0.0,0.00225,631.1666666666666,0
60000,2,2,24,2,0,0,0,0,0,27019,25100,21023,16973,12410,11944,1686,2000,1000,1000,6000,5000,0.45031666666666664,0.31796944444444447,0.16081751008031953,0.0671686386996534,1,2,0.6666666666666666,0.25125,2781.0,0
200000,2,2,33,0,0,0,0,0,0,1502,3806,0,4573,1242,0,3836,0,4573,1242,0,3239,0.00751,0.009269166666666667,0.601318882874611,1.0076175466246389,0,0,0.0,0.00751,2148.3333333333335,2
110000,2,1,26,0,0,0,0,0,0,52489,53615,54803,55729,57001,58036,2000,2050,1895,2068,1982,1995,0.47717272727272725,0.5025348484848485,0.03582832265528259,0.03730229782154581,0,0,0.0,-0.05042727272727273,1998.3333333333333,0
50000,3,1,38,2,0,0,2,2,0,37501,34942,37502,34653,31352,29605,2000,3455,1007,8,2002,2029,0.75002,0.6851833333333333,0.049259463007108775,0.05723607017142203,3,2,-0.6666666666666666,0.15792,1750.1666666666667,0
630000,1,1,31,0,0,0,0,0,0,447263,458762,470298,480587,385587,373910,20000,20000,20000,15000,15000,15000,0.7099412698412698,0.692171164021164,0.041351088759759826,0.043595494841563075,0,0,0.0,0.11643333333333333,17500.0,0
200000,1,2,28,0,0,0,0,0,0,87390,115312,142912,161874,176431,180153,30002,30002,21876,16433,5661,5349,0.43695,0.72006,0.14596317257864305,0.2601788176528232,0,0,0.0,-0.463815,18220.5,0
260000,2,1,46,0,0,0,0,0,0,28700,29484,28592,16869,12713,10420,15000,10000,3000,12713,10420,12532,0.11038461538461539,0.08126794871794872,0.6072250116617381,0.5087332541970494,0,0,0.0,0.07030769230769231,10610.833333333334,0
120000,1,2,24,0,0,0,0,0,0,600,0,0,0,0,0,0,0,0,0,0,0,0.005,0.0008333333333333334,0.0,0.0,0,0,0.0,0.005,0.0,6
220000,1,2,34,0,0,2,2,0,0,170352,182711,183825,142216,118269,14960,15206,6000,0,5193,546,1485,0.7743272727272728,0.6154037878787879,0.03925326531601692,0.08322387144796183,2,2,0.0,0.7063272727272727,4738.333333333333,1
360000,1,1,48,0,0,0,0,0,0,167922,159433,126114,18258,6989,7691,6206,10030,1061,1011,3016,189853,0.46645,0.22518842592592592,0.14265899842979995,0.03892519788752713,0,0,0.0,0.4450861111111111,35196.166666666664,0
50000,2,1,49,0,0,2,0,0,0,48501,51105,39094,19476,19483,19634,3500,0,680,693,851,700,0.97002,0.6576433333333332,0.03646134033159519,0.06848510938050327,1,2,0.6666666666666666,0.57734,1070.6666666666667,1
20000,3,2,25,2,2,4,4,4,4,1650,1650,1650,1650,1650,1650,0,0,0,0,0,0,0.0825,0.0825,0.0,0.0,6,4,-1.3333333333333335,0.0,0.0,6
220000,1,1,53,0,0,0,0,0,0,1136,642,1582,1109,3319,2113,642,1582,1109,3319,2113,5410,0.005163636363636363,0.007500757575757576,0.9992275870980489,0.9984447900466563,0,0,0.0,-0.004440909090909091,2362.5,0
110000,1,1,33,0,0,0,0,0,0,47460,51200,-200,-200,-200,-200,5000,0,0,0,0,1000,0.4314545454545455,0.14948484848484847,0.019530868537723872,0.09765434268861936,0,0,0.0,0.4314545454545455,1000.0,4
20000,2,2,29,0,0,0,0,0,0,17208,18419,0,0,0,0,2055,0,0,0,0,0,0.8604,0.29689166666666666,0.022312703583061887,0.11156351791530944,0,0,0.0,0.8604,342.5,5
360000,2,2,30,0,0,0,0,0,0,282222,154050,0,18,18,18,7100,0,18,0,0,2034,0.78395,0.20200277777777778,0.19869141080756236,0.04608863298518023,0,0,0.0,0.7839,1525.3333333333333,3
120000,2,2,23,0,0,0,0,0,0,7945,3077,700,268,632,8815,1000,1200,200,632,8815,8400,0.06620833333333333,0.029773611111111112,0.95570554657555,0.3248862897985705,0,0,0.0,-0.00725,3374.5,0
160000,1,2,26,0,0,0,0,0,0,138825,135233,130038,79027,6666,6666,6800,5600,3715,6666,6666,6666,0.86765625,0.517140625,0.42801117736734423,0.05028321280151441,0,0,0.0,0.82599375,6018.833333333333,0
120000,2,2,31,0,0,0,0,0,0,120619,118983,109786,104000,121427,116652,5326,5059,4000,120203,5000,5000,1.0051583333333334,0.9603708333333333,0.23241550154091478,0.044762320984334025,0,0,0.0,0.033058333333333335,24098.0,0
20000,2,1,32,0,0,2,0,0,0,19468,20844,19362,19402,19607,19821,3000,0,850,920,750,300,0.9734,0.9875333333333334,0.05449668708687109,0.14391940513312546,1,2,0.6666666666666666,-0.01765,970.0,1
140000,1,2,50,0,2,0,0,0,0,780,780,390,0,780,390,0,390,0,780,390,0,0.005571428571428572,0.0037142857142857142,0.5987209001509639,0.0,1,2,0.6666666666666666,0.002785714285714286,260.0,3
50000,2,1,23,0,0,0,0,0,0,25526,26527,27577,28528,28689,29289,1431,1481,1432,992,1027,1038,0.51052,0.5537866666666666,0.0454958875807781,0.053943003618817854,0,0,0.0,-0.07526,1233.5,0
500000,1,2,40,0,0,0,0,0,0,5158,5514,14199,1537,1537,5517,5514,14220,1537,1537,5517,550,0.010316,0.011154,0.99994910236858,0.999818676337262,0,0,0.0,-0.000718,4812.5,0
170000,2,1,29,0,0,0,0,0,0,56980,55889,51328,31541,47406,23062,3000,2236,2478,904,2546,2000,0.3351764705882353,0.2609862745098039,0.06105261721494402,0.05367686527106817,0,0,0.0,0.19951764705882352,2194.0,0
230000,1,2,36,0,0,0,0,0,0,1545,306,8389,7465,6549,576,306,8389,9,0,0,342,0.006717391304347826,0.017992753623188404,0.3995657892544179,0.996742671009772,0,0,0.0,0.00421304347826087,1507.6666666666667,2
50000,2,1,42,0,0,0,0,0,0,41077,42072,43414,44126,45004,46100,1681,2023,1735,1613,1823,2053,0.82154,0.8726433333333333,0.04025071349855631,0.03995436503220593,0,0,0.0,-0.10046,1821.3333333333333,0
360000,2,2,28,0,0,0,0,0,0,63352,58601,19567,16658,17249,247,6010,4000,0,2000,247,12000,0.1759777777777778,0.08133055555555556,0.2837762739413817,0.10255622674994028,0,0,0.0,0.17529166666666668,4042.8333333333335,1
500000,1,1,50,2,2,2,2,2,2,70144,74850,76463,77611,78735,80430,6500,3400,3000,3000,3100,3110,0.140288,0.15274433333333334,0.0493205475577036,0.08683918718520794,6,2,0.0,-0.020572,3685.0,0
250000,2,1,29,1,0,0,0,0,0,-24,-24,-24,746,7146,434,0,0,770,7200,688,0,0.0,0.005550666666666667,0.7239629440534978,0.0,1,1,0.3333333333333333,-0.001736,1443.0,3
240000,2,2,46,0,0,0,0,0,0,262206,257969,256740,246364,127177,33622,9200,12000,5700,3200,1200,1000,1.092525,0.8222763888888889,0.03327812301146048,0.03566306159630965,0,0,0.0,0.9524333333333334,5383.333333333333,0
230000,1,1,39,0,0,0,0,0,0,63370,64621,65380,66520,66343,63498,2305,2515,2370,2180,2500,2200,0.27552173913043476,0.2824144927536232,0.036398676687182496,0.03566896722478413,0,0,0.0,-0.0005565217391304347,2345.0,0
140000,1,2,29,0,0,0,0,0,0,34052,34677,35065,35668,36143,37064,1553,1601,1564,1399,2000,2000,0.24322857142857143,0.25317738095238096,0.04539066864006123,0.04478343618432436,0,0,0.0,-0.021514285714285715,1686.1666666666667,0
490000,2,1,30,0,0,0,0,0,0,192586,197967,201666,205798,196698,190306,10000,7143,7306,6303,6429,6000,0.3930326530612245,0.4030683673469388,0.03745195804646667,0.05051321425684959,0,0,0.0,0.004653061224489796,7196.833333333333,0
230000,1,1,46,2,2,2,2,2,0,193112,197039,200300,203018,199689,202833,8500,8000,7500,0,6622,20200,0.8396173913043479,0.8666601449275363,0.030533616238516935,0.04313844904587901,5,2,0.6666666666666667,-0.04226521739130435,8470.333333333334,1
500000,1,1,52,0,0,0,0,0,0,144430,50001,62622,166818,78909,40268,50133,62646,166853,79331,40268,66607,0.28886,0.181016,1.0017002690219436,1.0026198952041918,0,0,0.0,0.208324,77639.66666666667,0
50000,2,1,27,0,0,0,0,0,0,492,492,492,492,492,470,493,493,493,493,471,7739,0.00984,0.009766666666666667,1.0,1.0,0,0,0.0,0.00044,1697.0,0
30000,3,1,58,1,2,2,2,3,2,24921,26225,25502,28588,27616,27903,2000,0,3509,0,1128,0,0.8307,0.8930833333333333,0.04788480538529642,0.07626019980172348,6,3,-0.6666666666666667,-0.0994,1106.1666666666667,3
50000,2,2,26,0,0,0,0,0,3,528,378,-150,-678,2057,1206,378,0,0,3263,0,0,0.01056,0.013896666666666668,0.5165762799654351,0.9973614775725593,1,3,-1.0,-0.01356,606.8333333333334,4
140000,3,1,52,0,0,0,0,0,0,76902,70841,61422,52576,51301,48202,3000,2200,2400,2000,2050,2150,0.5493,0.43005238095238096,0.04106512126945926,0.04234775980350639,0,0,0.0,0.205,2300.0,0
150000,1,1,33,0,0,0,0,0,0,50286,110884,113152,116097,118500,120896,61101,3210,3911,3354,3400,3500,0.33524,0.6997944444444445,0.1339025489789683,0.5510303467556478,0,0,0.0,-0.47073333333333334,13079.333333333334,0
150000,2,2,36,1,2,0,0,2,0,93658,84029,77836,75277,66249,60021,0,3000,6000,0,2066,1837,0.6243866666666666,0.5078555555555555,0.03053347113851048,0.0,3,2,0.33333333333333337,0.22424666666666668,2150.5,2
140000,1,2,25,0,0,0,0,0,0,52196,16982,20199,20746,2260,4180,2000,5000,1000,1260,3000,439,0.37282857142857145,0.1387654761904762,0.33765930972450275,0.1177648236471766,0,0,0.0,0.3429714285714286,2116.5,0
180000,2,2,39,0,0,0,0,0,0,671,671,671,671,671,671,671,671,671,671,671,671,0.0037277777777777778,0.0037277777777777778,0.9985119047619048,0.9985119047619048,0,0,0.0,0.0,671.0,0
60000,2,1,33,2,0,0,0,0,0,60099,60983,55595,54940,47959,29763,2500,2006,5000,2000,2000,0,1.00165,0.859275,0.05539589905436364,0.04099435917617736,1,2,0.6666666666666666,0.5056,2251.0,1
480000,1,1,38,0,0,0,0,0,0,29414,33482,37501,41399,35489,33081,5002,5002,5031,1006,986,986,0.06127916666666667,0.07304375,0.09248825502617045,0.14938924230206374,0,0,0.0,-0.007639583333333333,3002.1666666666665,0
20000,2,1,31,0,0,0,0,0,0,5500,8360,6000,0,0,0,3000,1000,0,0,0,0,0.275,0.1655,0.10508952969027348,0.35880875493362036,0,0,0.0,0.275,666.6666666666666,4
360000,2,1,37,1,0,0,0,0,0,0,0,0,0,0,0,0,0,0,0,0,0,0.0,0.0,0.0,0.0,1,1,0.3333333333333333,0.0,0.0,6
50000,2,2,24,0,0,0,0,0,0,34500,0,0,0,0,0,0,0,0,0,0,0,0.69,0.115,0.0,0.0,0,0,0.0,0.69,0.0,6
230000,1,2,38,0,0,0,0,0,0,217578,224020,227311,184500,128190,130883,9840,8750,7470,4540,4710,4750,0.9459913043478261,0.8061463768115942,0.038861470824338516,0.04392445351105477,0,0,0.0,0.3769347826086957,6676.666666666667,0
10000,1,2,29,0,0,0,0,0,0,1727,1508,3096,3400,4522,-240,1508,3098,3400,4522,0,1000,0.1727,0.23755,0.7998290158472203,0.9993373094764745,0,0,0.0,0.1727,2254.6666666666665,1
200000,1,2,29,1,0,0,0,0,0,0,0,0,0,0,0,0,0,0,0,0,0,0.0,0.0,0.0,0.0,1,1,0.3333333333333333,0.0,0.0,6
20000,3,1,43,2,0,0,0,0,0,18310,18739,19411,20209,19880,4341,1300,1500,1257,456,149,191,0.9155,0.84075,0.05321830182521693,0.06937033084311633,1,2,0.6666666666666666,0.69845,808.8333333333334,0
360000,1,1,44,0,0,0,0,0,0,18295,3199,6131,7662,19423,28351,3204,6195,7664,19423,28351,3250,0.050819444444444445,0.038454166666666664,1.0023135432429755,1.00125,0,0,0.0,-0.027933333333333334,11347.833333333334,0
100000,2,2,30,2,2,2,2,0,0,96604,94153,102623,100090,101511,103503,0,10000,0,4000,7816,0,0.96604,0.9974733333333333,0.04247225828010024,0.0,4,2,1.3333333333333335,-0.06899,3636.0,3
270000,1,2,35,1,0,0,0,0,0,-12,-12,-12,-12,-12,-12,0,0,0,0,0,0,0.0,0.0,0.0,0.0,1,1,0.3333333333333333,0.0,0.0,6
110000,2,2,29,2,0,0,0,0,0,113394,108142,109325,111264,56311,58271,5314,4398,4196,1857,8271,1948,1.0308545454545455,0.8434954545454545,0.0603987023926309,0.049138640503777406,1,2,0.6666666666666666,0.5011181818181818,4330.666666666667,0
300000,1,2,25,1,5,4,3,2,3,315632,309330,302869,306395,311256,305413,0,0,10000,10000,0,0,1.0521066666666667,1.028275,0.01295305865970937,0.0,6,5,0.666666666666667,0.034063333333333334,3333.3333333333335,4
90000,2,3,40,0,0,0,0,0,0,106947,71111,25286,8773,3786,390,1965,5064,5007,3788,390,390,1.1883,0.4005425925925926,0.5592526621465569,0.027632467094161322,0,0,0.0,1.1839666666666666,2767.3333333333335,0
170000,3,2,33,2,0,0,0,0,0,170348,166348,162319,165592,167482,171106,7622,7354,7464,6127,6550,6100,1.0020470588235295,0.9835245098039215,0.04221244556703024,0.0458193316461175,1,2,0.6666666666666666,-0.004458823529411765,6869.5,0
130000,1,2,26,0,0,0,0,0,0,4417,93163,90056,69832,46645,11869,105072,5000,3000,12000,10000,3500,0.03397692307692308,0.4051051282051282,0.46520288103147767,1.127817611953115,0,0,0.0,-0.05732307692307692,23095.333333333332,0
30000,2,2,30,0,0,0,0,0,0,29993,29890,28561,-229,23930,26655,1856,1000,1698,24860,3500,3000,0.9997666666666667,0.7723833333333333,1.2534452568119452,0.0620922685758255,0,0,0.0,0.11126666666666667,5985.666666666667,0
300000,2,1,39,0,0,0,0,0,0,145138,148586,151878,123417,104922,107005,5785,6163,4728,3811,3830,3970,0.48379333333333335,0.4338588888888889,0.037986974172515356,0.03893341947815085,0,0,0.0,0.12711,4714.5,0
140000,2,2,32,2,0,0,2,2,2,103181,107446,125702,124182,124155,137176,6000,20000,2000,3500,15000,6000,0.7370071428571429,0.8593357142857143,0.07371801183715979,0.05584148463893827,4,2,-1.3333333333333335,-0.24282142857142858,8750.0,0
20000,1,2,26,1,0,0,0,0,0,0,0,450,-150,750,568,0,450,0,900,568,1769,0.0,0.014733333333333334,0.6388854732696332,0.0,1,1,0.3333333333333333,-0.0284,614.5,2
360000,1,1,56,0,0,0,0,0,0,1094,0,0,1149,2386,5103,0,0,1149,2386,5103,0,0.0030388888888888887,0.004505555555555555,0.5997031148229823,0.0,0,0,0.0,-0.01113611111111111,1439.6666666666667,3
300000,1,2,30,0,0,0,0,0,0,515,200,208,2609,2040,1341,200,208,2610,0,0,0,0.0017166666666666667,0.003840555555555556,0.598048037325335,0.9950248756218906,0,0,0.0,-0.0027533333333333333,503.0,3
260000,2,1,40,0,0,0,0,0,0,138602,135999,133752,135053,133888,132486,4870,6307,5007,5015,4773,4770,0.5330846153846154,0.5190897435897436,0.038703908384819664,0.03580882352941177,0,0,0.0,0.023523076923076924,5123.666666666667,0
60000,2,1,38,7,6,5,4,3,2,126220,76247,72225,67850,63073,61761,0,880,528,0,0,2380,2.103666666666667,1.2982666666666667,0.003993147030843546,0.0,6,7,3.0,1.0743166666666666,631.3333333333334,3
80000,3,2,27,0,0,2,2,2,0,10100,59714,62163,62756,61149,62464,50000,4000,2200,0,2300,5108,0.12625,0.6632208333333333,0.19470659041244226,0.8373105584861426,3,2,-0.6666666666666666,-0.65455,10601.333333333334,1
130000,1,2,34,0,0,0,0,0,0,76589,77387,78995,80190,79920,80972,3400,4200,4500,3000,3200,3000,0.5891461538461539,0.6077602564102563,0.04605482918041562,0.04393446012301649,0,0,0.0,-0.03371538461538461,3550.0,0
360000,3,1,27,0,0,0,0,0,0,0,0,0,0,0,0,0,0,0,0,0,0,0.0,0.0,0.0,0.0,0,0,0.0,0.0,0.0,6
110000,1,2,29,0,0,0,0,0,0,316,31895,316,316,316,31775,31895,316,316,316,31775,1152,0.002872727272727273,0.09838484848484849,0.998094691083365,0.9999686481063457,0,0,0.0,-0.2859909090909091,10961.666666666666,0
80000,2,1,39,0,0,0,0,0,0,77020,76246,49428,34024,46073,47038,3179,1699,1712,22965,1706,1727,0.96275,0.68714375,0.13221739930035015,0.041693443676472514,0,0,0.0,0.374775,5498.0,0
200000,1,1,29,0,0,0,0,0,2,21326,30928,124497,126854,139660,145455,10000,95000,4552,15002,8000,0,0.10663,0.4906,0.2569371613752829,0.3233211549031653,1,2,-0.6666666666666666,-0.620645,22092.333333333332,1
240000,1,2,35,0,0,0,0,0,0,15432,10835,22134,32823,1897,5627,10851,22258,20076,2099,5827,0,0.0643,0.061630555555555556,0.9519653185901961,1.0013842746400885,0,0,0.0,0.040854166666666664,10185.166666666666,1
50000,2,1,31,0,0,0,0,0,0,51319,52214,50260,32502,27697,25940,5000,2300,1100,1000,1000,1500,1.02638,0.7997733333333333,0.05000295712592534,0.09575792396820837,0,0,0.0,0.50758,1983.3333333333333,0
280000,1,2,27,0,0,0,0,0,0,160889,165400,166712,170059,154387,157832,9000,6000,6000,6000,6000,6000,0.5746035714285714,0.5805232142857143,0.04051257238230303,0.05441321394671132,0,0,0.0,0.010917857142857142,6500.0,0
370000,1,2,36,0,0,0,0,0,0,297678,306455,307734,225974,231720,222733,12033,12015,7035,15037,7066,8000,0.8045351351351351,0.7172495495495494,0.04121134918729435,0.03926501683765369,0,0,0.0,0.20255405405405405,10197.666666666666,0
100000,3,1,28,2,2,0,0,2,2,30884,29770,30485,32434,32592,33102,0,1825,3100,1300,1500,1771,0.30884,0.315445,0.04812765790367661,0.0,4,2,0.0,-0.02218,1582.6666666666667,1
50000,2,2,24,0,0,0,2,2,0,18625,19956,5177,2071,0,0,2071,5191,6,0,0,10450,0.3725,0.15276333333333333,0.22183589738973733,0.1037731121912111,2,2,-1.3333333333333333,0.3725,2953.0,2
30000,3,1,25,0,0,0,0,2,0,0,20249,3765,29393,26408,27653,20657,1000,26408,0,1653,823,0.0,0.5970444444444444,0.4487642970365373,1.0200987654320988,1,2,-0.6666666666666666,-0.9217666666666666,8423.5,1
500000,3,3,53,0,0,0,0,0,0,415022,421996,426103,125218,126650,114473,12602,11000,4711,6000,11000,10000,0.830044,0.543154,0.047353224201174396,0.029862771536290543,0,0,0.0,0.601098,9218.833333333334,0
180000,2,1,42,0,0,0,2,0,0,102449,104807,111048,107782,110879,113666,5500,9500,0,5000,5000,5000,0.5691611111111111,0.6024361111111111,0.04542133345652694,0.05247691015952981,1,2,-0.6666666666666666,-0.062316666666666666,5000.0,1
130000,3,1,32,0,0,0,0,0,0,326,326,4058,5732,7406,4124,326,4058,2000,2000,4124,326,0.0025076923076923076,0.02816923076923077,0.7230650896426891,0.9969418960244648,0,0,0.0,-0.029215384615384615,2139.0,0
180000,1,1,30,0,0,0,0,0,0,116218,124296,128002,127286,119733,116705,10000,6007,4304,4241,4200,4250,0.6456555555555555,0.678,0.046520490310733076,0.0804524646612549,0,0,0.0,-0.0027055555555555557,5500.333333333333,0
20000,3,2,35,0,0,0,0,0,0,16958,17028,15421,13895,11592,11433,1699,1600,2000,1000,1500,1000,0.8479,0.7193916666666667,0.11297836329677675,0.09977097891831581,0,0,0.0,0.27625,1466.5,0
30000,2,2,23,0,0,0,0,0,0,27141,25125,27835,24743,28020,25607,3000,5000,1000,20000,3000,8000,0.9047,0.8803944444444444,0.23406737431208452,0.11939823290615299,0,0,0.0,0.051133333333333336,6666.666666666667,0
260000,2,2,32,1,0,0,0,0,0,3581,-9,-9,1935,999,0,0,0,1944,999,0,0,0.013773076923076923,0.0041762820512820506,0.40062644628099175,0.0,1,1,0.3333333333333333,0.013773076923076923,490.5,4
50000,1,2,27,2,2,0,0,2,2,1893,0,0,71,71,3871,0,0,71,0,3800,0,0.03786,0.01968666666666667,0.39350321395775945,0.0,4,2,0.0,-0.03956,645.1666666666666,4
200000,2,1,35,2,0,0,0,0,0,51609,53165,55285,57370,59454,63461,3000,3000,3000,3000,5000,0,0.258045,0.28362,0.05844543763844504,0.056427039837490124,1,2,0.6666666666666666,-0.05926,2833.3333333333335,1
20000,2,2,35,1,3,2,0,0,0,20971,20360,19583,19575,16624,0,0,0,392,332,0,0,1.04855,0.809275,0.007998888926443612,0.0,3,3,2.0,1.04855,120.66666666666667,4
150000,3,1,55,0,0,0,0,0,0,1194,2095,2154,2900,2512,3514,2101,2160,3046,2519,3625,0,0.00796,0.015965555555555556,1.017674096653874,1.0023854961832062,0,0,0.0,-0.015466666666666667,2241.8333333333335,1
130000,2,1,39,0,0,0,0,0,0,125816,125804,124030,119966,89588,91178,7166,7501,6621,3501,3501,3612,0.9678153846153846,0.8671564102564102,0.05002072424905264,0.056961170064782796,0,0,0.0,0.26644615384615383,5317.0,0
130000,2,1,37,1,2,2,2,0,0,67612,65997,70604,68904,70369,71682,0,6300,0,2700,2600,2800,0.5200923076923077,0.5322666666666667,0.03277364690982207,0.0,4,2,1.0,-0.03130769230769231,2400.0,2
500000,1,1,55,0,0,0,0,0,0,16593,226145,216931,207423,197914,188329,226145,7815,7372,7113,6967,6261,0.033186,0.3511116666666667,0.2288989332574399,0.9999955780778789,0,0,0.0,-0.343472,43612.166666666664,0
120000,2,1,28,1,2,0,0,0,0,60188,58467,59760,60990,61960,65233,0,3000,3000,3000,5000,0,0.5015666666666667,0.5091638888888889,0.044890449682056036,0.0,2,2,1.0,-0.042041666666666665,2333.3333333333335,2
200000,2,2,32,0,0,0,0,0,0,150204,153189,156406,159650,163625,167790,5479,5682,5850,6625,6790,6235,0.75102,0.7923866666666667,0.03793849014729768,0.03576604216985443,0,0,0.0,-0.08793,6110.166666666667,0
120000,1,2,33,2,2,2,2,2,2,87310,89273,91057,91981,89605,95245,4300,4100,3300,0,7100,0,0.7275833333333334,0.7562097222222223,0.04072259276823864,0.04816631942110805,6,2,0.0,-0.066125,3133.3333333333335,2
50000,2,2,24,1,2,2,2,2,2,41974,43210,42368,44553,45679,46275,2200,150,3200,2000,1500,2000,0.83948,0.8801966666666667,0.040494658040220746,0.0509129619772743,6,2,-0.33333333333333326,-0.08602,1841.6666666666667,0
500000,3,1,50,0,0,0,0,0,0,5310,5484,14539,13291,3645,4763,2703,10043,6065,3648,2003,1004,0.01062,0.015677333333333335,0.6121593715389458,0.4927985414767548,0,0,0.0,0.001094,4244.333333333333,0
50000,2,2,44,0,0,0,0,0,0,50677,76727,78937,50205,30506,29860,4000,4695,2300,2500,2000,3000,1.01354,1.0563733333333334,0.06126918430545523,0.052132207277656134,0,0,0.0,0.41634,3082.5,0
280000,2,1,42,2,0,0,0,0,0,185147,132646,137109,135264,133046,126155,5000,10000,5000,5000,5000,5000,0.6612392857142857,0.5055755952380953,0.04496136437273382,0.03769403001952551,1,2,0.6666666666666666,0.21068571428571428,5833.333333333333,0
150000,2,1,29,0,0,0,0,0,0,46625,66174,81085,75300,77276,64065,30151,40104,10013,5083,1819,4793,0.31083333333333335,0.45613888888888887,0.23547063820190664,0.45562523611635813,0,0,0.0,-0.11626666666666667,15327.166666666666,0
290000,2,2,34,2,2,2,2,2,2,219757,214747,227698,232468,227226,241556,0,18000,10000,0,18000,0,0.7577827586206897,0.7835931034482758,0.039316958504401964,0.0,6,2,0.0,-0.07516896551724138,7666.666666666667,3
50000,1,2,29,1,0,0,0,0,0,0,0,0,0,0,0,0,0,0,0,0,0,0.0,0.0,0.0,0.0,1,1,0.3333333333333333,0.0,0.0,6
360000,2,1,31,1,0,0,0,0,0,0,0,0,0,0,0,0,0,0,0,0,0,0.0,0.0,0.0,0.0,1,1,0.3333333333333333,0.0,0.0,6
230000,1,1,39,0,0,0,0,0,0,220706,227741,183268,186989,159345,162695,11200,6200,6237,7000,6000,6100,0.9595913043478261,0.8266260869565217,0.0394342784028874,0.049178456323383475,0,0,0.0,0.2522217391304348,7122.833333333333,0
210000,3,2,30,0,0,0,0,0,0,1661,5793,1181,1031,1430,1031,5793,1181,1031,1430,1031,1031,0.007909523809523809,0.009624603174603175,0.9992689174917491,0.9998274076630997,0,0,0.0,0.003,1916.1666666666667,0
210000,2,2,35,1,0,0,0,0,0,0,0,0,0,0,0,0,0,0,0,0,0,0.0,0.0,0.0,0.0,1,1,0.3333333333333333,0.0,0.0,6
340000,1,1,49,0,0,0,0,0,0,1689,655,361,301,457,297,655,361,301,457,297,366,0.00496764705882353,0.0018431372549019608,0.9973725619454402,0.9984756097560976,0,0,0.0,0.004094117647058824,406.1666666666667,0
50000,1,2,24,1,2,2,2,2,2,36166,37188,37680,38462,39228,40035,1900,1400,1700,1532,1600,0,0.72332,0.76253,0.04229189479185689,0.05109037618650676,6,2,-0.33333333333333326,-0.07738,1355.3333333333333,1
60000,2,2,48,0,0,0,0,0,0,53044,51158,29452,1696,38585,38884,1607,1675,1696,38000,1500,1400,0.8840666666666667,0.5911638888888889,0.4222162592491149,0.03141187278875662,0,0,0.0,0.236,7646.333333333333,0
290000,1,1,34,0,0,0,0,0,0,111,0,904,904,0,0,0,904,0,0,0,6397,0.0003827586206896552,0.0011028735632183906,0.19977900552486189,0.0,0,0,0.0,0.0003827586206896552,1216.8333333333333,4
20000,1,1,37,1,0,0,2,2,0,-113,-113,10887,10413,-245,-245,1575,11000,0,0,0,5100,0.0,0.1775,1.2020573108008816,5.0,3,2,-1.0,0.0,2945.8333333333335,3
360000,1,1,38,1,0,0,0,0,0,0,0,0,0,0,0,0,0,0,0,0,0,0.0,0.0,0.0,0.0,1,1,0.3333333333333333,0.0,0.0,6
80000,2,2,37,0,0,0,0,0,0,3946,0,0,0,0,0,0,0,0,0,0,0,0.049325,0.008220833333333333,0.0,0.0,0,0,0.0,0.049325,0.0,6
150000,1,1,37,0,0,0,0,0,2,112695,97907,100826,103297,111784,108887,3515,5002,5189,14002,8,4009,0.7513,0.7059955555555555,0.052215172289525144,0.035901049965273525,1,2,-0.6666666666666666,0.025386666666666665,5287.5,0
20000,2,2,42,1,2,0,0,2,0,11063,10594,11714,13923,13405,13683,0,1600,2726,0,643,646,0.55315,0.61985,0.07586865959749645,0.0,3,2,0.33333333333333337,-0.131,935.8333333333334,2
20000,2,2,34,0,0,0,0,0,0,2199,1530,750,2280,1500,780,1530,750,1140,3000,780,0,0.10995,0.075325,1.0990366434681984,0.999346832135859,0,0,0.0,0.07095,1200.0,1
400000,1,2,27,1,0,0,0,0,0,140,140,12527,12640,14805,238,140,12527,253,2305,238,238,0.00035,0.01687083333333333,0.6328676497712944,0.9929078014184397,1,1,0.3333333333333333,-0.000245,2616.8333333333335,0
140000,1,2,30,0,0,0,0,0,0,1750,1003,0,440,1367,890,1003,0,440,1367,890,0,0.0125,0.006488095238095238,0.798976616351977,0.999003984063745,0,0,0.0,0.006142857142857143,616.6666666666666,2
150000,2,2,26,0,0,0,0,0,0,36302,33060,33988,35112,36532,36345,2070,3995,3113,2540,3348,2029,0.24201333333333333,0.2348211111111111,0.08608940871780224,0.06261153625117208,0,0,0.0,-0.0002866666666666667,2849.1666666666665,0
210000,1,1,50,1,0,0,0,0,0,0,0,0,0,0,484,0,0,0,0,484,0,0.0,0.00038412698412698416,0.1995876288659794,0.0,1,1,0.3333333333333333,-0.002304761904761905,80.66666666666667,5
20000,2,1,40,1,2,0,0,0,0,20138,19531,18867,19253,20003,19470,0,1146,532,900,781,0,1.0069,0.9771833333333334,0.03469406305336694,0.0,2,2,1.0,0.0334,559.8333333333334,2
360000,1,1,52,0,0,0,0,0,0,-3,-3,-3,1000,0,0,0,0,1003,0,0,0,0.0,0.0004629629629629629,0.2003996003996004,0.0,0,0,0.0,0.0,167.16666666666666,5
30000,3,1,42,2,0,0,0,0,0,836,836,836,1672,836,390,836,836,1672,0,390,930,0.027866666666666668,0.030033333333333332,0.7988910480702622,0.998805256869773,1,2,0.6666666666666666,0.014866666666666667,777.3333333333334,1
100000,1,2,30,2,2,2,0,0,2,33217,34372,33543,34260,36580,37347,2000,0,1580,2900,1500,1600,0.33217,0.348865,0.044748139868120984,0.05818520350274925,4,2,1.3333333333333335,-0.0413,1596.6666666666667,1
420000,1,1,37,0,0,0,0,0,0,38386,316,9894,13811,12141,11820,316,9894,13811,12141,11820,38800,0.0913952380952381,0.03427301587301587,0.9993010019895963,0.9968454258675079,0,0,0.0,0.06325238095238095,14463.666666666666,0
150000,3,1,34,0,0,0,0,0,0,772,337,618,150,150,377,340,618,150,150,227,0,0.005146666666666667,0.002671111111111111,0.9183171436589065,1.0059171597633136,0,0,0.0,0.0026333333333333334,247.5,1
20000,2,2,47,1,2,2,2,0,0,8557,8271,11127,10657,11178,11840,0,3000,0,1000,1000,1900,0.42785,0.5135833333333333,0.08869919780151972,0.0,4,2,1.0,-0.16415,1150.0,2
250000,1,2,43,0,0,0,0,0,0,93163,96024,90901,69927,71403,69948,4409,3023,2600,2700,2801,2500,0.372652,0.32757733333333333,0.03884165773521174,0.04591512626920073,0,0,0.0,0.09286,3005.5,0
50000,1,2,38,0,0,0,0,0,0,27148,27619,20997,21018,20556,20302,1655,1323,734,1058,406,0,0.54296,0.4588,0.04586216651351649,0.05992034757422158,0,0,0.0,0.13692,862.6666666666666,1
340000,3,2,57,0,0,0,0,0,0,49467,50551,53490,104477,54351,25346,1880,3819,2073,5264,2571,53860,0.14549117647058823,0.16553039215686274,0.06534167969327981,0.0371894287070739,0,0,0.0,0.07094411764705882,11577.833333333334,0
20000,2,2,24,1,2,2,2,2,2,11893,12906,12902,12398,13297,12934,1500,500,0,1100,0,1500,0.59465,0.6360833333333333,0.0475371781700993,0.11621600681800573,6,2,-0.33333333333333326,-0.05205,766.6666666666666,2
150000,2,1,24,0,0,0,0,0,0,1473,1473,3323,5953,2559,4509,1473,3323,5970,2571,4515,4019,0.00982,0.021433333333333332,1.0014227046205524,0.9993215739484396,0,0,0.0,-0.02024,3645.1666666666665,0
20000,3,2,46,2,3,2,2,2,2,9417,9119,10015,9705,10540,10825,0,1200,0,1000,600,0,0.47085,0.4968416666666667,0.05401961964575528,0.0,6,3,0.3333333333333335,-0.0704,466.6666666666667,3
80000,3,2,47,0,0,0,0,0,0,194843,197581,202150,0,0,48855,5501,6150,0,0,48855,1832,2.4355375,1.3404770833333335,0.21164878788916233,0.027841605004504458,0,0,0.0,1.82485,10389.666666666666,2
70000,1,2,25,0,0,0,0,0,0,66738,68601,65615,66429,67858,69723,3005,3000,2500,2500,3000,1400,0.9534,0.9642,0.04140508624499643,0.04380338765633655,0,0,0.0,-0.04264285714285714,2567.5,0
80000,3,1,28,0,0,0,0,0,0,75903,34137,32390,32651,32170,31493,2014,1705,2000,2000,3000,3000,0.9487875,0.4973833333333333,0.06606198794639107,0.05899584041244361,0,0,0.0,0.555125,2286.5,0
280000,2,1,49,0,0,0,0,0,0,236168,242865,243515,215853,189911,161830,11000,10500,8010,7000,6000,4600,0.8434571428571429,0.7679416666666666,0.039890818001921444,0.04529246580418832,0,0,0.0,0.26549285714285714,7851.666666666667,0
260000,1,1,38,1,0,0,0,0,0,0,0,0,0,0,0,0,0,0,0,0,0,0.0,0.0,0.0,0.0,1,1,0.3333333333333333,0.0,0.0,6
180000,3,1,64,0,0,0,0,0,0,120070,123963,125022,129079,130109,133714,5876,4525,6123,4644,5688,5699,0.6670555555555555,0.7055157407407407,0.041852201418842536,0.04740085831370398,0,0,0.0,-0.0758,5425.833333333333,0
100000,1,2,30,1,0,0,0,0,0,0,0,0,0,0,0,0,0,0,0,0,0,0.0,0.0,0.0,0.0,1,1,0.3333333333333333,0.0,0.0,6
220000,1,2,36,0,0,0,0,0,0,1838,921,943,1467,25075,6862,923,945,1471,25150,6882,7715,0.008354545454545455,0.028110606060606058,1.0019814029869185,1.0010845986984815,0,0,0.0,-0.022836363636363637,7181.0,0
50000,1,2,26,3,2,2,2,2,0,27056,27031,28317,28568,27302,28171,700,2062,969,700,1500,1500,0.54112,0.5548166666666666,0.0423023118955964,0.025895235276709085,5,3,1.0000000000000002,-0.0223,1238.5,0
50000,2,1,28,0,0,2,0,0,0,96393,100459,96051,18051,18767,19462,5800,300,18000,1000,1000,1000,1.92786,1.1639433333333333,0.23252777714466982,0.057734421660362335,1,2,0.6666666666666666,1.53862,4516.666666666667,0
500000,1,2,42,0,0,0,0,0,0,21179,51124,21138,49305,39095,15826,51304,21138,49775,39095,0,0,0.042358,0.065889,0.8025880730872089,1.0035012224938875,0,0,0.0,0.010706,26885.333333333332,2
80000,1,2,31,1,2,2,0,0,0,61241,62155,56049,50829,50687,47362,2515,16,2003,2013,5007,113,0.7655125,0.68400625,0.045116600474503124,0.04046270673788532,3,2,1.6666666666666667,0.1734875,1944.5,0
20000,3,1,40,0,0,0,0,0,0,20167,37198,17858,16400,14711,18691,1308,2466,555,583,4275,973,1.00835,1.041875,0.0950836516959028,0.03516223554396623,0,0,0.0,0.0738,1693.3333333333333,0
100000,2,2,26,0,0,0,0,0,0,46891,48134,49331,50508,51543,52685,2000,2000,2000,2000,2000,2000,0.46891,0.49848666666666663,0.03969017932084473,0.041549807832138776,0,0,0.0,-0.05794,2000.0,0
360000,1,1,33,0,0,0,0,0,0,364367,365353,346416,261694,230654,201528,14050,11992,8581,7991,9083,8000,1.0121305555555555,0.81945,0.03711568499089403,0.03845585377469523,0,0,0.0,0.45233055555555557,9949.5,0
50000,1,2,23,0,0,0,0,2,0,51175,47514,23927,20162,19342,18347,2500,2280,2157,0,660,638,1.0235,0.6015566666666666,0.05817003450893998,0.05261496369567505,1,2,-0.6666666666666666,0.65656,1372.5,1
20000,2,2,32,2,3,2,2,2,0,17757,17193,16602,19521,18925,18806,0,0,3200,0,900,633,0.88785,0.9067,0.04235443072851585,0.0,5,3,1.0000000000000002,-0.05245,788.8333333333334,3
50000,3,2,41,0,0,0,0,0,0,43383,43397,43395,42334,12316,9997,1992,2251,1451,540,503,430,0.86766,0.6494066666666667,0.045239604147788395,0.04590073275266141,0,0,0.0,0.66772,1194.5,0
230000,1,1,34,2,2,2,2,2,2,190784,195724,198707,201634,205949,210077,9300,7500,7500,7500,7500,7600,0.8294956521739131,0.8716485507246376,0.03891460533928404,0.047515646953633923,6,2,0.0,-0.08388260869565217,7816.666666666667,0
280000,2,2,33,0,0,0,0,0,0,55709,51834,41426,35212,40052,46510,9441,2691,3001,6010,10000,6655,0.1989607142857143,0.16115654761904763,0.1394743101329468,0.18213562264878944,0,0,0.0,0.032853571428571426,6299.666666666667,0
80000,1,2,23,0,0,0,0,0,0,78366,67801,68034,55674,48649,47041,2540,2442,1810,1661,1668,1663,0.979575,0.76159375,0.03509298415566646,0.03746202176926934,0,0,0.0,0.3915625,1964.0,0
230000,2,2,40,0,0,0,0,0,0,164208,161207,1665,1228,8599,3890,7105,1762,1228,8599,3890,6999,0.7139478260869565,0.24695434782608697,0.8201019184541319,0.044073495111905114,0,0,0.0,0.6970347826086957,4930.5,0
50000,2,2,29,0,0,2,0,0,0,13778,15837,16285,17009,18223,18778,2600,1000,1300,1500,1000,1000,0.27556,0.33303333333333335,0.08751004401049231,0.16416214168455612,1,2,0.6666666666666666,-0.1,1400.0,0
90000,2,1,32,0,0,0,0,0,0,88729,88533,91001,90661,51620,52668,3500,3908,4328,2100,2500,1308,0.9858777777777777,0.8578,0.043672413362821606,0.03953283484311112,0,0,0.0,0.4006777777777778,2940.6666666666665,0
70000,2,1,36,0,0,0,0,0,0,33050,34100,21351,19837,19273,13900,5000,2000,3000,4000,10000,10000,0.47214285714285714,0.3369309523809524,0.2636844800564571,0.14662326617987742,0,0,0.0,0.2735714285714286,5666.666666666667,0
440000,2,1,49,0,0,0,0,0,0,942,2002,2942,2948,0,942,2002,2942,2948,0,942,1000,0.002140909090909091,0.003703030303030303,0.799552283231937,0.9995007488766849,0,0,0.0,0.0,1639.0,1
100000,1,2,25,0,0,0,0,0,0,12660,5000,0,6272,10135,11958,5000,0,6272,4000,2000,0,0.1266,0.07670833333333334,0.5123023362668924,0.9998000399920016,0,0,0.0,0.00702,2878.6666666666665,2
20000,2,1,44,0,0,0,0,0,0,1822,2872,2712,2882,9235,1719,2890,2720,2890,9263,1824,1701,0.0911,0.17701666666666668,1.014862763079306,1.0059171597633136,0,0,0.0,0.00515,3548.0,0
500000,1,1,39,0,0,0,2,2,0,3625,0,501,501,902,544,398,501,0,544,544,0,0.00725,0.0020243333333333333,1.519721885821745,5.0,2,2,-1.3333333333333333,0.006162,331.1666666666667,2
30000,2,2,25,0,0,0,0,0,0,7653,8864,10062,11581,12580,13716,1500,1500,2000,1500,1500,1500,0.2551,0.35808888888888885,0.14390563301085144,0.1692047377326565,0,0,0.0,-0.2021,1583.3333333333333,0
80000,1,2,44,0,0,0,0,0,0,77156,77494,77438,67054,60270,56138,3000,2734,2215,4000,2036,2121,0.96445,0.8657291666666667,0.04193680005540385,0.03871217497903091,0,0,0.0,0.262725,2684.3333333333335,0
50000,1,2,27,0,0,0,0,0,0,50459,36307,27713,3807,2746,625,1600,3071,500,2800,900,100,1.00918,0.40552333333333335,0.5486347640860612,0.04406742315743087,0,0,0.0,0.99668,1495.1666666666667,0
500000,1,2,29,0,0,0,0,0,0,33107,34773,35426,28479,15729,7905,7000,6664,1500,501,5000,3000,0.066214,0.051806333333333336,0.22127090236498628,0.2012998217058722,0,0,0.0,0.050404,3944.1666666666665,0
430000,1,1,37,0,0,0,0,0,0,1013,0,2320,0,4139,0,0,2320,0,4139,1015,0,0.002355813953488372,0.002896124031007752,1.39986552106684,0.0,0,0,0.0,0.002355813953488372,1245.6666666666667,3
30000,2,2,23,0,0,2,2,0,0,14404,32852,17113,4818,4818,0,3196,2000,0,0,0,0,0.48013333333333336,0.4111388888888889,0.042829043577671436,0.09728183118741059,2,2,0.0,0.48013333333333336,866.0,4
80000,3,2,43,0,0,0,0,0,0,80707,77532,77492,78362,50001,50035,3332,3051,2600,1877,1767,1797,1.0088375,0.86276875,0.037675708599065924,0.042975249248707,0,0,0.0,0.3834,2404.0,0
30000,2,1,23,2,2,2,2,2,2,11851,14416,13887,14564,15183,14790,2762,0,910,1000,0,1200,0.39503333333333335,0.4705055555555555,0.06398334572782675,0.1915793854477353,6,2,0.0,-0.09796666666666666,978.6666666666666,2
500000,1,2,31,0,0,0,0,0,0,67475,72191,64130,45766,45324,55011,6000,2332,1219,5000,54000,110000,0.13495,0.11663233333333332,0.24760561855721336,0.08311170212765957,0,0,0.0,0.024928,29758.5,0
360000,1,2,56,0,0,0,0,0,0,437,241,0,0,0,2628,241,0,0,0,2628,163,0.001213888888888889,0.0015305555555555556,0.3990974791659463,0.9958677685950413,0,0,0.0,-0.006086111111111111,505.3333333333333,3
390000,4,2,45,0,0,0,0,0,0,184547,179819,162571,167832,205750,212634,6645,5782,7782,42393,10414,7422,0.4731974358974359,0.47570641025641025,0.07478063520432207,0.03695362028695362,0,0,0.0,-0.07201794871794871,13406.333333333334,0
10000,1,2,22,0,0,0,0,0,0,7302,7857,8827,5622,5877,7036,1330,1300,1250,500,1255,315,0.7302,0.7086833333333333,0.1604440477162168,0.16925426317129041,0,0,0.0,0.0266,991.6666666666666,0
240000,1,2,35,1,0,0,0,0,0,220,0,0,0,0,0,0,0,0,0,0,0,0.0009166666666666666,0.00015277777777777777,0.0,0.0,1,1,0.3333333333333333,0.0009166666666666666,0.0,6
260000,1,2,30,0,0,0,0,0,0,83138,93416,84117,28683,3154,13603,14038,5018,10000,3154,13603,9189,0.3197615384615385,0.196225,0.5116325352889319,0.15027243435349028,0,0,0.0,0.2674423076923077,9167.0,0
140000,2,2,31,0,0,0,0,0,0,64300,62758,77133,71397,71546,83412,20009,32637,15027,10021,20055,10037,0.4592857142857143,0.5125547619047619,0.26658072155430385,0.3188227983237464,0,0,0.0,-0.13651428571428573,17964.333333333332,0
50000,2,2,26,3,3,2,2,3,4,29373,28607,29843,32257,35421,36265,0,2000,3200,4000,2000,1500,0.58746,0.63922,0.0668575175634036,0.0,6,4,-0.3333333333333335,-0.13784,2116.6666666666665,1
160000,2,2,39,0,0,0,0,0,0,2828,1473,8404,8875,8509,4630,1473,8404,8875,8509,4630,2038,0.017675,0.036165625,0.9997512977781919,0.9993215739484396,0,0,0.0,-0.0112625,5654.833333333333,0
290000,1,2,35,0,0,0,0,0,0,190453,194303,197076,197488,196976,196579,8100,7000,8400,7000,7500,7500,0.6567344827586207,0.674066091954023,0.03868598588239297,0.04168725296442688,0,0,0.0,-0.021124137931034483,7583.333333333333,0
120000,2,1,41,1,2,2,2,2,2,39606,40679,39730,42148,44509,45643,2000,0,3400,3200,2000,2000,0.33005,0.3504375,0.049108348410430026,0.049164208456243856,6,2,-0.33333333333333326,-0.05030833333333333,2100.0,1
300000,1,1,56,1,0,0,0,0,0,0,0,0,0,0,0,0,0,0,0,0,0,0.0,0.0,0.0,0.0,1,1,0.3333333333333333,0.0,0.0,6
50000,2,2,25,3,2,0,0,0,0,50516,22781,25064,12927,18691,19291,9,1210,1000,6000,1060,780,1.01032,0.49756666666666666,0.10039180266142675,0.0003950487226757967,2,3,1.6666666666666667,0.6245,1676.5,0
550000,2,2,33,0,0,0,0,0,0,-509,-1925,4532,13069,5071,8276,15,10014,20000,10000,10000,7548,0.0,0.009378181818181818,2.383826189961898,5.0,0,0,0.0,-0.015047272727272727,9596.166666666666,0
260000,1,2,35,1,2,0,0,2,0,149124,145333,148332,160810,155683,158771,0,6910,16502,0,5847,5873,0.5735538461538462,0.5884955128205128,0.03720562503502437,0.0,3,2,0.33333333333333337,-0.037103846153846154,5855.333333333333,2
270000,2,1,38,1,0,0,0,0,0,0,0,0,0,0,0,0,0,0,0,0,0,0.0,0.0,0.0,0.0,1,1,0.3333333333333333,0.0,0.0,6
240000,2,1,33,0,0,0,0,0,0,15220,7549,127494,102825,99867,99410,7575,125335,3358,2784,2833,2806,0.06341666666666666,0.31414236111111116,0.4150802354427908,1.0033112582781456,0,0,0.0,-0.35079166666666667,24115.166666666668,0
20000,2,2,26,0,0,2,2,0,0,15481,18004,19121,18521,18615,19015,3100,1700,0,700,700,860,0.77405,0.9063083333333334,0.06709807992221362,0.1721743960011108,2,2,0.0,-0.1767,1176.6666666666667,1
50000,1,2,23,0,0,2,0,0,0,8225,2763,2545,1170,2480,8047,5308,0,1170,2480,8047,4428,0.1645,0.0841,0.9838047842243455,1.9204052098408104,1,2,0.6666666666666666,0.00356,3572.1666666666665,1
60000,2,1,36,0,0,0,0,0,0,60299,44659,44291,41241,29534,29297,2000,3042,1433,1012,1029,1074,1.0049833333333333,0.6925583333333334,0.04351915874151516,0.04478280340349306,0,0,0.0,0.5167,1598.3333333333333,0
700000,2,2,28,0,0,0,0,0,0,16262,12219,9861,6384,5126,2680,2192,2015,1005,1009,1000,1000,0.023231428571428573,0.012507619047619049,0.22217884706797503,0.17937806873977086,0,0,0.0,0.019402857142857142,1370.1666666666667,0
240000,2,1,39,1,2,0,0,0,0,245338,234661,234364,235982,239281,244329,0,10200,10200,8725,9068,9068,1.0222416666666667,0.9958020833333333,0.0320644603295548,0.0,2,2,1.0,0.004204166666666667,7876.833333333333,1
50000,1,2,54,0,0,0,0,0,0,48092,35513,35230,32888,19624,20112,2500,2500,3000,2000,2000,2500,0.96184,0.6381966666666666,0.08678398363437582,0.07039477389198626,0,0,0.0,0.5596,2416.6666666666665,0
500000,1,2,37,0,0,0,0,0,0,27181,12525,7218,2183,6371,5208,7254,2208,11,6402,5234,2899,0.054362,0.02022866666666667,0.5799038181721559,0.5791154398850391,0,0,0.0,0.043946,4001.3333333333335,0
100000,3,2,35,2,2,2,2,2,2,67646,69237,70638,71680,72705,74195,3300,3100,2800,2800,2800,2800,0.67646,0.7101683333333333,0.04137157953378994,0.047661688668072445,6,2,0.0,-0.06549,2933.3333333333335,0
210000,1,2,34,0,0,0,0,0,0,5081,4053,3853,3942,2338,1767,4055,3856,3945,2338,1767,0,0.024195238095238096,0.016693650793650792,1.0000559390641328,1.0002466699555994,0,0,0.0,0.01578095238095238,2660.1666666666665,1
100000,3,1,56,0,0,0,0,0,0,390,390,0,780,0,0,390,0,780,0,0,0,0.0039,0.0026,0.39923240910237057,0.9974424552429667,0,0,0.0,0.0039,195.0,4
10000,1,2,22,1,3,3,2,0,0,6251,6498,6744,6977,6593,7481,500,500,500,242,1000,273,0.6251,0.6757333333333333,0.07861435999925631,0.07693491306354824,4,3,1.666666666666667,-0.123,502.5,0
380000,3,2,51,0,0,0,0,0,0,43715,60718,21814,47964,33405,2981,60718,2200,48000,0,2981,35500,0.11503947368421052,0.09236710526315789,0.6202451848725341,0.9999835306905581,0,0,0.0,0.10719473684210526,24899.833333333332,1
80000,3,1,52,1,0,0,0,0,0,0,2583,3001,21306,5051,2450,2583,3001,21306,5051,2450,0,0.0,0.07164791666666666,0.9997254041517214,0.9996130030959752,1,1,0.3333333333333333,-0.030625,5731.833333333333,1
90000,2,2,30,0,0,0,0,2,2,75382,73980,75036,77094,75708,76610,3350,3300,5500,1600,3950,0,0.8375777777777778,0.8403888888888889,0.0466586962020208,0.04528189670320758,2,2,-1.3333333333333333,-0.013644444444444445,2950.0,1
50000,3,2,46,0,0,0,0,0,0,5942,5444,2464,2521,-1,167,1056,1000,57,0,168,1002,0.11884,0.05512666666666667,0.32444400347079083,0.19393939393939394,0,0,0.0,0.1155,547.1666666666666,1
50000,2,1,40,0,0,0,0,0,0,48050,47238,47722,32920,28471,28834,2000,1871,1800,1100,1200,1040,0.961,0.77745,0.043294039837821034,0.042337898770084044,0,0,0.0,0.38432,1501.8333333333333,0
200000,1,1,34,2,2,2,2,2,2,170487,174258,175905,178528,175581,180145,8000,6000,7000,0,7500,6000,0.852435,0.8790866666666667,0.03217200330508534,0.04590867616593691,6,2,0.0,-0.04829,5750.0,1
140000,1,2,29,0,0,0,0,0,0,130261,95550,96273,91059,92609,95184,3474,4000,4000,3500,8000,5000,0.9304357142857143,0.7154,0.0487344921798515,0.03635754727841676,0,0,0.0,0.25055,4662.333333333333,0
80000,3,1,26,0,0,0,0,0,0,63677,64162,38141,38190,38586,39962,2000,1905,1350,1388,2401,1410,0.7959625,0.5889958333333333,0.04250308710128386,0.03117061234667955,0,0,0.0,0.2964375,1742.3333333333333,0
70000,2,2,29,0,0,0,2,0,0,56626,58512,61926,60332,61658,65561,2800,5000,0,2300,4950,2700,0.8089428571428572,0.8681309523809524,0.04827916552373725,0.04785261394903697,1,2,-0.6666666666666666,-0.12764285714285714,2958.3333333333335,1
110000,2,2,31,2,2,3,3,2,0,279,279,279,279,129,179,0,0,0,0,200,0,0.0025363636363636365,0.0021575757575757575,0.22222222222222224,0.0,5,3,0.6666666666666667,0.0009090909090909091,33.333333333333336,5
180000,3,2,24,1,0,0,0,0,0,0,35300,1000,0,0,1245,35300,1000,0,0,1245,0,0.0,0.034763888888888886,0.599634020594658,0.9999716721905895,1,1,0.3333333333333333,-0.0069166666666666664,6257.5,3
200000,4,1,27,0,0,0,0,0,0,185143,188678,191500,187835,139070,140171,7000,7512,7500,5100,5100,5500,0.925715,0.8603308333333333,0.03786224653706139,0.0371000482300627,0,0,0.0,0.22486,6285.333333333333,0
240000,1,2,29,0,0,0,0,0,0,3093,2322,8186,3980,0,0,2000,2020,2500,0,0,85,0.0128875,0.012209027777777777,0.34713424090823997,0.8609556607834696,0,0,0.0,0.0128875,1100.8333333333333,2
260000,1,2,34,0,0,0,0,0,0,916,2615,1580,920,730,466,2615,1586,920,730,466,1455,0.003523076923076923,0.004632692307692307,0.9996370398676973,0.9996177370030581,0,0,0.0,0.0017307692307692308,1295.3333333333333,0
260000,1,1,31,0,0,0,0,0,0,33142,34048,55117,57782,184810,171006,2000,56714,4100,160000,7000,7000,0.12746923076923078,0.34352884615384616,0.41306667788072904,0.0587388763252959,0,0,0.0,-0.5302461538461538,39469.0,0
130000,2,3,25,0,2,2,0,0,0,3148,1574,0,0,12677,30582,5,0,0,12677,30582,0,0.024215384615384614,0.061514102564102564,0.40061260569521834,0.0031746031746031746,2,2,1.3333333333333333,-0.21103076923076924,7210.666666666667,3
50000,1,2,26,0,0,0,0,0,0,12571,13656,15407,17127,17569,18162,1600,2280,2000,1000,1000,2000,0.25142,0.3149733333333333,0.09877423217958517,0.1171560371970418,0,0,0.0,-0.11182,1646.6666666666667,0
170000,3,2,29,0,0,0,0,0,0,116048,117485,119050,120225,122345,124302,4200,4300,4400,4518,4500,5000,0.682635294117647,0.7053480392156863,0.0363191147034701,0.0357489402992697,0,0,0.0,-0.04855294117647059,4486.333333333333,0
290000,2,1,42,0,0,0,0,0,0,0,0,0,0,1855,3940,0,0,0,1855,3940,2490,0.0,0.0033304597701149428,0.3998414928383309,0.0,0,0,0.0,-0.013586206896551723,1380.8333333333333,3
80000,2,1,33,0,0,0,0,0,0,75564,77708,78888,80466,28186,28445,3406,3518,3558,1200,1100,1500,0.94455,0.7692854166666667,0.04277679036232057,0.04383018697962913,0,0,0.0,0.5889875,2380.3333333333335,0
30000,2,1,41,0,0,0,0,0,0,25735,27001,28261,29337,26189,21715,2000,2000,2000,500,1000,500,0.8578333333333333,0.8791,0.05562924255231736,0.07406858751203614,0,0,0.0,0.134,1333.3333333333333,0
100000,1,1,40,1,0,0,0,2,2,-166,-482,-1114,880,414,1098,0,0,1994,0,1000,0,0.0,0.003986666666666667,0.6346510448565873,0.0,3,2,-1.0,-0.01098,499.0,4
90000,3,2,25,0,0,0,0,0,0,74814,71859,0,0,0,0,5000,0,0,0,0,0,0.8312666666666667,0.2716166666666667,0.013915947676036738,0.06957973838018369,0,0,0.0,0.8312666666666667,833.3333333333334,5
400000,1,2,38,0,0,0,0,2,2,3456,49709,8834,57959,49590,22972,50263,8834,50000,0,8695,0,0.00864,0.08021666666666667,0.6504326064388349,1.0111245222289278,2,2,-1.3333333333333333,-0.04879,19632.0,2
220000,1,2,41,0,0,0,0,0,0,2500,0,0,0,0,0,0,0,0,0,0,0,0.011363636363636364,0.001893939393939394,0.0,0.0,0,0,0.0,0.011363636363636364,0.0,6
220000,2,1,41,0,0,0,0,0,0,4016,3962,2908,3054,3054,0,3000,2000,3200,3054,0,0,0.018254545454545454,0.012874242424242425,0.6983319197867489,0.757002271006813,0,0,0.0,0.018254545454545454,1875.6666666666667,2
50000,1,2,32,0,0,0,2,0,0,13185,5070,6815,6068,7798,8511,1255,2000,0,2000,1000,500,0.2637,0.15815666666666667,0.18296745396134356,0.2474857030171564,1,2,-0.6666666666666666,0.09348,1125.8333333333333,1
50000,2,2,31,1,2,0,0,0,0,51086,49804,28662,29476,4011,1000,0,2000,1500,1000,1000,0,1.02172,0.5467966666666666,0.2737833482712482,0.0,2,2,1.0,1.00172,916.6666666666666,2
360000,1,1,39,0,0,0,0,0,0,21421,31104,17918,19259,26924,19049,31110,17918,19459,26924,19049,7648,0.05950277777777778,0.0628125,1.0020695200888592,1.0001607458607942,0,0,0.0,0.006588888888888889,20351.333333333332,0
200000,1,2,37,0,0,0,0,0,0,4279,3774,706,5177,3792,12035,3856,706,5192,3808,12035,33436,0.021395,0.0248025,1.0053235684666673,1.021456953642384,0,0,0.0,-0.03878,9838.833333333334,0
20000,2,2,22,0,0,2,0,0,2,11192,15677,15133,15582,16677,16259,5000,0,1000,1500,0,700,0.5596,0.7543333333333333,0.0946059133244135,0.31891822936599057,2,2,0.0,-0.25335,1366.6666666666667,2
30000,3,1,43,0,3,2,2,0,0,10330,10040,10903,10533,10132,10343,0,1149,101,348,359,364,0.3443333333333333,0.3460055555555555,0.036802304034243935,0.0,3,3,1.0,-0.0004333333333333333,386.8333333333333,1
20000,2,2,25,0,0,0,0,0,0,0,0,0,0,0,0,0,0,0,0,0,0,0.0,0.0,0.0,0.0,0,0,0.0,0.0,0.0,6
400000,1,2,29,0,0,0,0,0,0,1158,95,0,0,0,0,95,0,0,0,0,0,0.002895,0.0005220833333333334,0.19791666666666669,0.9895833333333334,0,0,0.0,0.002895,15.833333333333334,5
200000,1,2,37,0,0,0,0,0,0,75360,57589,54711,44396,25948,14505,2050,15000,6003,845,290,12715,0.3768,0.22709083333333333,0.09950535770445149,0.03559645771835388,0,0,0.0,0.304275,6150.5,0
120000,2,1,41,0,0,0,0,0,0,4591,0,28466,21455,15685,6737,0,28466,21455,0,0,200,0.03825833333333333,0.10685277777777778,0.39998365291920496,0.0,0,0,0.0,-0.017883333333333334,8353.5,3
160000,3,2,27,1,0,0,0,0,0,-10,3382,7726,12290,1280,0,3392,7749,14529,1283,0,0,0.0,0.02570625,0.8378306504452098,1.0026603606266626,1,1,0.3333333333333333,0.0,4492.166666666667,2
160000,3,2,54,1,0,0,0,0,0,0,0,0,1690,0,0,0,0,1690,0,0,0,0.0,0.0017604166666666669,0.19988172678888233,0.0,1,1,0.3333333333333333,0.0,281.6666666666667,5
230000,2,2,43,2,2,2,2,2,3,206245,215936,221001,220886,239299,237297,13126,10000,5000,23700,2000,3,0.8967173913043478,0.9714956521739131,0.04722755999888058,0.06078624784080542,6,3,-0.3333333333333335,-0.1350086956521739,8971.5,0
170000,2,2,27,0,0,0,0,0,0,21958,22572,14549,10849,12509,64218,1300,2000,1000,2000,52292,2200,0.12916470588235293,0.14377941176470588,0.2522724243252877,0.057590927213928146,0,0,0.0,-0.24858823529411764,10132.0,0
340000,1,2,44,0,0,0,0,0,0,2732,2183,4103,12950,11372,2434,2183,4142,12950,11372,2434,2222,0.008035294117647059,0.017536274509803922,1.0016451129041746,0.9995421245421245,0,0,0.0,0.0008764705882352941,5883.833333333333,0
50000,2,1,41,0,0,0,0,0,0,48729,19598,0,0,0,402,1000,402,0,0,402,19603,0.97458,0.22909666666666667,1.2097083243599935,0.05102301137813154,0,0,0.0,0.96654,3567.8333333333335,2
360000,2,2,27,0,0,0,0,0,0,5497,3300,512,2512,2593,0,3000,512,2000,2473,0,947,0.015269444444444445,0.0066731481481481485,0.7312163212817414,0.9088155104513783,0,0,0.0,0.015269444444444445,1488.6666666666667,1
230000,1,1,46,0,0,0,0,0,0,519,518,2784,2360,1908,97,518,2784,32,0,0,0,0.002256521739130435,0.005931884057971014,0.4022535460582121,0.9980732177263969,0,0,0.0,0.0018347826086956521,555.6666666666666,3
20000,2,2,22,0,0,0,0,0,0,19583,16810,17941,19327,19155,19422,1300,1409,1795,623,512,185,0.97915,0.9353166666666666,0.06152290714045261,0.07733031943370412,0,0,0.0,0.00805,970.6666666666666,0
170000,2,2,24,0,0,0,0,0,0,108717,69632,56537,113576,138419,101452,8092,20121,100071,50122,6468,278311,0.6395117647058823,0.5767970588235294,0.3558066794159932,0.11620926859391381,0,0,0.0,0.04273529411764706,77197.5,0
60000,2,2,38,0,0,0,0,0,0,42184,42108,41300,40840,40366,39737,2014,1616,1566,1700,1600,1400,0.7030666666666666,0.6848194444444444,0.04153535867408403,0.04782825524234724,0,0,0.0,0.04078333333333333,1649.3333333333333,0
80000,2,1,34,0,0,0,0,0,0,0,0,0,0,0,0,0,0,0,0,0,0,0.0,0.0,0.0,0.0,0,0,0.0,0.0,0.0,6
50000,1,2,23,0,0,0,0,0,0,33959,35409,36120,36991,37744,39115,2000,1601,1472,1500,2000,5000,0.67918,0.7311266666666667,0.04629343795082117,0.05648121999435188,0,0,0.0,-0.10312,2262.1666666666665,0
50000,2,2,31,2,2,2,2,2,2,28947,30072,30895,31589,32071,32709,1900,1600,1500,1300,1300,1500,0.57894,0.6209433333333334,0.04854532258613349,0.06317959631563196,6,2,0.0,-0.07524,1516.6666666666667,0
300000,1,2,38,0,0,0,0,0,0,13548,13097,3025,4128,1726,-587,2060,2004,2003,1726,692,116422,0.04516,0.01973555555555556,1.4608125286719282,0.1572759199877844,0,0,0.0,0.04516,20817.833333333332,0
200000,2,2,27,0,0,0,0,0,0,264,264,264,264,264,264,264,264,264,264,264,0,0.00132,0.00132,0.9962264150943396,0.9962264150943396,0,0,0.0,0.0,220.0,1
50000,3,1,57,2,0,0,0,0,0,47349,46353,38081,16970,17695,18401,1892,2600,2000,1000,1000,1500,0.94698,0.6161633333333334,0.06755800211284353,0.04081632653061224,1,2,0.6666666666666666,0.57896,1665.3333333333333,0
130000,2,1,36,0,0,0,0,0,0,26244,27068,28383,29018,29671,-2000,1550,1769,1404,1493,0,4720,0.20187692307692306,0.17997948717948717,0.04365676188845978,0.057261073552772546,0,0,0.0,0.20187692307692306,1822.6666666666667,1
200000,2,1,38,1,2,2,2,0,0,185471,189921,193731,189136,191335,202780,9000,8300,0,6800,14500,0,0.927355,0.9603116666666667,0.039455170469025205,0.04738787502237761,4,2,1.0,-0.086545,6433.333333333333,2
200000,3,2,25,0,0,0,0,0,0,848,753,547,-2,2040,0,753,547,2,2042,0,0,0.00424,0.00349,0.9994677756877541,0.9986737400530504,0,0,0.0,0.00424,557.3333333333334,2
250000,1,2,42,0,0,0,0,0,0,30471,39968,98808,78366,10668,390,39968,89000,10668,0,0,540,0.121884,0.17244733333333334,0.40736627495426114,0.9999749806099727,0,0,0.0,0.120324,23362.666666666668,2
50000,2,2,28,0,0,0,0,0,0,19969,27267,19833,24014,27429,29189,8000,3302,5000,6500,10000,20000,0.39938,0.49233666666666664,0.24952381857868486,0.29338418659234267,0,0,0.0,-0.1844,8800.333333333334,0
190000,2,1,31,1,0,0,2,0,0,-92,465,3022,1397,1554,1561,2000,4000,0,1600,1600,1700,0.0,0.007016666666666667,1.5336602140838345,4.291845493562231,2,2,-0.3333333333333333,-0.008215789473684211,1816.6666666666667,1
70000,3,1,42,0,0,2,2,2,2,26550,28208,28642,30670,31133,31965,2400,1200,2820,1100,1500,1300,0.3792857142857143,0.42182857142857144,0.06023476390625818,0.0850792300329682,4,2,-1.3333333333333335,-0.07735714285714286,1720.0,0
50000,3,1,36,0,0,0,0,0,0,46311,47579,47897,28263,8548,8906,2014,1332,698,310,500,330,0.92622,0.6250133333333333,0.037446140920907214,0.04232870954182429,0,0,0.0,0.7481,864.0,0
50000,2,2,43,0,0,0,0,0,0,34110,3552,0,0,0,0,3505,0,0,0,0,0,0.6822,0.12554,0.19729805797917252,0.9864902898958626,0,0,0.0,0.6822,584.1666666666666,5
170000,1,1,33,1,2,0,0,0,0,9020,326,7788,104556,141077,138790,0,7788,100000,41077,5200,5600,0.05305882352941176,0.3936833333333334,0.45698386174041533,0.0,2,2,1.0,-0.7633529411764706,26610.833333333332,1
150000,2,2,38,0,0,0,0,0,0,26495,24906,6763,6581,6733,6882,1291,1101,1098,250,247,300,0.17663333333333334,0.08706666666666667,0.09088709464348815,0.05183281808326976,0,0,0.0,0.13075333333333333,714.5,0
300000,2,2,36,0,0,0,0,0,0,8310,2592,77000,78718,80908,90495,2592,77000,3000,3500,11100,0,0.0277,0.18779055555555554,0.44072548605735307,0.9996143463170073,0,0,0.0,-0.27395,16198.666666666666,1
290000,2,3,49,0,0,0,0,0,0,52547,53829,53841,54486,55198,55878,2542,1926,1931,1989,2002,2028,0.18119655172413793,0.1872293103448276,0.038058877922041844,0.04722273825004644,0,0,0.0,-0.011486206896551724,2069.6666666666665,0
50000,1,2,23,1,0,0,0,0,0,0,0,0,0,0,19553,0,0,0,0,19553,389,0.0,0.06517666666666667,0.19998977191367495,0.0,1,1,0.3333333333333333,-0.39106,3323.6666666666665,4
60000,2,1,31,0,0,0,3,2,2,47000,49236,57752,56243,55213,58700,3000,10000,0,0,4400,2200,0.7833333333333333,0.9004,0.06180742009874912,0.060929788573633646,3,3,-2.3333333333333335,-0.195,3266.6666666666665,2
440000,2,1,44,0,0,0,0,0,0,70548,42651,0,27549,77349,10456,20000,0,27549,50000,18956,9307,0.16033636363636364,0.08657310606060606,0.7856088613151414,0.46891118822095096,0,0,0.0,0.13657272727272726,20968.666666666668,1
30000,3,2,48,2,2,0,0,0,0,26950,23655,25131,29148,12134,12976,0,3200,5000,1000,1000,1000,0.8983333333333333,0.7221888888888889,0.0916651712945707,0.0,2,2,1.3333333333333333,0.4658,1866.6666666666667,1
210000,2,2,29,0,0,0,0,0,0,14073,13034,2569,36116,36287,5695,2059,2576,36120,1093,2968,1430,0.06701428571428572,0.08553492063492063,0.5423129199215053,0.15795934023782124,0,0,0.0,0.039895238095238095,7707.666666666667,0
510000,1,1,41,0,0,0,0,0,0,3196,16447,3317,10771,5552,2253,16447,3317,10771,5552,2253,96,0.006266666666666667,0.013573856209150328,0.9997842488249171,0.9999392023346303,0,0,0.0,0.0018490196078431373,6406.0,0
50000,3,1,42,0,0,0,0,0,0,47838,49246,50376,9408,9605,9806,2180,2310,336,348,360,349,0.95676,0.5875966666666667,0.03975344722438669,0.04426665583690377,0,0,0.0,0.76064,980.5,0
120000,2,1,25,2,0,0,2,0,0,17488,19002,20805,18271,18128,16405,3000,3000,0,961,2000,2056,0.14573333333333333,0.15291527777777777,0.09539491937556206,0.15786981002999526,2,2,0.0,0.009025,1836.1666666666667,1
120000,1,1,42,0,0,0,0,0,0,112237,114467,116900,119228,121805,115463,4097,4278,4308,11540,5685,4390,0.9353083333333333,0.9723611111111111,0.05049916437771864,0.03579166229863368,0,0,0.0,-0.026883333333333332,5716.333333333333,0
180000,2,2,29,0,0,0,0,0,0,2639,0,0,0,0,0,0,0,0,0,0,661,0.014661111111111111,0.0024435185185185185,0.0,0.0,0,0,0.0,0.014661111111111111,110.16666666666667,5
260000,3,1,38,0,0,0,0,0,0,1973,1973,1973,6746,1973,1973,1973,1973,6746,1973,1973,3733,0.007588461538461539,0.010648076923076923,0.9995650887054159,0.9994934143870314,0,0,0.0,0.0,3061.8333333333335,0
290000,1,1,45,0,0,0,0,0,0,664,0,632,0,3152,316,0,632,0,3152,316,0,0.002289655172413793,0.0027379310344827585,0.5989896977549143,0.0,0,0,0.0,0.0012,683.3333333333334,3
160000,1,2,32,0,0,0,0,0,0,9441,5714,5030,3181,4998,1250,5726,5037,3182,5000,1252,749,0.05900625,0.03084791666666667,1.0008233531536872,1.0019247594050744,0,0,0.0,0.05119375,3491.0,0
430000,4,2,41,0,0,0,0,0,0,2663,20679,6698,2104,888,888,20679,6698,2104,888,888,4232,0.006193023255813953,0.013147286821705425,0.9994155179843321,0.9999516441005802,0,0,0.0,0.004127906976744186,5914.833333333333,0
50000,2,1,38,0,0,0,0,0,0,6350,3239,4166,0,0,0,1100,1000,0,0,0,0,0.127,0.04585,0.11589739487507666,0.3395061728395062,0,0,0.0,0.127,350.0,4
10000,2,2,36,1,2,0,0,0,0,7081,6819,7996,9004,9180,9371,0,1290,1298,474,487,500,0.7081,0.8241833333333334,0.08180885850650119,0.0,2,2,1.0,-0.229,674.8333333333334,1
80000,3,1,34,0,0,0,0,0,0,3500,9295,2500,3045,1451,6541,9295,2500,3045,1456,6541,0,0.04375,0.054858333333333335,1.000353249972158,0.9998924268502581,0,0,0.0,-0.0380125,3806.1666666666665,1
140000,2,1,26,0,0,0,0,0,0,129996,132004,127275,48724,48875,49667,7000,5000,2000,2000,2000,2000,0.9285428571428571,0.6387392857142857,0.042909388670119696,0.053028294382788534,0,0,0.0,0.5737785714285715,3333.3333333333335,0
240000,1,1,51,0,0,0,0,0,0,4302,542,3934,6630,6817,7658,546,3953,6646,6865,7673,4208,0.017925,0.020752083333333334,1.004216545813422,1.0055248618784531,0,0,0.0,-0.013983333333333334,4981.833333333333,0
120000,1,2,29,0,0,0,0,0,0,121805,120933,120629,116316,117358,118560,4600,4300,4200,4219,4500,7600,1.0150416666666666,0.9938902777777777,0.036739271343755556,0.03803727653100038,0,0,0.0,0.027041666666666665,4903.166666666667,0
50000,2,2,39,0,0,0,0,0,0,47206,8464,9799,10054,9736,9955,1500,1500,400,344,371,314,0.94412,0.31738,0.08852715647859144,0.1772002362669817,0,0,0.0,0.74502,738.1666666666666,0
220000,2,2,25,0,0,0,0,0,0,165040,167485,148133,123266,125736,128342,6809,7038,5000,4500,5000,4473,0.7501818181818182,0.6500015151515152,0.04069492612443706,0.04065414422698017,0,0,0.0,0.1668090909090909,5470.0,0
50000,2,2,26,0,0,0,0,0,0,25126,26697,28222,27180,27979,28926,2000,2000,2000,1500,1500,1000,0.50252,0.5471,0.06496427344207711,0.07491197842535022,0,0,0.0,-0.076,1666.6666666666667,0
140000,2,1,31,0,0,0,0,0,0,98250,100319,102231,95852,94005,93177,4600,4523,4300,3300,3400,3600,0.7017857142857142,0.6950404761904763,0.04130991564112033,0.04585326953748006,0,0,0.0,0.03623571428571429,3953.8333333333335,0
200000,1,2,25,0,0,0,0,0,0,183516,179534,134572,61450,-200,-200,6700,7000,3000,0,0,0,0.91758,0.4658933333333334,0.027630878191602,0.03731862867964464,0,0,0.0,0.91758,2783.3333333333335,3
30000,2,2,28,2,0,0,2,2,2,26177,27249,29473,28719,29513,28890,1800,3000,0,2400,0,1600,0.8725666666666667,0.9445611111111111,0.04983140210613714,0.06605504587155964,4,2,-1.3333333333333335,-0.09043333333333334,1466.6666666666667,2
310000,1,2,36,0,0,0,0,0,0,67940,45746,46979,42045,40334,49542,2000,2000,2000,2000,13000,2000,0.21916129032258064,0.15730430107526883,0.08916800395438425,0.04371871379544014,0,0,0.0,0.059348387096774195,3833.3333333333335,0
60000,2,1,52,0,0,0,0,0,0,56893,58170,56539,29425,28013,29075,3000,2000,1000,1000,1500,2450,0.9482166666666667,0.7169861111111111,0.0416428410194578,0.051572089185332896,0,0,0.0,0.46363333333333334,1825.0,0
50000,1,2,57,0,0,0,0,0,0,50698,51030,49984,20155,19959,20194,2100,1320,704,716,733,702,1.01396,0.7067333333333333,0.03493096014270185,0.041151456957535616,0,0,0.0,0.61008,1045.8333333333333,0
20000,3,1,23,0,0,0,0,2,2,20030,18808,17080,18293,18752,19195,1600,1300,1500,900,900,787,1.0015,0.93465,0.06760896031571978,0.085065660056356,2,2,-1.3333333333333333,0.04175,1164.5,0
200000,2,2,33,0,0,0,0,0,0,6195,2645,3416,3916,4248,5068,1300,1000,500,500,1000,1000,0.030975,0.02124,0.24531260732706892,0.491307634164777,0,0,0.0,0.005635,883.3333333333334,0
20000,2,2,33,0,0,0,0,0,0,3010,1603,19980,19983,20066,19855,1272,19288,681,917,1000,889,0.1505,0.7041416666666667,0.37769425909971294,0.7930174563591023,0,0,0.0,-0.84225,4007.8333333333335,0
130000,2,1,28,0,0,0,0,0,0,115303,113502,111651,102622,96723,98827,4157,4168,5025,3223,4105,4000,0.8869461538461538,0.8187538461538462,0.039555783577304035,0.03662458261015127,0,0,0.0,0.12673846153846155,4113.0,0
60000,2,2,32,0,2,0,2,0,0,2178,1755,58197,50485,37710,38073,0,58197,0,2000,1366,2000,0.0363,0.5233277777777778,0.2177790484966538,0.0,2,2,0.0,-0.59825,10593.833333333334,2
200000,1,2,29,1,0,0,0,0,0,0,928,1280,1675,97,138,928,1000,1000,97,138,0,0.0,0.003431666666666667,0.8717648167235665,0.9989235737351991,1,1,0.3333333333333333,-0.00069,527.1666666666666,1
50000,4,2,36,0,0,0,0,0,0,46277,42207,20361,17527,17318,17738,2058,1265,5000,700,700,800,0.92554,0.5380933333333333,0.09520420854238555,0.048758529188779376,0,0,0.0,0.57078,1753.8333333333333,0
190000,1,1,54,0,0,0,0,0,0,187295,186189,186002,170873,98013,94600,7000,7962,7000,3417,3463,3357,0.9857631578947369,0.8096245614035087,0.038567273626324346,0.037596004081851875,0,0,0.0,0.48786842105263156,5366.5,0
110000,2,2,24,0,0,0,0,0,0,6217,7947,9649,11472,13267,15048,2000,2000,2000,2000,2000,0,0.05651818181818182,0.09636363636363636,0.18336993095664778,0.25163563160543534,0,0,0.0,-0.08028181818181818,1666.6666666666667,1
20000,1,2,23,0,0,0,0,0,0,5565,6841,7853,8565,9565,12065,1276,1288,1000,1000,2500,1000,0.27825,0.42045,0.15579186364866293,0.1864951768488746,0,0,0.0,-0.325,1344.0,0
500000,2,1,39,0,0,0,0,0,0,2082,800,1440,600,8170,600,803,1440,600,8170,600,1389,0.004164,0.004564,0.9996705490625196,1.0024968789013733,0,0,0.0,0.002964,2167.0,0
140000,1,2,29,0,0,0,2,2,2,11693,13490,16747,16183,17762,17327,2000,3500,0,2000,0,5000,0.08352142857142857,0.1109547619047619,0.09396414992596966,0.14824697946779333,3,2,-2.0,-0.04024285714285714,2083.3333333333335,2
80000,2,1,44,0,0,0,0,0,0,40769,41150,0,0,0,0,2150,0,0,0,0,0,0.5096125,0.17066458333333331,0.01044932079414838,0.0522466039707419,0,0,0.0,0.5096125,358.3333333333333,5
200000,1,1,36,0,0,0,0,0,0,1990,1186,4078,3000,3849,4479,1186,4092,3000,3849,4479,8120,0.00995,0.015485,1.0003056837726085,0.9991575400168492,0,0,0.0,-0.012445,4121.0,0
170000,2,1,39,0,0,0,0,0,0,0,582,0,582,291,90,582,0,582,291,90,750,0.0,0.0015147058823529412,0.7964311599488647,0.9982847341337907,0,0,0.0,-0.0005294117647058823,382.5,1
140000,1,2,33,0,0,0,0,0,0,1825,0,1264,0,0,1980,0,1264,0,0,1980,1351,0.013035714285714286,0.00603452380952381,0.3997409381216418,0.0,0,0,0.0,-0.001107142857142857,765.8333333333334,3
180000,2,2,26,0,0,0,0,0,0,145574,108617,102711,95652,97661,99656,3907,3600,3415,3542,3616,2000,0.8087444444444445,0.6017324074074074,0.03585478406728994,0.03597009703732346,0,0,0.0,0.2551,3346.6666666666665,0
300000,2,2,38,1,0,3,2,0,0,0,780,780,390,390,390,1560,0,0,390,390,540,0.0,0.0015166666666666666,0.7984648182047411,1.997439180537772,3,3,0.6666666666666666,-0.0013,480.0,2
420000,1,2,27,0,0,0,0,0,0,198604,202935,207548,211990,216362,220728,7518,7763,7768,7768,7877,7934,0.47286666666666666,0.49927261904761905,0.03653627273122321,0.03704616233689439,0,0,0.0,-0.052676190476190474,7771.333333333333,0
30000,2,2,30,0,0,0,0,0,0,30210,27826,28672,29622,30271,24536,28000,1600,1500,1000,1000,1000,1.007,0.9507611111111111,0.2372887087485261,1.0062169835052288,0,0,0.0,0.18913333333333332,5683.333333333333,0
50000,1,2,27,1,0,0,0,0,0,0,45000,1000,4874,5374,5874,45000,1000,4874,500,500,0,0.0,0.20707333333333333,0.6353806575720284,0.999977778271594,1,1,0.3333333333333333,-0.11748,8645.666666666666,1
110000,2,1,28,0,0,0,0,0,0,3242,4095,4296,5043,5194,6110,1300,1054,1000,1000,1000,1500,0.029472727272727272,0.042393939393939394,0.22341153912661943,0.3173828125,0,0,0.0,-0.02607272727272727,1142.3333333333333,0
20000,2,2,23,0,0,0,0,0,0,16622,18913,15868,16188,14891,3044,3015,5086,5000,3202,5000,694,0.8311,0.7127166666666667,0.5291614809438425,0.15940573120439885,0,0,0.0,0.6789,3666.1666666666665,0
150000,2,1,40,0,0,0,0,0,0,141697,144833,137737,140047,144557,133716,7000,7000,6000,7000,5021,9000,0.9446466666666666,0.9362077777777777,0.04559353854972623,0.048331192951931175,0,0,0.0,0.053206666666666666,6836.833333333333,0
100000,1,2,27,1,2,0,0,0,0,53213,50842,48205,47324,45723,46708,6,2031,1800,2000,1900,2000,0.53213,0.48669166666666663,0.032940530221200436,0.00011801034557362862,2,2,1.0,0.06505,1622.8333333333333,0
390000,1,1,28,0,0,0,0,0,0,60697,64440,67503,68566,65411,66597,5000,5000,5007,5000,5000,5000,0.15563333333333335,0.16804017094017093,0.07523988168739437,0.0775903539671948,0,0,0.0,-0.015128205128205128,5001.166666666667,0
180000,2,1,41,0,0,0,0,0,0,139184,141752,122164,111328,113890,116823,6411,6000,5000,4500,5000,4200,0.7732444444444444,0.6899453703703704,0.044312654915806514,0.04522655605172377,0,0,0.0,0.12422777777777778,5185.166666666667,0
130000,1,2,26,0,0,0,0,0,0,1016,0,0,0,402,0,0,0,0,402,0,2054,0.007815384615384615,0.001817948717948718,0.19950372208436723,0.0,0,0,0.0,0.007815384615384615,409.3333333333333,4
20000,2,1,58,0,0,2,2,0,0,21116,21470,200,0,28740,1295,21654,0,0,28740,1565,0,1.0558,0.6068416666666667,0.6432100118217088,1.0085231242140562,2,2,0.0,0.99105,8659.833333333334,3
490000,1,1,41,0,0,0,0,0,0,79712,81707,85703,87725,88727,91483,3000,5000,4000,3000,4000,5000,0.16267755102040815,0.1751894557823129,0.04363753050611142,0.03671611102951975,0,0,0.0,-0.024022448979591837,4000.0,0
20000,2,2,25,2,2,3,3,3,3,1050,1050,1050,1050,1050,1050,0,0,0,0,0,0,0.0525,0.0525,0.0,0.0,6,3,-0.6666666666666665,0.0,0.0,6
330000,1,1,36,1,0,0,0,0,0,0,0,0,1983,0,207,0,0,1983,0,207,49974,0.0,0.001106060606060606,0.39893765508684864,0.0,1,1,0.3333333333333333,-0.0006272727272727273,8694.0,3
230000,2,2,33,1,0,0,0,0,0,-133,611,19640,13242,1782,3106,744,19640,13242,1782,3106,0,0.0,0.02781231884057971,1.0429354285280108,1.2156862745098038,1,1,0.3333333333333333,-0.013504347826086956,6419.0,1
160000,1,2,33,0,0,0,0,0,0,100,0,0,0,0,0,0,0,0,0,0,0,0.000625,0.00010416666666666667,0.0,0.0,0,0,0.0,0.000625,0.0,6
30000,3,2,31,3,2,0,0,0,2,30588,26860,21165,21281,22938,22422,0,1646,762,2000,0,647,1.0196,0.8069666666666667,0.04015177865005003,0.0,3,3,1.0,0.2722,842.5,2
140000,2,1,24,0,0,0,0,0,0,696,696,696,696,696,696,696,696,696,696,696,696,0.004971428571428571,0.004971428571428571,0.9985652797704446,0.9985652797704447,0,0,0.0,0.0,696.0,0
30000,2,2,22,2,2,2,2,2,0,29412,27559,31090,31247,30493,31148,0,4000,1000,0,1100,1091,0.9804,1.0052722222222223,0.039194155598706225,0.0,5,2,0.6666666666666667,-0.057866666666666663,1198.5,2
390000,1,1,36,0,0,0,0,0,0,3931,3625,1600,3815,8330,4765,3625,1600,3315,11645,4765,2171,0.01007948717948718,0.011139316239316239,1.0530783716493004,0.9997242140099283,0,0,0.0,-0.0021384615384615383,4520.166666666667,0
50000,3,2,31,0,3,2,0,2,0,780,780,390,2724,2183,2638,0,0,2724,0,1004,2032,0.0156,0.03165,0.2760160333181529,0.0,3,3,1.0,-0.03716,960.0,3
50000,1,1,31,1,2,2,0,0,0,50883,51184,50092,50332,29690,30246,2200,4,2300,1100,1400,1200,1.01766,0.8747566666666667,0.034418141269980426,0.04298134219009475,3,2,1.6666666666666667,0.41274,1367.3333333333333,0
90000,3,2,23,0,0,0,0,0,0,119836,21836,11036,29836,986,21615,30000,11036,19836,986,21615,5885,1.331511111111111,0.37989814814814815,1.0074954385795811,1.3738150844896277,0,0,0.0,1.0913444444444445,14893.0,0
450000,4,1,51,0,0,0,0,0,0,144396,150396,396,396,396,546,6396,396,396,396,546,396,0.32088,0.10982444444444445,0.8066285230807184,0.04252744403146339,0,0,0.0,0.31966666666666665,1421.0,0
130000,3,1,44,0,2,2,0,0,0,632,316,0,632,316,316,0,0,948,0,316,316,0.004861538461538461,0.002835897435897436,0.4988951515242125,0.0,2,2,1.3333333333333333,0.0024307692307692307,263.3333333333333,3
120000,1,2,35,0,0,0,0,0,2,326,326,176,-150,952,476,326,176,0,1428,0,476,0.0027166666666666667,0.0031333333333333335,0.6979436403190671,0.9969418960244648,1,2,-0.6666666666666666,-0.00125,401.0,2
230000,4,1,29,0,0,0,0,0,0,123436,127873,129832,133273,139818,65649,7000,6000,6000,10000,30000,3044,0.5366782608695653,0.5216528985507246,0.13489288880763184,0.05474138605189483,0,0,0.0,0.2512478260869565,10340.666666666666,0
20000,2,1,55,0,0,2,0,0,2,10301,12871,12374,13392,14938,14557,2750,0,1231,1777,0,4859,0.51505,0.6536083333333333,0.08490121964269334,0.21364201367308888,2,2,0.0,-0.2128,1769.5,2
300000,1,2,29,1,0,0,0,0,0,0,0,0,0,0,0,0,0,0,0,0,0,0.0,0.0,0.0,0.0,1,1,0.3333333333333333,0.0,0.0,6
180000,2,1,35,0,0,0,0,0,0,8694,7607,6801,6759,6918,9777,1500,2000,1000,3000,4000,2000,0.0483,0.04310740740740741,0.29635826506633367,0.1971608832807571,0,0,0.0,-0.006016666666666667,2250.0,0
80000,3,2,24,1,0,0,0,0,0,0,832,416,416,416,416,1248,416,416,416,416,416,0.0,0.0052,1.097721390714559,1.4981992797118848,1,1,0.3333333333333333,-0.0052,554.6666666666666,0
500000,1,2,35,0,0,0,0,0,0,113466,116857,116402,95244,68182,60153,12197,15263,4672,0,1296,54,0.226932,0.19010133333333334,0.061218747157714457,0.1043745400400486,0,0,0.0,0.106626,5580.333333333333,1
80000,1,2,28,0,0,0,0,0,0,49740,48501,48117,48502,48610,49650,2000,2000,2000,1800,1800,2000,0.62175,0.6106666666666667,0.039463233082734514,0.04123541297266092,0,0,0.0,0.001125,1933.3333333333333,0
100000,1,2,29,0,0,0,0,0,0,33330,36282,38673,43014,48300,57497,3500,3000,5000,6000,10000,0,0.3333,0.42849333333333334,0.11768280973667315,0.09646390871758123,0,0,0.0,-0.24167,4583.333333333333,1
70000,2,3,45,0,0,0,0,0,0,70820,66163,67605,68855,70377,67818,2500,2507,2428,2594,2602,2500,1.0117142857142858,0.9800904761904761,0.03707086801483463,0.037784898131914636,0,0,0.0,0.042885714285714284,2521.8333333333335,0
20000,2,1,29,2,2,2,0,0,0,19098,19953,18756,19968,15333,10056,1474,0,2403,0,6000,0,0.9549,0.8597,0.15816116117884774,0.07386990077177508,3,2,2.0,0.4521,1646.1666666666667,3
200000,2,2,29,1,2,0,0,0,0,204212,186635,137983,82191,83964,86067,0,4075,3000,3100,4400,2930,1.02106,0.6508766666666667,0.030814965176039,0.0,2,2,1.0,0.590725,2917.5,1
120000,1,2,35,1,2,0,0,0,0,77785,75984,78109,79198,80865,82859,0,4000,2988,3100,3500,6382,0.6482083333333334,0.6594444444444444,0.03390250550176449,0.0,2,2,1.0,-0.04228333333333333,3328.3333333333335,1
360000,1,1,44,1,0,0,0,0,0,0,0,0,0,0,0,0,0,0,0,0,0,0.0,0.0,0.0,0.0,1,1,0.3333333333333333,0.0,0.0,6
280000,1,1,35,0,0,0,0,0,0,171057,173712,177913,182942,186892,197661,7000,7000,8000,7000,14000,8000,0.6109178571428572,0.6489148809523809,0.04633064718452503,0.040296350877596955,0,0,0.0,-0.09501428571428572,8500.0,0
180000,3,1,40,0,0,0,0,0,0,1903,0,0,3155,1173,1021,0,0,3155,1173,1021,0,0.010572222222222222,0.006714814814814815,0.5995705761763326,0.0,0,0,0.0,0.0049,891.5,3
50000,2,1,49,0,0,0,0,0,0,49467,41877,20082,5329,3990,2088,1472,1000,107,3990,2088,1470,0.98934,0.4094433333333334,0.42085777267547364,0.03514972061703042,0,0,0.0,0.94758,1687.8333333333333,0
90000,2,2,24,0,0,0,0,0,2,10648,10951,11288,10852,10519,9235,1500,1529,1113,800,0,2000,0.11831111111111112,0.11757962962962962,0.09020015659505068,0.13696128560993426,1,2,-0.6666666666666666,0.0157,1157.0,1
200000,2,2,36,0,0,0,0,0,0,2324,3344,4450,14280,14894,15608,1064,1170,10000,1000,1000,464,0.01162,0.04575,0.2824764554324913,0.31808669656203287,0,0,0.0,-0.06642,2449.6666666666665,0
220000,2,1,47,0,0,0,0,0,0,3489,6246,29390,8460,19000,13550,6261,29390,8489,19000,13550,2969,0.01585909090909091,0.060708333333333336,1.0010779858191037,1.0022410757163438,0,0,0.0,-0.04573181818181818,13276.5,0
340000,2,1,44,0,0,0,0,0,0,240851,171731,61404,114807,114560,85272,8297,4951,199726,4476,3257,3497,0.7083852941176471,0.3865808823529412,0.38917208312725965,0.04831365150350546,0,0,0.0,0.45758529411764703,37367.333333333336,0
180000,2,2,28,0,0,0,0,0,0,340,-120,420,460,460,610,0,1000,500,460,610,460,0.001888888888888889,0.0021203703703703706,1.0912179503974968,0.0,0,0,0.0,-0.0015,505.0,1
200000,1,2,31,0,0,0,0,0,0,0,0,0,0,0,0,0,0,0,0,0,0,0.0,0.0,0.0,0.0,0,0,0.0,0.0,0.0,6
50000,2,3,51,0,0,0,0,0,0,10571,2477,3234,2904,0,0,2477,2904,0,0,0,0,0.21142,0.06395333333333333,0.37945561123356947,0.9995964487489911,0,0,0.0,0.21142,896.8333333333334,4
50000,3,1,35,0,0,0,0,0,0,22500,5000,0,0,0,0,5000,0,0,0,0,640,0.45,0.09166666666666666,0.19996000799840033,0.9998000399920016,0,0,0.0,0.45,940.0,4
500000,1,2,46,0,0,0,0,0,0,20614,18050,15341,15985,1147,5492,5001,3007,8000,1147,5492,3000,0.041228,0.025543,0.594486206064138,0.27704836297158053,0,0,0.0,0.030244,4274.5,0
60000,3,2,23,1,2,0,0,0,0,28831,28024,24215,6000,7568,7568,0,1050,0,1568,0,6729,0.48051666666666665,0.2839055555555555,0.05010410991262283,0.0,2,2,1.0,0.35438333333333333,1557.8333333333333,3
60000,2,1,60,8,7,6,5,4,3,69183,68216,66616,65016,63449,62149,0,0,0,0,0,0,1.15305,1.0961916666666667,0.0,0.0,6,8,3.0,0.11723333333333333,0.0,6
250000,1,2,32,0,0,0,0,0,0,55741,74048,29381,56372,34020,4575,74081,29403,56692,34055,4575,0,0.222964,0.16942466666666667,1.001517291637191,1.0004321462815162,0,0,0.0,0.204664,33134.333333333336,1
150000,1,2,26,0,0,0,0,0,0,15079,5018,6701,54574,983,25580,5018,6701,54579,983,25580,26738,0.10052666666666667,0.11992777777777779,0.9997338979776856,0.9998007571229328,0,0,0.0,-0.07000666666666666,19933.166666666668,0
270000,1,1,50,0,0,0,0,0,0,316,316,316,5772,316,316,316,316,5772,316,316,5174,0.0011703703703703704,0.004538271604938271,0.997441696661441,0.9968454258675079,0,0,0.0,0.0,2035.0,0
320000,2,1,34,0,0,0,0,0,0,117983,111695,112030,152291,138731,132197,10009,15000,50551,10000,10000,8000,0.368696875,0.3983994791666666,0.14063220919711938,0.08960929666236929,0,0,0.0,-0.04441875,17260.0,0
260000,2,1,53,0,0,0,0,0,0,222134,223345,225258,189500,182771,188876,10020,10007,10017,10003,10007,10036,0.8543615384615385,0.7896692307692308,0.04997167685721625,0.04486312716592193,0,0,0.0,0.12791538461538463,10015.0,0
80000,3,1,45,2,0,0,0,0,0,75222,131966,68466,68547,59339,32500,2379,6036,1763,1187,650,0,0.940275,0.9084166666666667,0.03438169047798761,0.018027234081247585,1,2,0.6666666666666666,0.534025,2002.5,1
20000,3,2,29,1,2,0,0,0,0,5957,4909,5865,17935,19353,20094,0,2000,13500,2500,2000,1500,0.29785,0.6176083333333333,0.26446470533530936,0.0,2,2,1.0,-0.70685,3583.3333333333335,1
180000,2,1,46,0,0,0,0,0,0,171768,164274,165923,169038,172388,165165,7400,6100,6200,6543,6251,14614,0.9542666666666667,0.9338481481481481,0.038857958458609135,0.0450464160706133,0,0,0.0,0.03668333333333333,7851.333333333333,0
330000,2,2,39,0,0,0,0,0,0,156853,139687,120586,123152,115105,85737,5757,3923,4108,3632,3779,3672,0.4753121212121212,0.3743030303030303,0.03654646969424747,0.0412132752992383,0,0,0.0,0.2155030303030303,4145.166666666667,0
160000,3,1,45,0,0,0,0,0,0,227,-385,-379,-1464,2110,1462,280,6,75,3574,5,246,0.00141875,0.003957291666666666,3.3392908221201125,5.0,0,0,0.0,-0.00771875,697.6666666666666,0
50000,1,2,25,1,0,0,0,0,0,0,780,0,0,0,0,780,0,0,0,0,0,0.0,0.0026,0.1997439180537772,0.998719590268886,1,1,0.3333333333333333,0.0,130.0,5
120000,2,2,27,1,0,0,0,0,0,0,0,0,0,940,170,0,0,0,940,170,2018,0.0,0.0015416666666666667,0.39861786950550304,0.0,1,1,0.3333333333333333,-0.0014166666666666668,521.3333333333334,3
390000,1,2,32,0,0,0,0,0,0,46895,45435,47678,47753,38671,50795,7518,12006,13006,4006,25011,14009,0.12024358974358974,0.11847307692307692,0.2571194159880239,0.1654635091117176,0,0,0.0,-0.01,12592.666666666666,0
150000,1,1,41,0,0,0,0,0,0,7939,6610,6994,8102,25715,11350,6629,7034,8112,25715,11350,12595,0.052926666666666664,0.07412222222222223,1.0018563722646345,1.0027227348358796,0,0,0.0,-0.02274,11905.833333333334,0
50000,3,2,43,0,0,0,0,0,0,50517,48230,42674,4593,18007,18230,2015,1882,2119,45800,662,1000,1.01034,0.6075033333333334,0.6253517079350506,0.04177810951462752,0,0,0.0,0.64574,8913.0,0
70000,2,2,26,0,0,0,0,0,0,23409,23174,26103,28342,24894,25272,3003,5106,4026,755,1029,5303,0.3344142857142857,0.3599857142857143,0.10765398250688503,0.12957928802588997,0,0,0.0,-0.026614285714285715,3203.6666666666665,0
100000,2,2,36,0,0,0,0,0,0,101513,98736,99072,91809,77499,76997,3600,5006,2910,2755,5000,5000,1.01513,0.9093766666666667,0.04383398534226166,0.0364604960653048,0,0,0.0,0.24516,4045.1666666666665,0
220000,2,1,32,0,0,0,0,0,0,202010,103124,105226,107476,109746,111920,3746,3820,4000,4000,4000,4500,0.9182272727272728,0.5602287878787878,0.03640630876582792,0.03632484848484849,0,0,0.0,0.4095,4011.0,0
100000,2,2,26,0,0,0,0,0,0,9614,0,0,0,0,16708,0,0,0,0,16708,2000,0.09614,0.04387,0.19998803040277696,0.0,0,0,0.0,-0.07094,3118.0,4
410000,1,1,42,0,0,0,2,0,0,12327,2306,4054,3830,3160,49828,2324,4204,0,3160,49828,1647,0.030065853658536586,0.030693089430894306,0.8087554425335124,1.0073688773298657,1,2,-0.6666666666666666,-0.09146585365853659,10193.833333333334,1
270000,1,1,37,0,0,0,0,0,0,264,264,1191,3691,3445,56264,264,1191,3691,3445,56264,953,0.0009777777777777777,0.040196913580246914,0.9989617336900952,0.9962264150943396,0,0,0.0,-0.2074074074074074,10968.0,0
190000,3,1,29,0,0,0,0,0,0,51632,9803,3427,924,-876,-969,1000,3524,929,869,7,1587,0.2717473684210526,0.05770701754385965,2.4268656351550852,0.10199918400652795,0,0,0.0,0.2717473684210526,1319.3333333333333,0
350000,1,2,32,0,0,0,0,0,0,87611,87325,90539,92941,99930,108411,3300,5116,5000,10000,10000,10000,0.25031714285714285,0.2698842857142857,0.06808031906970598,0.03778943270045576,0,0,0.0,-0.05942857142857143,7236.0,0
50000,3,1,59,0,0,0,0,0,0,51400,0,0,0,0,0,0,0,0,0,0,0,1.028,0.1713333333333333,0.0,0.0,0,0,0.0,1.028,0.0,6
30000,2,1,35,0,0,0,0,0,0,25239,26847,26319,26868,25345,26781,3000,3000,2000,3304,2000,3000,0.8413,0.8744388888888889,0.10103800982105046,0.11174016686531585,0,0,0.0,-0.0514,2717.3333333333335,0
360000,1,2,29,0,0,0,0,0,0,205119,209680,213527,174907,126309,97746,8270,8423,6753,5139,5000,4000,0.569775,0.4755962962962963,0.04186692613383406,0.03944086493292191,0,0,0.0,0.29825833333333335,6264.166666666667,0
120000,2,1,27,2,3,2,0,0,3,110162,107008,103800,106075,115747,113999,0,0,4000,11000,0,0,0.9180166666666667,0.9122097222222223,0.026548570402907513,0.0,4,3,1.3333333333333335,-0.031975,2500.0,4
140000,1,2,27,0,0,0,0,0,0,10064,10551,11655,11377,735,1051,2000,2000,1000,735,1051,569,0.07188571428571429,0.05408690476190477,0.4893405240819771,0.18953752843062927,0,0,0.0,0.06437857142857142,1225.8333333333333,0
60000,1,2,28,0,0,0,2,0,0,20217,8376,7139,4254,4855,5355,1116,2420,0,800,1000,0,0.33695,0.13943333333333333,0.16472172691378498,0.13322191715411244,1,2,-0.6666666666666666,0.2477,889.3333333333334,2
30000,2,2,29,0,0,0,0,0,0,647,1222,249,5051,1188,375,1222,249,5051,2202,375,264,0.021566666666666668,0.04851111111111111,1.1688602546866838,0.9991823385118561,0,0,0.0,0.009066666666666667,1560.5,0
10000,2,2,23,0,0,0,0,0,0,5583,8959,4408,9071,9038,5005,5000,7000,5000,5000,1000,10000,0.5583,0.7010666666666667,0.6899525045853149,0.5580357142857143,0,0,0.0,0.0578,5500.0,0
160000,2,2,34,2,2,2,2,2,2,73820,72341,76917,75370,81943,80203,0,5500,0,7500,0,2000,0.461375,0.4797854166666667,0.032606127890411674,0.0,6,2,0.0,-0.03989375,2500.0,3
30000,3,2,21,2,2,2,0,0,0,28309,31229,29752,27262,27262,24265,3700,0,0,0,0,0,0.9436333333333333,0.9337722222222222,0.023695164905539544,0.11847582452769773,3,2,2.0,0.1348,616.6666666666666,5
70000,2,2,39,2,0,0,0,0,0,67607,69623,71030,30087,29742,29191,3700,3700,1300,1300,1100,1200,0.9658142857142857,0.7078095238095238,0.04596568816505379,0.05314259450764104,1,2,0.6666666666666666,0.5488,2050.0,0
170000,2,2,34,0,0,2,0,0,0,7885,7190,6854,3142,5000,0,2336,0,0,5000,0,0,0.04638235294117647,0.029481372549019606,0.26493010951418394,0.3248505075789181,1,2,0.6666666666666666,0.04638235294117647,1222.6666666666667,4
210000,1,1,44,0,0,0,0,0,0,126113,107216,88039,83304,77605,70260,5002,5030,10008,10017,10000,10000,0.6005380952380952,0.43852142857142856,0.0990649114455751,0.046653049423132524,0,0,0.0,0.2659666666666667,8342.833333333334,0
200000,1,2,28,0,0,0,0,0,0,0,0,0,0,0,0,0,0,0,0,0,597,0.0,0.0,0.0,0.0,0,0,0.0,0.0,99.5,5
50000,1,2,29,0,0,0,0,0,0,2000,5743,1134,3067,5496,1194,5934,1134,3067,5496,1194,6499,0.04,0.06211333333333333,1.0061704508851739,1.0330779944289694,0,0,0.0,0.01612,3887.3333333333335,0
360000,1,1,57,0,0,0,0,0,0,-2,-2,-2,-2,1422,0,0,0,0,1424,0,6624,0.0,0.0006583333333333334,0.20014054813773718,0.0,0,0,0.0,0.0,1341.3333333333333,4
280000,2,1,37,0,0,0,0,0,0,2035,11009,9360,7480,4402,3646,11009,9370,7486,4402,3646,6059,0.007267857142857143,0.022578571428571427,1.000207530644506,0.9999091734786558,0,0,0.0,-0.005753571428571428,6995.333333333333,0
230000,1,2,31,0,0,0,0,0,0,33109,29830,11750,5194,15450,9368,5000,5000,15897,12000,9368,6000,0.1439521739130435,0.07587028985507246,1.0859412701084745,0.16761087459354362,0,0,0.0,0.10322173913043478,8877.5,0
170000,2,1,34,1,2,2,2,2,0,91450,90486,86004,64363,55912,54500,3400,0,3957,0,2200,1300,0.5379411764705883,0.4340343137254902,0.027883831249016312,0.03757445820946655,5,2,0.3333333333333335,0.21735294117647058,1809.5,2
30000,2,1,59,0,0,0,0,0,0,27620,27921,28585,29007,29195,21335,1449,1503,1315,893,1000,513,0.9206666666666666,0.9092388888888889,0.045452118744752815,0.051894563426688634,0,0,0.0,0.2095,1112.1666666666667,0
80000,2,2,22,0,0,0,0,0,0,858,1468,1724,2884,2994,28788,1000,1036,1196,306,26045,1513,0.010725,0.08065833333333333,0.5405458128772036,0.6807351940095303,0,0,0.0,-0.349125,5182.666666666667,0
220000,1,1,48,2,0,0,0,0,0,1480,9202,26390,13007,7387,20018,9202,26390,13007,0,20018,14661,0.006727272727272728,0.0587,0.7999453239522322,0.9998913397805064,1,2,0.6666666666666666,-0.08426363636363636,13879.666666666666,1
310000,2,1,46,0,0,0,0,0,0,53474,11913,6629,34342,1900,5807,11919,6629,17171,3800,5807,1380,0.1724967741935484,0.0613252688172043,1.0998060063200328,1.0004196743327178,0,0,0.0,0.15376451612903225,7784.333333333333,0
60000,3,1,46,2,3,3,3,2,2,44030,44509,44999,45463,45918,47863,1500,1500,1500,1500,3000,5300,0.7338333333333333,0.7577277777777778,0.03907411318476185,0.03370029206919793,6,3,0.33333333333333304,-0.06388333333333333,2383.3333333333335,0
30000,3,1,53,1,2,2,2,2,2,18361,20250,19637,21705,21059,23716,2500,0,2403,0,3000,0,0.6120333333333333,0.6929333333333333,0.07212979139559912,0.12345069379289912,6,2,-0.33333333333333326,-0.1785,1317.1666666666667,3
20000,1,2,25,0,0,0,0,0,0,15312,2846,0,0,0,0,3000,0,0,0,0,0,0.7656,0.15131666666666668,0.2107481559536354,1.053740779768177,0,0,0.0,0.7656,500.0,5
20000,1,2,46,0,0,0,0,0,0,12146,7698,6005,6411,3125,3164,1273,1039,1000,123,101,48,0.6073,0.32124166666666665,0.11311126851943587,0.16534614885050006,0,0,0.0,0.4491,597.3333333333334,0
300000,2,1,55,0,0,0,0,0,0,69994,71388,72886,74371,75854,77440,2552,2645,2696,2716,2809,2826,0.23331333333333334,0.24551833333333334,0.03607299722407373,0.0357478042835731,0,0,0.0,-0.02482,2707.3333333333335,0
350000,1,2,31,2,0,0,0,0,2,20042,108444,280478,143142,160442,98479,100000,200000,0,135000,0,100000,0.05726285714285714,0.3862033333333333,0.4953225206713947,0.9221264235326664,2,2,0.0,-0.2241057142857143,89166.66666666667,2
80000,2,1,49,0,0,0,0,0,0,77347,61998,47941,47851,48804,50033,2384,5000,2000,1732,2000,3003,0.9668375,0.6957791666666667,0.05200028840269337,0.03845223310053388,0,0,0.0,0.341425,2686.5,0
200000,2,1,41,0,0,0,0,0,0,23025,22369,23344,23627,3977,1100,0,1400,1110,1000,0,1736,0.115125,0.08120166666666667,0.07166615616391714,0.0,0,0,0.0,0.109625,874.3333333333334,2
50000,2,1,39,0,0,0,0,0,0,39323,45625,38157,15966,15733,17703,7031,2013,3005,2007,5007,1003,0.78646,0.5750233333333333,0.16108626596775827,0.15410073203874983,0,0,0.0,0.4324,3344.3333333333335,0
50000,2,2,22,0,0,0,0,0,0,50186,49061,43528,29606,30305,28895,1994,1500,1009,1124,1100,2000,1.00372,0.7719366666666667,0.0368675868421941,0.04064245240715829,0,0,0.0,0.42582,1454.5,0
20000,2,1,38,0,0,0,0,0,0,0,0,0,0,0,0,0,0,0,0,0,0,0.0,0.0,0.0,0.0,0,0,0.0,0.0,0.0,6
80000,2,1,36,0,0,0,0,0,0,6746,556,556,2904,556,4226,556,556,2904,556,4226,3683,0.084325,0.03238333333333333,0.998806639021768,0.9982046678635548,0,0,0.0,0.0315,2080.1666666666665,0
100000,3,1,36,2,0,0,0,0,0,100281,100433,99744,101882,101116,97283,5000,5000,7900,4000,4000,30300,1.00281,1.0012316666666667,0.05162531058689668,0.04978393771033714,1,2,0.6666666666666666,0.02998,9366.666666666666,0
180000,1,1,28,1,0,0,0,0,0,0,0,0,0,0,0,0,0,0,0,0,0,0.0,0.0,0.0,0.0,1,1,0.3333333333333333,0.0,0.0,6
130000,1,1,43,0,0,0,0,0,0,2798,2732,8072,5723,6232,8873,3228,8141,5744,6232,8873,3982,0.021523076923076923,0.044141025641025636,1.0385527445105542,1.181119648737651,0,0,0.0,-0.04673076923076923,6033.333333333333,0
80000,2,1,57,0,0,0,0,0,0,54211,55348,56477,57601,58807,60300,2007,2047,2060,2133,2469,2493,0.6776375,0.71405,0.03709656723628516,0.036260817720284014,0,0,0.0,-0.0761125,2201.5,0
230000,1,2,29,0,0,0,0,0,0,121344,121415,25210,21433,18203,13931,6317,5516,2015,2014,2019,5536,0.5275826086956522,0.23299710144927538,0.12407676800576076,0.05202773934242604,0,0,0.0,0.4670130434782609,3902.8333333333335,0
150000,1,2,33,0,0,0,0,0,0,45335,50262,54793,59244,64096,68837,6000,6000,6000,6000,6001,6000,0.30223333333333335,0.38063,0.10218626503532853,0.11937210273958976,0,0,0.0,-0.15668,6000.166666666667,0
280000,1,2,27,0,0,0,0,0,0,39664,28033,27292,16567,7021,10171,9022,10006,6000,1000,10200,7900,0.14165714285714287,0.07663571428571428,0.43914875325842234,0.32182350003567095,0,0,0.0,0.10533214285714286,7354.666666666667,0
200000,2,1,55,0,0,0,0,0,2,184505,182475,180103,180647,76236,71415,8000,7512,8034,5600,0,2700,0.922525,0.7294841666666667,0.040695798540472304,0.04384138188035687,1,2,-0.6666666666666666,0.56545,5307.666666666667,1
50000,1,1,34,0,0,0,0,0,0,45341,31383,16235,17035,15601,16349,2115,2000,2022,1000,1000,2000,0.90682,0.47314666666666666,0.08690406739417442,0.0673910272750446,0,0,0.0,0.57984,1689.5,0
160000,1,2,36,0,3,2,0,2,0,598,598,168,1449,916,2133,0,0,1449,0,2133,0,0.0037375,0.00610625,0.3997683482532398,0.0,3,3,1.0,-0.00959375,597.0,4
50000,2,2,23,0,0,0,0,0,0,47662,41023,42162,6765,19286,9558,2000,2102,255,3000,191,0,0.95324,0.5548533333333333,0.06236417705157946,0.04875195007800312,0,0,0.0,0.76208,1258.0,1
240000,2,1,31,1,2,2,2,0,0,6900,6641,10495,2813,3805,5730,0,4000,1000,1200,2000,0,0.02875,0.025266666666666666,0.280146893698063,0.0,4,2,1.0,0.004875,1366.6666666666667,2
90000,2,2,26,1,2,2,2,2,2,86335,88520,90311,91431,92840,91205,4500,4100,3500,3800,0,3500,0.9592777777777778,1.001188888888889,0.03508871543848033,0.05083539499101908,6,2,-0.33333333333333326,-0.05411111111111111,3233.3333333333335,1
230000,3,1,50,1,0,0,0,0,0,0,211,3546,0,1490,0,211,3546,0,1490,0,890,0.0,0.0038021739130434783,0.5988660799332399,0.9952830188679245,1,1,0.3333333333333333,0.0,1022.8333333333334,2
90000,1,2,32,2,0,0,0,0,0,63632,131132,66940,68332,70169,66709,3000,2431,2506,3000,2950,4000,0.7070222222222222,0.8646555555555555,0.0365682034405603,0.022877536546864634,1,2,0.6666666666666666,-0.03418888888888889,2981.1666666666665,0
90000,1,2,31,2,0,0,0,0,0,90226,90378,27831,28790,29087,28941,2500,1500,1443,1100,1042,2000,1.0025111111111111,0.5467648148148149,0.041099048332071134,0.027661292999479968,1,2,0.6666666666666666,0.6809444444444445,1597.5,0
50000,2,2,25,0,0,0,0,0,0,48336,49377,48626,38587,19089,19485,1855,1804,1713,681,701,785,0.96672,0.745,0.03814115618674657,0.03756733768074851,0,0,0.0,0.57702,1256.5,0
150000,1,2,30,0,0,0,0,0,0,150311,138240,138887,144170,149970,145262,5500,3400,5883,5800,2905,2799,1.0020733333333334,0.9631555555555557,0.03274876243974003,0.03978559182876281,0,0,0.0,0.03366,4381.166666666667,0
50000,3,2,40,0,0,0,0,0,0,43530,43344,46616,48872,19981,16554,2000,4000,4500,2000,1000,3000,0.8706,0.7296566666666667,0.07690344050869377,0.04614142346291383,0,0,0.0,0.53952,2750.0,0
50000,2,2,25,0,0,0,0,0,0,43793,41739,20650,0,0,0,1651,1650,0,0,0,0,0.87586,0.35394,0.023890732553792825,0.03955438428366076,0,0,0.0,0.87586,550.1666666666666,4
230000,1,2,31,0,0,0,0,0,0,0,0,0,0,100,2405,0,0,0,100,2405,0,0.0,0.001815217391304348,0.39793667646066355,0.0,0,0,0.0,-0.010456521739130436,417.5,4
500000,1,2,31,0,0,0,0,0,0,17496,1001,15782,29251,20095,77684,2000,5000,37223,0,80583,10155,0.034992,0.05376966666666667,0.924520644931003,1.996007984031936,0,0,0.0,-0.120376,22493.5,1
10000,1,2,22,2,2,2,0,0,2,6883,9108,8813,10066,10017,9705,2500,0,1400,1100,0,500,0.6883,0.9098666666666666,0.10466488707953803,0.27445383686463937,4,2,1.3333333333333335,-0.2822,916.6666666666666,2
360000,2,1,40,0,0,0,0,0,0,29540,27930,692,41301,10889,2017,27930,692,41303,10893,2017,13894,0.08205555555555556,0.052022685185185186,0.9996650699802292,0.9999641974866635,0,0,0.0,0.07645277777777777,16121.5,0
240000,1,2,35,0,0,2,0,0,0,325,650,325,2250,1925,1925,650,0,2250,0,1925,1925,0.0013541666666666667,0.005138888888888888,0.5995000887777582,0.9984639016897081,1,2,0.6666666666666666,-0.006666666666666667,1125.0,2
70000,1,1,54,0,0,0,0,0,0,1261,1261,390,780,390,0,1261,390,780,0,0,780,0.018014285714285715,0.00971904761904762,0.5990739304969823,0.9992076069730587,0,0,0.0,0.018014285714285715,535.1666666666666,2
30000,2,2,27,2,2,2,2,2,2,15191,16144,16383,16518,16907,17279,1500,800,700,800,800,800,0.5063666666666666,0.5467888888888889,0.055544553868194194,0.09290802105915144,6,2,0.0,-0.0696,900.0,0
80000,1,2,25,0,0,0,0,0,0,65734,58048,53012,53571,56721,57312,3000,3404,2000,4000,3000,5000,0.821675,0.7174958333333333,0.05521751955361681,0.05168047683853296,0,0,0.0,0.105275,3400.6666666666665,0
230000,3,1,33,0,0,0,0,0,0,233314,222220,210778,211132,179564,176949,8005,10002,15037,6500,16002,8002,1.0144086956521738,0.8941717391304348,0.056265334011440384,0.036022698124839686,0,0,0.0,0.24506521739130435,10591.333333333334,0
200000,1,1,42,0,0,0,0,0,0,23242,24575,25284,25938,26478,26889,1711,1420,1074,1107,1000,1000,0.11621,0.127005,0.04923612837122825,0.06962076822916667,0,0,0.0,-0.018235,1218.6666666666667,0
50000,2,1,42,0,0,0,0,0,2,35892,32546,30660,31320,36227,35569,2007,2000,1500,5400,0,3000,0.71784,0.6740466666666667,0.06476825682811348,0.06166466955479768,1,2,-0.6666666666666666,0.00646,2317.8333333333335,1
120000,2,2,24,0,0,0,0,0,2,15322,16267,45844,47082,54307,53290,1500,30000,2000,8000,0,5000,0.12768333333333334,0.3223777777777778,0.18727411327932017,0.0922055569215638,1,2,-0.6666666666666666,-0.3164,7750.0,1
150000,3,2,33,0,0,0,0,0,0,1879,69842,2777,945,-5,1951,69842,2785,947,0,1956,900,0.012526666666666667,0.08599333333333334,0.8011223486738599,0.9999856821728734,0,0,0.0,-0.00048,12738.333333333334,1
30000,2,2,36,0,0,2,0,0,0,3024,3462,390,240,2150,780,3462,0,240,2300,780,0,0.1008,0.05581111111111111,0.8127103105274953,0.9997112330349408,1,2,0.6666666666666666,0.0748,1130.3333333333333,2
210000,2,1,47,0,0,0,0,0,0,0,0,0,0,0,0,0,0,0,0,0,0,0.0,0.0,0.0,0.0,0,0,0.0,0.0,0.0,6
350000,1,2,33,0,0,0,0,0,0,2383,9911,12149,14774,2154,67081,9911,12149,16928,0,67081,103202,0.006808571428571429,0.05164380952380952,0.8291042041334549,0.9998991121872478,0,0,0.0,-0.18485142857142858,34878.5,1
50000,1,2,49,2,2,4,4,4,4,150,150,150,150,150,150,0,0,0,0,0,0,0.003,0.003,0.0,0.0,6,4,-1.3333333333333335,0.0,0.0,6
50000,2,1,44,0,0,2,0,0,0,43596,46320,43976,44287,38113,30778,5000,0,2500,1500,2000,1000,0.87192,0.8235666666666667,0.053745217553014125,0.10794240193432784,1,2,0.6666666666666666,0.25636,2000.0,1
450000,1,2,31,0,0,0,0,0,0,12818,17522,35727,82517,91873,41628,17577,35758,90018,41340,20000,15000,0.028484444444444444,0.10447592592592592,0.8050417992095426,1.0030816640986133,0,0,0.0,-0.06402222222222222,36615.5,0
200000,1,2,28,0,0,0,0,0,0,71989,122129,147936,149573,152574,156323,52129,30000,6000,6000,7000,10000,0.359945,0.6671033333333333,0.15076774554557787,0.42683206419389175,0,0,0.0,-0.42167,18521.5,0
200000,1,1,44,0,2,2,0,0,0,655,265,-125,-515,-905,-905,0,0,0,0,0,0,0.003275,0.0007666666666666667,0.0,0.0,2,2,1.3333333333333333,0.003275,0.0,6
70000,2,2,26,0,0,0,0,0,0,23790,23880,24843,25338,25461,26008,1425,1388,883,906,952,877,0.33985714285714286,0.3555238095238095,0.04451442151813725,0.059670868054101586,0,0,0.0,-0.03168571428571428,1071.8333333333333,0
30000,2,2,38,0,0,0,0,0,0,29632,30239,30526,29219,30012,28422,1492,1661,1238,1031,1083,0,0.9877333333333334,0.9891666666666666,0.043714488074932376,0.04933862433862434,0,0,0.0,0.04033333333333333,1084.1666666666667,1
90000,2,2,24,2,2,2,0,0,0,124457,118666,105806,98257,91442,66762,6600,0,2915,3154,2977,90000,1.3828555555555555,1.1210925925925925,0.03287332306587487,0.05561782129825478,3,2,2.0,0.6410555555555556,17607.666666666668,1
320000,2,1,32,0,0,0,0,0,0,6443,443,-1327,28484,47711,34755,451,0,29811,20000,2386,462,0.020134375,0.061372916666666666,0.5100296712915922,1.0157657657657657,0,0,0.0,-0.088475,8851.666666666666,1
80000,1,1,38,2,0,0,0,0,0,389,754,1965,390,985,370,755,1800,0,985,0,399,0.0048625,0.010110416666666667,0.5829100798771819,1.0,1,2,0.6666666666666666,0.0002375,656.5,2
180000,4,2,26,0,0,0,0,0,0,42086,96998,133743,135900,159631,160881,90402,100028,20000,26000,7000,6654,0.2338111111111111,0.6752212962962962,0.4066892302611092,0.9319889895772121,0,0,0.0,-0.6599722222222222,41680.666666666664,0
140000,3,2,34,0,0,0,0,0,0,316,0,2549,151,0,574,0,2549,151,0,574,918,0.0022571428571428573,0.004273809523809524,0.5982579530668103,0.0,0,0,0.0,-0.0018428571428571428,698.6666666666666,2
300000,1,1,38,0,0,0,0,0,0,105932,100815,103744,103422,111152,110811,5137,30022,5006,10014,4016,4013,0.3531066666666667,0.35326444444444444,0.10301471837863366,0.05095421361688621,0,0,0.0,-0.016263333333333335,9701.333333333334,0
210000,1,1,33,0,0,0,0,0,0,199851,190551,192717,195700,150525,137565,7000,7791,7000,5254,5400,5380,0.9516714285714286,0.8467531746031746,0.03741786605777516,0.03673537931903102,0,0,0.0,0.2966,6304.166666666667,0
210000,2,2,28,2,0,0,0,0,0,209479,211302,-4244,205759,151849,150221,10000,2572,213509,6022,5817,4048,0.9975190476190476,0.7369920634920636,1.2326732065989234,0.04732540475052413,1,2,0.6666666666666666,0.28218095238095237,40328.0,0
50000,1,2,32,0,0,0,0,0,0,5458,5175,12950,11188,12167,14873,1500,7956,3188,2200,7000,2810,0.10916,0.20603666666666667,0.368091847785869,0.28979907264296756,0,0,0.0,-0.1883,4109.0,0
30000,2,2,21,2,0,0,2,0,0,23243,24394,25693,25760,165,0,1704,2168,1000,165,0,0,0.7747666666666667,0.5514166666666667,0.23740446547292357,0.06985037917606067,2,2,0.0,0.7747666666666667,839.5,2
150000,3,1,46,0,0,0,0,0,0,61510,62731,64047,65966,66671,68067,2240,2321,2980,2400,2468,2611,0.4100666666666667,0.43221333333333334,0.03787499646333073,0.0357074539310081,0,0,0.0,-0.04371333333333333,2503.3333333333335,0
100000,3,1,35,0,0,0,0,0,0,96521,98728,74239,75704,55704,56810,3938,2515,2516,4022,2032,2112,0.96521,0.7628433333333333,0.04299346850434736,0.03988696330358861,0,0,0.0,0.39711,2855.8333333333335,0
70000,1,2,28,0,0,0,0,0,0,19728,16923,10076,33079,23188,20937,8000,2000,30000,5000,20000,25000,0.28182857142857143,0.2950738095238095,0.5497772366161854,0.4727014890096904,0,0,0.0,-0.017271428571428573,15000.0,0
50000,2,2,36,0,0,0,0,0,0,1261,1261,1665,1261,1261,390,1261,1665,1261,1261,390,390,0.02522,0.023663333333333335,0.9988930072132207,0.9992076069730587,0,0,0.0,0.01742,1038.0,0
210000,2,1,30,0,0,0,0,0,0,820,820,820,820,820,820,820,820,820,820,820,970,0.003904761904761905,0.003904761904761905,0.9987819732034104,0.9987819732034104,0,0,0.0,0.0,845.0,0
10000,2,1,38,1,3,2,0,0,0,3980,3771,3564,4500,5039,5275,0,0,1000,5039,375,0,0.398,0.4354833333333333,0.258610202188149,0.0,3,3,2.0,-0.1295,1069.0,3
30000,2,2,43,0,0,0,0,0,0,28118,29266,28829,15762,0,0,2000,1209,700,0,0,0,0.9372666666666667,0.5665277777777777,0.030935925157677856,0.06833635152219222,0,0,0.0,0.9372666666666667,651.5,3
200000,1,2,31,0,0,0,0,0,0,68244,65243,61590,47301,47232,25231,6018,2507,2011,4140,5072,500,0.34122,0.2623675,0.092824318448495,0.09223836674636748,0,0,0.0,0.215065,3374.6666666666665,0
280000,1,2,28,1,0,0,0,0,0,0,5072,4872,4284,4322,9887,5072,4900,0,4322,9887,49300,0.0,0.016926785714285714,0.8010022318227504,0.9998028779814705,1,1,0.3333333333333333,-0.035310714285714286,12246.833333333334,1
290000,2,2,43,0,0,0,0,0,0,124362,111594,58039,3818,1318,0,5100,2507,1500,2000,0,1333,0.4288344827586207,0.17191436781609196,0.39959370513100023,0.04570097226578252,0,0,0.0,0.4288344827586207,2073.3333333333335,1
150000,1,2,40,0,0,0,0,0,0,7296,1819,1012,0,0,0,1819,1012,0,0,0,0,0.04864,0.011252222222222222,0.39969267652387097,0.9994505494505495,0,0,0.0,0.04864,471.8333333333333,4
500000,2,1,34,1,2,0,0,0,0,523618,483244,459273,386722,366421,241182,0,16004,15004,15004,9814,31004,1.047236,0.8201533333333334,0.031056502651259244,0.0,2,2,1.0,0.564872,14471.666666666666,1
100000,2,2,34,1,0,0,0,0,0,0,0,1531,0,1799,0,0,1531,4886,1799,0,0,0.0,0.00555,1.3997583405860168,0.0,1,1,0.3333333333333333,0.0,1369.3333333333333,3
180000,1,2,30,0,0,0,0,0,0,174869,173094,131039,132269,144990,152632,8328,7000,4900,15000,10000,6000,0.9714944444444444,0.8415675925925925,0.061509575527355934,0.048112308270025134,0,0,0.0,0.12353888888888889,8538.0,0
20000,2,2,36,1,4,3,3,2,3,15557,15015,16079,15528,16477,15930,0,1600,0,1500,0,0,0.77785,0.7882166666666667,0.038106590484885926,0.0,6,4,0.0,-0.01865,516.6666666666666,4
430000,2,1,48,0,0,0,0,0,0,32263,32802,25645,25045,25568,26144,1794,2399,884,914,987,869,0.07503023255813954,0.06490968992248063,0.051405089054817145,0.054690119806115295,0,0,0.0,0.014230232558139535,1307.8333333333333,0
160000,1,1,33,1,0,0,0,0,0,0,0,0,0,0,0,0,0,0,0,0,0,0.0,0.0,0.0,0.0,1,1,0.3333333333333333,0.0,0.0,6
230000,1,1,37,0,0,0,0,0,0,400,20123,20590,20029,17198,5177,20123,1256,1000,1000,500,801,0.0017391304347826088,0.060519565217391304,0.2531156476387774,0.999950308089843,0,0,0.0,-0.020769565217391303,4113.333333333333,0
210000,1,1,38,1,0,0,0,0,0,0,0,250,123,789,1222,0,250,0,789,1222,9616,0.0,0.001892063492063492,0.5987864903964052,0.0,1,1,0.3333333333333333,-0.005819047619047619,1979.5,2
300000,2,2,35,0,0,0,0,0,0,48926,22580,300,5107,5107,3028,1006,350,5107,0,3028,60,0.16308666666666666,0.04724888888888889,0.6413631025725703,0.04455072848855232,0,0,0.0,0.15299333333333334,1591.8333333333333,1
50000,1,2,28,0,0,0,0,0,0,48940,50149,45546,46587,47519,51346,2059,2100,2100,2000,4600,0,0.9788,0.9669566666666667,0.052782623085736426,0.0410568295114656,0,0,0.0,-0.04812,2143.1666666666665,1
180000,1,2,26,0,0,0,0,0,0,60258,51699,48469,49553,49772,50829,2130,2200,2200,2000,2000,2100,0.33476666666666666,0.2875740740740741,0.042102681945451775,0.041199226305609286,0,0,0.0,0.05238333333333333,2105.0,0
180000,1,2,28,0,0,0,0,0,0,168318,127111,74197,-19,-19,142176,4163,1898,0,0,142195,5100,0.9351,0.4738907407407407,0.21169149043485597,0.03275064510038391,0,0,0.0,0.14523333333333333,25559.333333333332,2
240000,2,2,27,1,0,0,0,0,0,0,0,0,0,0,0,0,0,0,0,0,0,0.0,0.0,0.0,0.0,1,1,0.3333333333333333,0.0,0.0,6
290000,2,2,29,0,0,0,0,0,0,263796,268765,209697,212359,216989,221260,11320,10000,7600,8000,8000,8200,0.9096413793103448,0.8004977011494253,0.039723757330328055,0.04211842271715916,0,0,0.0,0.14667586206896552,8853.333333333334,0
110000,2,1,35,0,0,0,0,0,0,112820,112134,110436,50175,50874,50730,4800,4108,4100,3000,1900,1800,1.0256363636363637,0.7381348484848484,0.05162722037345215,0.042805546885450574,0,0,0.0,0.5644545454545454,3284.6666666666665,0
180000,1,1,48,0,0,0,0,0,0,163461,167140,160707,162477,166861,171083,8000,8000,6000,7000,7000,7000,0.9081166666666667,0.9182675925925925,0.04348759761539602,0.04786377968302212,0,0,0.0,-0.04234444444444444,7166.666666666667,0
20000,1,2,27,1,0,0,0,0,0,0,0,0,0,0,0,0,0,0,0,0,0,0.0,0.0,0.0,0.0,1,1,0.3333333333333333,0.0,0.0,6
100000,1,2,26,0,0,0,0,0,0,91189,93383,96301,90858,92724,96030,3500,4300,4400,4000,4700,5000,0.91189,0.9341416666666668,0.04452767592438968,0.0374796539021674,0,0,0.0,-0.04841,4316.666666666667,0
280000,2,1,41,0,0,0,0,0,0,40483,42538,44561,45450,46715,47642,2718,2741,1630,2000,1705,1572,0.14458214285714285,0.15916011904761906,0.04797315926607891,0.06389430875196878,0,0,0.0,-0.025567857142857142,2061.0,0
200000,1,2,32,0,0,0,0,0,0,261,1715,281,1105,354,-2,1723,282,1110,390,0,0,0.001305,0.003096666666666667,0.8212574879806116,1.004079254079254,0,0,0.0,0.001305,584.1666666666666,2
190000,2,1,23,0,0,0,0,0,0,223483,183900,182911,156432,152708,133584,11837,6070,5136,5183,5237,4396,1.1762263157894737,0.9061561403508771,0.040705466255727164,0.06436615352825704,0,0,0.0,0.4731526315789474,6309.833333333333,0
210000,1,1,42,0,0,0,0,0,0,2827,3517,4412,2700,3578,4075,3527,4425,2708,3588,4087,1841,0.013461904761904762,0.016753174603174603,1.002616507245699,1.0025582717453099,0,0,0.0,-0.005942857142857143,3362.6666666666665,0
300000,1,1,58,2,2,2,2,2,2,148265,158230,160242,156171,165556,169250,14000,6000,0,12000,6500,6500,0.4942166666666667,0.5320633333333333,0.04736169193173658,0.08847823751350874,6,2,0.0,-0.06995,7500.0,1
470000,2,2,33,0,0,0,0,0,0,190258,181207,120318,129281,113437,164377,40012,10020,40069,25005,100000,51305,0.40480425531914893,0.31875106382978724,0.28856064271447596,0.22080702838726768,0,0,0.0,0.05506595744680851,44401.833333333336,0
450000,2,1,44,0,0,0,0,0,0,3004,5938,3700,14327,14890,6687,5971,3712,14347,14903,6707,25963,0.006675555555555555,0.01798,1.0026666243912539,1.005388112476848,0,0,0.0,-0.008184444444444444,11933.833333333334,0
180000,1,2,29,0,0,0,0,0,0,326,326,546,546,546,1225,326,546,546,546,1225,2225,0.0018111111111111112,0.00325462962962963,0.9981283549289224,0.9969418960244648,0,0,0.0,-0.004994444444444445,902.3333333333334,0
360000,1,2,32,0,0,0,0,0,0,42524,53303,3924,43900,88865,12104,53563,3924,43900,50000,12104,960,0.11812222222222223,0.11325,0.9134287274756385,1.004858922407324,0,0,0.0,0.0845,27408.5,0
80000,2,1,42,1,0,0,0,0,0,0,0,0,0,0,0,0,0,0,0,0,0,0.0,0.0,0.0,0.0,1,1,0.3333333333333333,0.0,0.0,6
40000,2,2,28,0,0,0,0,0,0,3333,-167,-5187,-187,-187,113,167,4982,5000,0,3335,27000,0.083325,0.014358333333333334,4.0,5.0,0,0,0.0,0.0805,6747.333333333333,1
280000,2,2,30,2,2,2,2,2,0,254307,257669,226452,215692,194206,185854,9100,5509,7604,0,9200,6400,0.9082392857142857,0.794154761904762,0.02887971976133714,0.035316490084216244,5,2,0.6666666666666667,0.244475,6302.166666666667,1
180000,2,2,28,0,0,0,0,0,0,139097,131157,128342,122345,109228,101428,5699,4300,4023,3785,3684,4000,0.7727611111111111,0.6774046296296296,0.036162095295800716,0.04345140975007243,0,0,0.0,0.20927222222222222,4248.5,0
50000,2,2,32,0,0,2,2,2,2,41114,44131,43121,45795,44929,48179,4000,0,3400,0,4000,0,0.82228,0.8908966666666667,0.049580294420884186,0.09063717937097797,4,2,-1.3333333333333335,-0.1413,1900.0,3
420000,2,2,28,0,0,0,0,0,0,27186,27759,21103,22217,23440,61084,5009,5006,5000,5000,61084,3000,0.06472857142857143,0.07253531746031745,0.3711947131808346,0.18043948126801151,0,0,0.0,-0.08070952380952381,14016.5,0
360000,1,2,54,0,0,0,0,0,0,4463,3270,0,0,621,0,3270,0,0,621,0,0,0.012397222222222223,0.003867592592592592,0.3996173132104109,0.9996942830938551,0,0,0.0,0.012397222222222223,648.5,4
130000,3,1,42,1,0,0,0,0,0,0,0,0,0,0,0,0,0,0,0,0,5000,0.0,0.0,0.0,0.0,1,1,0.3333333333333333,0.0,833.3333333333334,5
80000,2,1,32,0,0,0,0,0,0,199,199,199,199,0,22109,199,199,199,0,22109,45352,0.0024875,0.04771875,0.7969909543193126,0.995,0,0,0.0,-0.273875,11343.0,1
130000,2,2,23,0,0,0,0,0,0,44930,40688,40880,37851,37816,39849,6000,6000,4000,10000,5000,8002,0.3456153846153846,0.31027435897435895,0.15796080729154643,0.1474600014746,0,0,0.0,0.039084615384615384,6500.333333333333,0
50000,3,2,36,0,0,0,0,0,0,49889,50326,50687,37200,29838,30062,1952,1703,1444,1027,1053,1077,0.99778,0.8266733333333333,0.036128936376681166,0.038786337353706755,0,0,0.0,0.39654,1376.0,0
360000,1,2,26,0,0,0,0,0,0,50536,28219,24996,17509,5486,5295,1527,2670,1062,514,113,245,0.14037777777777777,0.06113009259259259,0.06731745066661896,0.05411055988660524,0,0,0.0,0.12566944444444444,1021.8333333333334,0
60000,1,2,27,0,0,0,0,0,0,57753,59186,59001,27971,28619,29213,2960,1628,1002,1100,1100,922,0.96255,0.727063888888889,0.03790252880570862,0.05001098214134861,0,0,0.0,0.4756666666666667,1452.0,0
390000,1,2,34,0,0,0,0,0,0,5053,-9,1906,0,2258,7028,0,1915,0,2258,5001,5000,0.012956410256410256,0.006942307692307692,0.5430466808596057,0.0,0,0,0.0,-0.005064102564102564,2362.3333333333335,2
590000,2,1,29,0,0,0,0,0,0,0,0,0,1387,2206,3014,0,0,1387,1000,1000,1000,0.0,0.0018663841807909606,0.35681165164134876,0.0,0,0,0.0,-0.005108474576271186,731.1666666666666,2
150000,2,2,28,0,0,0,0,0,0,326,326,326,326,652,326,326,326,326,652,0,326,0.0021733333333333335,0.0025355555555555552,0.7978588589010495,0.9969418960244648,0,0,0.0,0.0,326.0,1
150000,2,2,32,1,2,2,2,2,2,133401,135703,142275,144427,146702,150647,6000,10275,6000,6000,6100,0,0.88934,0.94795,0.04787331116320902,0.04421387726227672,6,2,-0.33333333333333326,-0.11497333333333333,5729.166666666667,1
100000,2,1,33,0,0,0,0,0,0,5576,792,0,1889,2458,10175,792,0,1889,2458,10175,122,0.05576,0.03481666666666666,0.7995409851209866,0.9987389659520807,0,0,0.0,-0.04599,2572.6666666666665,1
300000,2,2,31,0,0,0,0,0,0,86267,78176,48163,13461,5121,5663,78580,48408,13538,5145,5690,13535,0.2875566666666667,0.1315838888888889,1.0049894685797962,1.0051549688527317,0,0,0.0,0.26868,27482.666666666668,0
210000,2,1,44,1,2,0,0,0,0,236136,220847,216703,206635,96240,88040,0,9400,5000,2000,1800,10000,1.1244571428571428,0.8449214285714286,0.021760092797340376,0.0,2,2,1.0,0.7052190476190476,4700.0,1
140000,2,2,40,0,0,0,0,0,0,0,1887,0,0,0,0,1887,0,0,0,0,0,0.0,0.0022464285714285715,0.19989406779661018,0.9994703389830508,0,0,0.0,0.0,314.5,5
80000,1,2,29,0,0,0,0,0,0,58246,61650,0,0,0,0,5000,0,0,0,0,0,0.728075,0.24978333333333336,0.016220337058604078,0.08110168529302039,0,0,0.0,0.728075,833.3333333333334,5
320000,3,1,39,0,0,0,0,0,0,3065,41679,8275,8275,7606,14611,41679,8344,8275,7606,10000,11010,0.009578125,0.0434953125,0.9384618519971927,0.9999760076775431,0,0,0.0,-0.03608125,14485.666666666666,0
200000,3,2,30,0,0,0,0,0,0,192743,196031,196143,189524,167163,146975,9003,7300,7108,7680,6200,5000,0.963715,0.9071491666666667,0.04175493621226499,0.045926175318315374,0,0,0.0,0.22884,7048.5,0
130000,2,1,45,0,2,0,0,0,0,1980,990,990,990,990,1130,0,990,990,990,1130,1000,0.01523076923076923,0.009064102564102564,0.7992177162990345,0.0,1,2,0.6666666666666666,0.006538461538461538,850.0,1
10000,2,2,26,0,0,0,0,0,0,2989,3454,2917,1473,390,1320,2000,1000,29,390,1320,0,0.2989,0.20905,0.587586297881125,0.5788712011577424,0,0,0.0,0.1669,789.8333333333334,1
210000,2,1,56,1,0,0,0,0,0,-325,-721,-1117,-1513,-1909,59017,0,0,0,0,61982,2200,0.0,0.04683888888888889,0.2100443932359619,0.0,1,1,0.3333333333333333,-0.28103333333333336,10697.0,4
120000,2,1,35,0,0,0,0,0,0,115600,113690,114609,118232,119052,119232,5521,4232,5602,4123,4330,13245,0.9633333333333334,0.9727986111111111,0.04076295587934863,0.048561451654044734,0,0,0.0,-0.030266666666666667,6175.5,0
80000,2,2,25,0,0,0,0,0,0,47836,49038,53158,48269,48019,46908,2000,5000,2000,2000,2000,2000,0.59795,0.6108916666666667,0.052111994634702154,0.04078386590264891,0,0,0.0,0.0116,2500.0,0
200000,2,1,33,1,0,0,0,0,0,0,0,0,0,0,0,0,0,0,0,0,0,0.0,0.0,0.0,0.0,1,1,0.3333333333333333,0.0,0.0,6
230000,2,2,31,0,0,0,0,0,0,170041,174811,177733,182106,183965,186979,9800,6418,8000,7000,6618,11000,0.7393086956521739,0.779445652173913,0.04190905056159954,0.05606022469853328,0,0,0.0,-0.07364347826086956,8139.333333333333,0
30000,1,2,27,0,0,0,0,0,0,26951,27726,28561,18030,11467,12681,2000,1682,1500,1000,1408,800,0.8983666666666666,0.6967555555555556,0.08248680257347975,0.07213185703465935,0,0,0.0,0.4756666666666667,1398.3333333333333,0
290000,1,1,30,0,0,0,0,0,0,216328,218435,218783,158215,69234,71560,8000,8600,6700,2600,3500,0,0.7459586206896551,0.5474454022988505,0.04094838590293319,0.036623999707008005,0,0,0.0,0.4992,4900.0,1
140000,2,1,34,0,0,0,0,0,0,711,711,711,10976,711,711,711,711,10976,711,711,291,0.005078571428571429,0.017298809523809525,0.9988581845800155,0.9985955056179775,0,0,0.0,0.0,2351.8333333333335,0
20000,1,2,22,0,0,0,0,0,0,20137,20179,18067,18666,19115,19547,1300,1301,900,900,900,1600,1.00685,0.9642583333333334,0.05555217875376854,0.06442021803766106,0,0,0.0,0.0295,1150.1666666666667,0
20000,3,2,51,0,0,0,0,0,0,21353,20736,20000,0,0,0,0,38,0,0,0,0,1.06765,0.5174083333333332,0.0003799810009499525,0.0,0,0,0.0,1.06765,6.333333333333333,5
120000,1,2,37,2,2,2,2,2,2,744,744,744,744,1188,594,444,444,444,888,0,888,0.0062,0.006608333333333333,0.5069531104475591,0.5959731543624162,6,2,0.0,0.00125,518.0,1
80000,2,2,29,0,0,0,0,0,0,7880,8316,4761,5964,5697,2590,3034,3002,2093,1023,1000,1000,0.0985,0.07335,0.38231411476566923,0.36479499819646505,0,0,0.0,0.066125,1858.6666666666667,0
80000,2,1,49,0,0,0,0,0,0,5885,7001,8632,10316,316,2523,2000,2000,2000,316,2523,316,0.0735625,0.07223541666666666,0.5415211769802062,0.2856326763781777,0,0,0.0,0.042025,1525.8333333333333,0
510000,1,2,35,0,0,0,0,0,0,2115,2116,5560,4535,3488,1116,1117,4560,91,69,1116,2115,0.004147058823529412,0.006186274509803922,0.4773145521129688,0.5276334435521965,0,0,0.0,0.0019588235294117646,1511.3333333333333,0
250000,1,2,50,1,0,0,0,0,0,0,0,138,946,377,0,0,138,946,377,0,0,0.0,0.000974,0.5978208573082199,0.0,1,1,0.3333333333333333,0.0,243.5,3
150000,3,1,29,0,0,0,0,0,0,149278,142117,144947,140696,143607,136575,3984,3825,3361,3469,3812,3020,0.9951866666666667,0.9524666666666667,0.0260754532098037,0.028033042964297275,0,0,0.0,0.08468666666666666,3578.5,0
500000,2,2,31,0,0,0,0,0,0,43818,45021,49283,66144,75191,80619,5000,5040,17604,10000,10000,10200,0.087636,0.12002533333333333,0.14729907609765874,0.11105681666740705,0,0,0.0,-0.073602,9640.666666666666,0
200000,1,1,34,0,0,0,0,0,0,466,1242,4006,941,2357,2945,1242,4034,945,2366,2947,1143,0.00233,0.009964166666666666,1.0025701130556048,0.999195494770716,0,0,0.0,-0.012395,2112.8333333333335,0
20000,2,1,29,0,0,2,2,2,2,9665,12186,11700,13474,13006,13743,2700,0,2000,0,1055,0,0.48325,0.6147833333333333,0.08934626491397632,0.22154755066874537,4,2,-1.3333333333333335,-0.2039,959.1666666666666,3
130000,1,2,27,0,0,0,0,0,0,339,339,339,339,339,339,339,339,339,339,339,339,0.002607692307692308,0.002607692307692308,0.9970588235294118,0.9970588235294118,0,0,0.0,0.0,339.0,0
280000,1,2,30,0,0,0,0,0,0,596,645,2550,349,1148,785,645,2550,349,1148,785,175,0.0021285714285714285,0.0036148809523809523,0.9986120559481085,0.9984520123839009,0,0,0.0,-0.000675,942.0,0
310000,1,1,39,0,0,0,0,0,0,3803,678,3050,9080,4990,4940,681,3072,9100,23,4964,1676,0.012267741935483871,0.014269354838709678,0.8042368001905864,1.0029455081001473,0,0,0.0,-0.003667741935483871,3252.6666666666665,0
160000,2,2,29,0,0,0,0,0,0,36370,35996,35275,34873,35677,34942,4002,5390,6000,5000,5000,4000,0.2273125,0.22201354166666665,0.14385030738629626,0.11117593132761064,0,0,0.0,0.008925,4898.666666666667,0
60000,2,2,28,1,0,0,2,0,0,0,1672,836,836,780,390,1672,836,0,780,390,0,0.0,0.01253888888888889,0.7988739147500848,0.9994022713687986,2,2,-0.3333333333333333,-0.0065,613.0,2
60000,2,2,25,0,0,0,0,0,0,50791,49748,49735,36840,30119,32446,1832,2500,2000,3000,3000,1200,0.8465166666666667,0.6935527777777777,0.06668753387771595,0.03682486080122214,0,0,0.0,0.30575,2255.3333333333335,0
300000,2,2,30,0,0,0,0,0,0,19333,19333,19333,19333,20333,20333,19333,19333,19333,20333,20333,1000,0.06444333333333334,0.06555444444444444,0.9999492951011784,0.9999482776455985,0,0,0.0,-0.0033333333333333335,16610.833333333332,0
50000,2,2,23,0,0,0,0,0,0,21249,20771,17626,10078,9654,9648,1649,1300,500,500,300,500,0.42498,0.2967533333333333,0.057124449563830934,0.07938571153475833,0,0,0.0,0.23202,791.5,0
90000,3,1,42,0,0,0,0,0,0,14376,15374,11195,8948,9143,6003,1278,1086,581,273,227,162,0.15973333333333334,0.1204425925925926,0.06254162110042918,0.0831219512195122,0,0,0.0,0.09303333333333333,601.1666666666666,0
200000,1,2,32,0,0,0,0,0,0,0,0,2090,0,0,2820,0,2090,0,0,2820,10540,0.0,0.004091666666666667,0.39983345513960594,0.0,0,0,0.0,-0.0141,2575.0,3
360000,2,2,25,0,0,0,0,0,0,20952,12590,3479,3435,8870,2020,12590,3479,3446,8870,2020,27043,0.0582,0.023771296296296294,1.0003872102677338,0.9999205781907712,0,0,0.0,0.052588888888888886,9574.666666666666,0
100000,2,1,29,2,2,2,3,3,2,82781,85536,90018,91151,89429,91185,5000,6800,3500,0,3400,3500,0.82781,0.8835,0.04193553443453374,0.05845423617849586,6,3,-0.6666666666666665,-0.08404,3700.0,1
30000,3,1,67,2,2,2,0,0,0,27943,30734,28092,29112,29555,28536,3580,0,1800,1200,1083,1200,0.9314333333333333,0.9665111111111111,0.05137185134235776,0.11647958353668456,3,2,2.0,-0.019766666666666665,1477.1666666666667,1
80000,2,1,26,0,0,0,0,0,0,42972,44210,42418,43410,44684,45808,2000,2100,2000,2000,2000,2000,0.53715,0.5489625,0.04584645838381779,0.04523761054941078,0,0,0.0,-0.03545,2016.6666666666667,0
50000,3,1,45,0,0,0,0,0,0,22352,23244,20791,22104,22237,22703,1324,1351,1664,797,825,1030,0.44704,0.44477,0.053877849948929066,0.05695848569584857,0,0,0.0,-0.00702,1165.1666666666667,0
160000,2,2,38,0,0,0,0,0,0,159637,155003,158156,153699,127366,117812,5580,5680,4950,4350,4300,4360,0.99773125,0.9079927083333333,0.03495402789340439,0.03599907099171634,0,0,0.0,0.26140625,4870.0,0
300000,2,1,66,0,0,0,0,0,0,259513,257866,261088,257288,256369,212395,10000,15000,9500,11000,9000,6000,0.8650433333333334,0.8358438888888888,0.043687045977685725,0.038779680998344106,0,0,0.0,0.15706,10083.333333333334,0
150000,3,1,45,0,0,0,0,0,0,29169,15000,15000,0,15000,0,1000,15000,0,15000,0,0,0.19446,0.08241,0.41330577961469234,0.06666222251849876,0,0,0.0,0.19446,5166.666666666667,3
90000,2,2,47,0,0,0,0,0,0,932,319,800,0,0,0,319,800,0,0,0,0,0.010355555555555555,0.003798148148148148,0.3991253121098627,0.996875,0,0,0.0,0.010355555555555555,186.5,4
130000,1,2,30,0,0,0,0,0,0,77939,78524,63421,60269,59984,27126,3916,3000,3000,3000,1000,2000,0.5995307692307692,0.47085,0.046764763755619124,0.049869468322190386,0,0,0.0,0.39086923076923075,2652.6666666666665,0
50000,1,2,28,0,0,0,0,0,0,42046,47356,47445,49701,49068,0,11000,5000,5000,31507,0,0,0.84092,0.7853866666666667,0.21607131729433862,0.23227822708364126,0,0,0.0,0.84092,8751.166666666666,2
200000,1,2,33,0,0,0,0,0,0,8819,8565,14567,157631,143678,159782,8656,14040,154888,12848,50000,10000,0.044095,0.41086833333333334,0.6718402321342559,1.0105066542143357,0,0,0.0,-0.754815,41738.666666666664,0
400000,1,2,29,0,0,0,0,0,0,5567,13011,22396,26359,41627,16709,13011,10001,5023,20150,5082,4134,0.0139175,0.05236208333333333,0.48503769934937724,0.9999231478635106,0,0,0.0,-0.027855,9566.833333333334,0
90000,3,1,53,0,0,0,0,0,0,99905,87296,90388,56087,27055,22320,3763,5150,1100,977,1202,3495,1.1100555555555556,0.7093537037037038,0.04193092818927206,0.04310571955508208,0,0,0.0,0.8620555555555556,2614.5,0
260000,2,1,28,0,0,0,0,0,0,251811,256753,143240,150000,14098,28736,9388,5000,10000,14098,15000,15000,0.9685038461538461,0.5414346153846153,0.33200816765420427,0.03656418205753367,0,0,0.0,0.8579807692307693,11414.333333333334,0
150000,2,2,35,0,0,0,0,0,0,66662,61331,56523,56737,51005,47471,2116,2549,2406,2000,1655,2111,0.4444133333333333,0.3774766666666667,0.039215162027486976,0.034500750016304704,0,0,0.0,0.12794,2139.5,0
180000,2,1,39,0,0,0,0,0,0,5360,6176,398,629,0,978,6207,398,629,0,978,2198,0.029777777777777778,0.012537962962962964,0.7999483417710358,1.0048567265662942,0,0,0.0,0.024344444444444443,1735.0,1
80000,3,1,31,0,0,0,0,0,0,62636,61808,22227,48215,45618,37799,5000,4000,50012,10000,10000,7177,0.78295,0.5797979166666667,0.3563707600421647,0.08089436813409051,0,0,0.0,0.3104625,14364.833333333334,0
20000,3,1,29,0,0,0,0,0,0,14171,11136,20649,-1001,-1,-1,2000,10000,0,1000,0,0,0.70855,0.3829666666666667,1.1327686152282133,0.17958157493041213,0,0,0.0,0.70855,2166.6666666666665,3
100000,2,1,38,3,2,2,3,3,3,750,750,750,750,750,750,0,0,0,0,0,1500,0.0075,0.0075,0.0,0.0,6,3,-0.6666666666666665,0.0,250.0,5
50000,2,2,50,0,0,0,0,0,0,20001,15345,37420,18151,4823,6574,2000,32009,1500,1000,3012,1503,0.40002,0.34104666666666666,0.34674673514996124,0.1303271210738955,0,0,0.0,0.26854,6837.333333333333,0
180000,1,2,36,0,0,0,0,0,2,141489,84237,82508,81808,86024,67747,4000,3000,4000,9000,0,3000,0.78605,0.5035305555555556,0.04747186074797073,0.04748450817920653,1,2,-0.6666666666666666,0.40967777777777775,3833.3333333333335,1
50000,2,1,36,1,3,2,0,0,2,19606,19017,18409,18823,20379,18720,0,0,1000,2000,0,1000,0.39212,0.38318,0.03025181975946185,0.0,4,3,1.3333333333333335,0.01772,666.6666666666666,3
110000,2,2,32,0,0,0,0,0,0,64651,65920,67290,68652,69552,71008,2941,3026,3076,2638,2728,2742,0.5877363636363636,0.6167772727272727,0.0421466969415695,0.04461400767585443,0,0,0.0,-0.057790909090909094,2858.5,0
500000,1,2,28,0,0,0,0,0,0,93625,101723,95390,102203,47388,73230,11723,15390,12239,6000,30000,6000,0.18725,0.17118633333333333,0.1865208224834351,0.11524320710943337,0,0,0.0,0.04079,13558.666666666666,0
120000,3,1,42,0,0,0,0,0,0,2207,263,4531,1211,4015,2042,263,4531,0,4015,0,1007,0.018391666666666667,0.019818055555555554,0.5991484928189565,0.9962121212121212,0,0,0.0,0.001375,1636.0,2
70000,2,2,38,1,2,2,2,2,2,21047,22102,22949,23275,23596,23078,1700,1500,1000,1000,0,2100,0.3006714285714286,0.3239214285714286,0.04552261804219732,0.07691263629371578,6,2,-0.33333333333333326,-0.029014285714285715,1216.6666666666667,1
150000,2,2,30,0,0,0,0,0,0,106911,105889,96548,87085,52323,51260,4000,4500,5000,2000,1700,2300,0.71274,0.5555733333333334,0.042637001667439126,0.03777504957975257,0,0,0.0,0.37100666666666665,3250.0,0
280000,2,2,33,0,0,0,0,0,0,167,3690,1735,1735,1714,843,3700,1735,0,1700,1000,22000,0.0005964285714285714,0.005883333333333333,0.8355900188516724,1.0024383635871037,0,0,0.0,-0.0024142857142857143,5022.5,1
70000,1,2,28,0,0,0,0,0,0,4638,323,0,0,0,0,323,0,0,0,0,0,0.06625714285714286,0.011811904761904763,0.1993827160493827,0.9969135802469136,0,0,0.0,0.06625714285714286,53.833333333333336,5
50000,2,1,39,0,0,0,0,0,0,46410,48710,8108,7358,3098,0,5000,2001,2000,0,0,0,0.9282,0.37894666666666665,0.12423702643099692,0.10264621953973435,0,0,0.0,0.9282,1500.1666666666667,3
80000,2,2,26,2,2,2,0,0,0,76540,81373,79496,78641,48837,50592,8000,0,3300,2000,3800,0,0.95675,0.86558125,0.051266946591780195,0.09831149998771106,3,2,2.0,0.32435,2850.0,2
250000,1,2,35,2,2,2,2,2,2,153798,164692,160658,180382,182914,186838,15000,0,24000,7000,7000,6700,0.615192,0.686188,0.05997266740462635,0.09107855221533398,6,2,0.0,-0.13216,9950.0,1
80000,1,2,22,0,0,0,0,0,0,6518,65145,53655,50279,41166,28657,65145,2386,2000,2000,3000,1000,0.081475,0.5112916666666667,0.24749915534246422,0.9999846498633838,0,0,0.0,-0.2767375,12588.5,0
290000,2,2,24,0,0,0,0,0,0,262476,180959,162007,143679,375499,222575,8000,6500,6100,235075,10047,7500,0.9050896551724138,0.77425,0.1595914384076203,0.04420866489832007,0,0,0.0,0.13758965517241378,45537.0,0
200000,1,2,28,2,0,3,2,0,0,833,932,662,311,355,1266,932,0,0,355,1200,0,0.004165,0.0036325,0.5886476758076266,0.9989281886387996,3,3,1.0,-0.002165,414.5,3
80000,2,2,26,0,0,0,0,0,0,35220,38215,38598,40560,40968,42321,4000,5390,3000,1453,2000,1677,0.44025,0.4914208333333333,0.08019887691404866,0.10466820180029307,0,0,0.0,-0.0887625,2920.0,0
140000,2,1,32,0,0,0,0,0,0,129653,116582,112170,102931,100179,102417,5820,4920,3600,3700,3900,3602,0.9260928571428572,0.790395238095238,0.04075408583031659,0.04992151514371735,0,0,0.0,0.19454285714285716,4257.0,0
80000,2,1,39,1,0,0,2,2,2,0,174,2071,2036,840,1081,174,2071,150,0,931,0,0.0,0.012920833333333335,0.5855768828454576,0.9942857142857143,4,2,-1.6666666666666667,-0.0135125,554.3333333333334,2
310000,1,2,29,2,0,0,0,0,0,45153,36123,26113,22661,20351,16639,2904,1500,1000,2000,1000,2000,0.1456548387096774,0.08980645161290322,0.06806470960870206,0.08038976857490865,1,2,0.6666666666666666,0.09198064516129033,1734.0,0
30000,3,1,32,0,0,0,0,0,0,28701,26108,17595,24715,22136,22738,27078,17648,25008,509,22806,10035,0.9567,0.78885,0.8155645447892464,1.0371136389750661,0,0,0.0,0.19876666666666667,17180.666666666668,0
220000,3,2,32,0,0,0,0,0,0,209259,192365,184198,171391,178742,164793,7000,15000,6000,10000,10000,7000,0.9511772727272727,0.8339,0.05389163395213901,0.03638896686524646,0,0,0.0,0.2021181818181818,9166.666666666666,0
500000,1,1,37,1,2,0,0,0,0,507062,491956,430637,376657,356636,303510,325,15296,12137,12312,14113,10526,1.014124,0.8221526666666666,0.02988490407767479,0.0006606268434029804,2,2,1.0,0.407104,10784.833333333334,0
80000,3,2,22,0,0,0,0,0,0,23023,23480,0,780,23818,23917,2100,0,780,23818,1011,1000,0.2877875,0.19795416666666668,0.4260762075949803,0.08943401047655551,0,0,0.0,-0.011175,4784.833333333333,1
40000,1,1,35,0,0,0,0,0,0,30927,18228,19256,20429,32279,32940,1300,1327,1500,12279,1350,2000,0.773175,0.6419125,0.12700381610511496,0.07131493773657359,0,0,0.0,-0.050325,3292.6666666666665,0
160000,2,2,32,0,0,0,0,0,0,156098,156259,155404,153234,156731,155818,6000,6000,5600,6000,6000,5500,0.9756125,0.9724416666666666,0.03806792763076239,0.038397542557276336,0,0,0.0,0.00175,5850.0,0
360000,2,1,30,3,2,2,2,2,2,2500,2500,2500,2500,2500,0,0,0,0,0,0,0,0.006944444444444444,0.005787037037037038,0.0,0.0,6,3,0.3333333333333335,0.006944444444444444,0.0,6
10000,3,1,53,1,4,3,2,2,2,4479,4272,4064,3856,4390,4171,0,0,0,900,0,900,0.4479,0.4205333333333333,0.040992940104759734,0.0,6,4,0.6666666666666665,0.0308,300.0,4
80000,1,2,29,2,2,2,2,2,0,54313,57988,59271,60013,58453,60155,4600,2800,2300,0,2800,6300,0.6789125,0.72956875,0.04228705433779696,0.07932538929797031,5,2,0.6666666666666667,-0.073025,3133.3333333333335,1
190000,1,2,27,1,0,0,0,0,0,-4370,82387,83701,85035,86482,88164,87998,3017,3029,3127,3433,3356,0.0,0.37348157894736844,0.2429705873670937,1.068092440646696,1,1,0.3333333333333333,-0.46402105263157895,17326.666666666668,0
360000,2,2,29,0,0,0,0,0,0,268112,263368,259969,255832,245462,250244,9429,8738,7017,7154,7073,7300,0.7447555555555555,0.7143458333333333,0.030850064483007183,0.03580148005270172,0,0,0.0,0.049633333333333335,7785.166666666667,0
160000,2,2,27,0,0,0,0,0,0,490,-85,5215,4115,3921,3421,3085,5300,1000,22200,2000,149763,0.0030625,0.017877083333333335,2.3687024310018794,5.0,0,0,0.0,-0.01831875,30558.0,0
140000,2,2,61,0,0,0,0,0,0,131978,135760,127508,92126,69050,73537,6000,3600,2500,5000,5000,5000,0.9427,0.7499511904761905,0.04799347479361023,0.044195313823557576,0,0,0.0,0.4174357142857143,4516.666666666667,0
300000,1,1,55,0,0,0,0,0,0,127480,130168,134080,126996,127820,130325,4810,6164,6069,4425,4412,4123,0.42493333333333333,0.4315938888888889,0.03983699910908526,0.03695196244881654,0,0,0.0,-0.009483333333333333,5000.5,0
130000,1,2,34,0,0,0,0,0,0,30190,31179,30569,28659,26952,15852,1818,2002,1400,600,1000,0,0.23223076923076924,0.20948846153846154,0.051596946777319595,0.058306606799230276,0,0,0.0,0.11029230769230769,1136.6666666666667,1
160000,1,2,41,0,0,0,0,0,0,396,396,396,0,688,396,396,396,0,688,500,0,0.002475,0.0023666666666666667,0.8505913363287062,0.9974811083123426,0,0,0.0,0.0,330.0,2
80000,3,2,23,0,0,0,0,0,0,66909,67465,65470,57187,29058,26790,2451,3017,1557,1500,1000,1239,0.8363625,0.65183125,0.03971639208395636,0.036329410369667685,0,0,0.0,0.5014875,1794.0,0
350000,2,2,37,0,0,0,0,0,0,128146,117713,51961,46207,35052,12536,4052,1700,1500,2000,500,2000,0.36613142857142855,0.18648333333333333,0.03930778949886235,0.034422413646635064,0,0,0.0,0.3303142857142857,1958.6666666666667,0
100000,2,1,45,0,0,2,0,0,0,87590,103301,100818,75860,77656,78274,17200,247,3000,3000,3000,3000,0.8759,0.8724983333333333,0.05709117567690243,0.16650210063696733,1,2,0.6666666666666666,0.09316,4907.833333333333,0
320000,1,2,50,0,0,0,0,0,0,1999,729,2462,12360,10943,9597,730,2472,12360,0,237,3417,0.006246875,0.019838541666666664,0.6056531650174145,1.0,0,0,0.0,-0.02374375,3202.6666666666665,1
80000,1,2,27,0,0,0,0,0,0,52652,53774,54909,56035,57598,59164,2000,2000,2039,2500,2500,2500,0.65815,0.6961083333333333,0.03913216137845333,0.037192003719200374,0,0,0.0,-0.0814,2256.5,0
270000,2,2,29,0,0,0,0,0,0,18465,20987,17555,17803,1852,2044,3022,1000,2054,1857,2069,6327,0.06838888888888889,0.04858395061728395,0.46604191192469296,0.14398704021345532,0,0,0.0,0.06081851851851852,2721.5,0
200000,1,2,34,1,0,0,0,2,2,0,0,0,347,197,2917,0,0,347,0,2720,0,0.0,0.002884166666666667,0.3858543483570072,0.0,3,2,-1.0,-0.014585,511.1666666666667,4
300000,2,1,49,0,0,0,0,0,0,300,97,6497,5897,6005,0,97,6500,0,408,0,30000,0.001,0.010442222222222223,0.4116071546621606,0.9897959183673469,0,0,0.0,0.001,6167.5,2
160000,1,2,25,1,0,2,2,0,0,0,10139,7858,0,0,0,10139,0,0,0,0,0,0.0,0.018746875,0.19998027613412228,0.9999013806706114,3,2,0.33333333333333337,0.0,1689.8333333333333,5
180000,2,1,44,0,0,0,0,0,0,33800,0,0,0,1972,0,0,0,0,1972,0,1800,0.18777777777777777,0.03312222222222222,0.19989863152559556,0.0,0,0,0.0,0.18777777777777777,628.6666666666666,4
180000,2,2,34,0,0,0,0,0,0,59076,50505,38547,63249,51437,45279,3000,3000,33000,2000,2000,2000,0.3282,0.28527129629629633,0.14840288697970266,0.059398883300993945,0,0,0.0,0.07665,7500.0,0
340000,4,2,29,0,0,0,0,0,0,262621,167331,169625,104501,102700,103824,24298,7068,8015,10053,15000,9507,0.772414705882353,0.4463735294117647,0.10118670727944176,0.14520832835321398,0,0,0.0,0.46705,12323.5,0
50000,1,2,36,0,0,0,0,0,0,49750,48854,47892,49439,48630,49160,2100,2000,2500,2413,2000,1987,0.995,0.9790833333333333,0.045122330319740424,0.042984341418483264,0,0,0.0,0.0118,2166.6666666666665,0
140000,2,2,26,0,0,0,0,2,0,141057,144306,141949,141345,136379,126211,7200,19000,10400,0,4931,9100,1.00755,0.9895797619047618,0.05927821465527966,0.049893629553659904,1,2,-0.6666666666666666,0.10604285714285715,8438.5,1
10000,2,2,27,0,0,0,0,0,0,9457,9554,7335,9025,7886,8382,1107,1310,2000,269,1000,1100,0.9457,0.86065,0.1338809786060175,0.11585557299843015,0,0,0.0,0.1075,1131.0,0
360000,1,1,42,1,0,0,0,0,0,0,0,0,0,0,0,0,0,0,0,0,0,0.0,0.0,0.0,0.0,1,1,0.3333333333333333,0.0,0.0,6
40000,2,1,37,1,2,0,0,0,0,12127,11647,13138,14903,17664,19371,0,2000,2000,3000,2000,2000,0.303175,0.37020833333333336,0.1118959767093232,0.0,2,2,1.0,-0.1811,1833.3333333333333,1
50000,1,2,29,0,0,0,0,0,0,41897,17304,16544,14787,15975,17098,4000,2000,3000,3000,3000,3000,0.83794,0.41201666666666664,0.18362544558543106,0.23114706732158335,0,0,0.0,0.49598,3000.0,0
600000,1,1,36,0,0,0,0,0,0,372396,416438,459749,455910,463611,466570,50000,50000,15000,20000,15000,7000,0.62066,0.7318538888888888,0.06740209796558226,0.12006560384594142,0,0,0.0,-0.15695666666666666,26166.666666666668,0
240000,1,2,41,0,0,0,0,0,0,-317,63435,697,-3,635,1269,63752,700,0,638,1275,421,0.0,0.045858333333333334,0.8029856780099804,1.0049813985749416,0,0,0.0,-0.0052875,11131.0,1
380000,2,1,39,0,0,0,0,0,0,19261,81961,61189,38875,17876,13313,81975,1480,3000,1000,3000,10024,0.050686842105263155,0.10196271929824562,0.276555704525263,1.0001586100876017,0,0,0.0,0.01565263157894737,16746.5,0
80000,4,1,25,0,0,0,0,0,0,75296,74792,75825,77454,78862,73442,4000,3400,4000,3349,2784,3000,0.9412,0.9493145833333334,0.04606726561502302,0.053480940729747434,0,0,0.0,0.023175,3422.1666666666665,0
500000,2,2,23,4,3,2,0,0,0,507726,509229,499936,505507,484612,419643,10000,0,14000,16500,16000,19000,1.015452,0.975551,0.02390154941235094,0.019637491899534593,3,4,3.0,0.176166,12583.333333333334,1
50000,2,1,44,0,0,0,0,0,0,45335,46027,30286,26275,26823,27371,1524,1427,941,972,992,1000,0.9067,0.6737233333333332,0.037703194791398116,0.033110280698705134,0,0,0.0,0.35928,1142.6666666666667,0
50000,2,2,34,0,0,0,0,0,0,23264,13573,13876,13789,725,0,13573,13876,276,725,0,0,0.46528,0.21742333333333333,0.6036982721716321,0.9999263297480477,0,0,0.0,0.46528,4741.666666666667,2
30000,3,1,29,2,2,2,2,2,0,26836,28894,30571,31011,30389,30115,2500,2670,2000,0,1000,1000,0.8945333333333333,0.9878666666666667,0.054310216194878635,0.08652015919709292,5,2,0.6666666666666667,-0.1093,1528.3333333333333,1
150000,2,2,34,0,0,0,0,0,0,39883,34983,23772,20410,14818,7565,2068,1331,1029,353,208,20711,0.26588666666666666,0.15714555555555554,0.043365358937919284,0.059112737251314884,0,0,0.0,0.21545333333333333,4283.333333333333,0
130000,2,2,26,0,0,0,0,0,0,110922,113974,126194,17832,-3000,0,5000,15066,5007,0,3000,825,0.8532461538461539,0.4729769230769231,1.0888055072562335,0.04386926957666155,0,0,0.0,0.8532461538461539,4816.333333333333,1
240000,1,2,46,1,2,0,0,0,0,102318,94453,5411,8513,4626,5329,468,5784,8548,4630,5334,27898,0.426325,0.15322916666666667,0.8158166389260953,0.004954792809198128,2,2,1.0,0.4041208333333333,8777.0,0
150000,3,2,32,0,0,0,0,0,0,148352,151267,143254,137379,35290,1200,5210,5212,4610,706,1200,0,0.9890133333333333,0.6852688888888888,0.2247107751548139,0.034442182087421,0,0,0.0,0.9810133333333333,2823.0,1
130000,1,2,29,0,0,0,0,0,0,41224,45136,48970,52740,56467,60119,4500,4500,4500,4500,4500,4500,0.3171076923076923,0.39058461538461536,0.08629033300752391,0.09969647960653123,0,0,0.0,-0.14534615384615385,4500.0,0
50000,2,2,22,2,2,2,0,0,0,45614,50781,45429,28927,19896,19475,5991,41,1617,816,1003,1004,0.91228,0.7004066666666667,0.053457049931691036,0.11797487298649127,3,2,2.0,0.52278,1745.3333333333333,0
140000,1,2,26,0,0,0,0,0,0,6208,2136,6573,0,770,0,2136,6573,0,770,0,0,0.04434285714285714,0.018675,0.5996165846060926,0.9995320542817033,0,0,0.0,0.04434285714285714,1579.8333333333333,3
100000,2,1,22,0,0,0,0,0,0,99415,101507,99511,99813,95816,96884,4600,3478,3461,3461,3684,3510,0.99415,0.9882433333333333,0.037817415888232994,0.04531662529061749,0,0,0.0,0.02531,3699.0,0
200000,1,1,43,1,0,0,0,0,0,0,601,0,0,0,259,601,0,0,0,259,150,0.0,0.0007166666666666667,0.39889854331714797,0.9983388704318937,1,1,0.3333333333333333,-0.001295,168.33333333333334,3
150000,3,1,64,0,0,0,0,0,0,56852,58031,59202,60304,61650,0,2688,2730,2680,2850,0,0,0.3790133333333333,0.32893222222222224,0.036620104059354626,0.04631927212572374,0,0,0.0,0.3790133333333333,1824.6666666666667,2
140000,2,1,35,0,0,0,0,0,0,10215,14293,13035,5753,2296,1398,4293,1004,115,46,1398,6837,0.07296428571428572,0.05594047619047619,0.28333014332667616,0.3003358052329649,0,0,0.0,0.06297857142857143,2282.1666666666665,0
410000,1,2,28,0,0,0,0,0,0,210866,109320,11546,858,0,1117,2444,3056,968,0,1117,0,0.5143073170731707,0.13565325203252032,0.4826021894816318,0.022356180422791597,0,0,0.0,0.5115829268292683,1264.1666666666667,2
310000,1,2,28,0,0,2,0,0,0,18877,18379,10327,17252,9917,33776,18417,48,17337,9965,33826,116,0.06089354838709678,0.058348387096774194,0.8035437772251551,1.002013057671382,1,2,0.6666666666666666,-0.04806129032258064,13284.833333333334,0
240000,2,1,43,0,0,0,0,0,0,0,0,0,0,0,0,0,0,0,0,0,0,0.0,0.0,0.0,0.0,0,0,0.0,0.0,0.0,6
250000,2,1,32,0,0,0,0,0,0,79319,0,0,174749,171541,175042,0,0,174749,0,3501,146794,0.317276,0.400434,0.20399901546856375,0.0,0,0,0.0,-0.382892,54174.0,3
50000,2,2,23,2,2,0,0,0,0,51246,49758,48456,44116,21247,20066,8,2401,2254,2004,704,707,1.02492,0.7829633333333332,0.046039701689476936,0.00016077493518760425,2,2,1.3333333333333333,0.6236,1346.3333333333333,0
340000,1,1,39,0,0,2,2,0,0,177237,188765,193224,192578,195073,206924,16100,9000,4000,7200,15200,0,0.521285294117647,0.565588725490196,0.052600988114468096,0.08529078329783965,2,2,0.0,-0.08731470588235295,8583.333333333334,1
100000,3,1,36,2,2,2,2,2,2,92675,92857,80748,80708,75366,76590,3445,709,6077,2805,2906,0,0.92675,0.8315733333333333,0.03926696471791901,0.03709965754162269,6,2,0.0,0.16085,2657.0,1
200000,2,2,28,1,2,2,2,2,2,171468,167214,180484,176111,184620,189518,0,16000,0,13000,8000,0,0.85734,0.8911791666666667,0.040255335539629636,0.0,6,2,-0.33333333333333326,-0.09025,6166.666666666667,3
210000,1,1,33,0,0,0,0,0,0,1345,6087,947,500,1283,500,6087,947,500,1283,500,500,0.006404761904761904,0.008461904761904762,0.9988020115912072,0.9998357424441524,0,0,0.0,0.004023809523809524,1636.1666666666667,0
80000,2,1,35,0,0,0,0,0,0,390,0,1151,10312,12238,8279,0,1151,10312,12238,5000,3000,0.004875,0.0674375,0.7205636015453182,0.0,0,0,0.0,-0.0986125,5283.5,1
280000,1,1,57,0,0,0,2,2,3,929,1669,5707,4795,5328,4969,1669,4795,0,4115,0,0,0.003317857142857143,0.013926785714285714,0.5223280311722774,0.9994011976047904,3,3,-2.3333333333333335,-0.014428571428571428,1763.1666666666667,3
560000,2,1,45,0,0,0,0,0,0,374663,382010,379652,387706,334908,341884,13195,13510,14292,11553,12130,11703,0.6690410714285714,0.6550068452380952,0.03539292192407008,0.03454089018379052,0,0,0.0,0.05853392857142857,12730.5,0
160000,2,2,37,2,2,2,2,2,2,144255,147333,143786,151842,147962,156921,6900,200,12000,0,11500,5811,0.90159375,0.9292697916666666,0.040107425464273684,0.046832367274356225,6,2,0.0,-0.0791625,6068.5,1
50000,2,2,31,0,0,0,0,0,0,9514,2067,-6,-409,793,2385,2100,405,0,2385,2385,3000,0.19028,0.049196666666666666,2.003766622772429,1.0154738878143132,0,0,0.0,0.14258,1712.5,1
150000,1,1,42,0,2,2,0,0,0,496,1188,940,965,965,726,940,0,965,0,726,0,0.0033066666666666665,0.005866666666666667,0.5576339214180994,0.7905803195962994,2,2,1.3333333333333333,-0.0015333333333333334,438.5,3
20000,2,2,52,0,0,0,2,2,0,13874,14488,16029,15470,0,0,1238,2559,0,0,0,0,0.6937,0.4988416666666667,0.04901646168902973,0.08544413002967768,2,2,-1.3333333333333333,0.6937,632.8333333333334,4
30000,3,1,32,0,0,0,2,0,0,27395,25947,30473,27940,28397,29009,2000,5303,0,1200,1200,1200,0.9131666666666667,0.9397833333333333,0.06694319396876391,0.07707723138584863,1,2,-0.6666666666666666,-0.0538,1817.1666666666667,1
340000,1,1,42,0,0,0,0,0,0,6888,2913,340,2823,13045,14006,2913,340,2823,13062,14016,4513,0.020258823529411763,0.019615196078431374,0.9996478271128781,0.9996568291008923,0,0,0.0,-0.02093529411764706,6277.833333333333,0
330000,2,1,43,1,0,0,0,0,0,-58,22301,0,0,0,0,22359,5895,0,0,0,0,0.0,0.011263131313131313,1.2005111649179445,1.0025558245897228,1,1,0.3333333333333333,0.0,4709.0,4
110000,2,2,29,0,0,0,0,0,0,56073,59635,63179,66637,68037,70448,4500,4500,4500,2500,3500,5800,0.5097545454545455,0.5818318181818182,0.060127477604659495,0.07545777718156818,0,0,0.0,-0.13068181818181818,4216.666666666667,0
30000,2,1,48,0,0,0,0,0,0,27879,28870,27806,25142,25667,26179,1774,1710,1046,1079,1089,2244,0.9293,0.897461111111111,0.04963530013126128,0.061445741401406254,0,0,0.0,0.056666666666666664,1490.3333333333333,0
30000,3,2,58,0,0,0,0,0,0,24874,25961,27534,27670,28717,28786,1500,2000,1500,1500,1100,1300,0.8291333333333334,0.9085666666666666,0.05501273968011411,0.05777675063554426,0,0,0.0,-0.1304,1483.3333333333333,0
30000,3,1,36,2,0,0,0,0,0,7109,7963,9152,10282,10180,10394,1132,1321,1451,349,362,343,0.23696666666666666,0.306,0.09933490993400412,0.14213962832747362,1,2,0.6666666666666666,-0.1095,826.3333333333334,0
290000,1,1,38,0,0,0,0,0,0,2500,0,0,0,0,0,0,0,0,0,0,0,0.008620689655172414,0.0014367816091954023,0.0,0.0,0,0,0.0,0.008620689655172414,0.0,6
50000,1,1,50,2,2,2,2,2,2,38483,39511,40582,41316,41998,42674,1960,2000,1700,1662,1493,0,0.76966,0.8152133333333332,0.04291798373199714,0.04960518323547277,6,2,0.0,-0.08382,1469.1666666666667,1
130000,2,2,42,0,0,0,0,0,0,49363,47432,94050,21000,858,2160,5026,5000,21000,858,2160,200,0.3797153846153846,0.2754653846153846,0.6314896243202102,0.1059599856639892,0,0,0.0,0.3631,5707.333333333333,0
60000,1,2,28,0,0,0,0,0,2,2295,5293,13421,9900,310,160,6000,10000,900,310,0,3400,0.03825,0.08716388888888889,0.593217688373401,1.1333585190782018,1,2,-0.6666666666666666,0.035583333333333335,3435.0,1
60000,2,2,32,0,0,0,0,0,0,60745,61085,56863,18473,15434,7301,2613,5900,1000,428,1000,2000,1.0124166666666667,0.610836111111111,0.07306803731190212,0.042775758766329434,0,0,0.0,0.8907333333333334,2156.8333333333335,0
160000,2,1,62,0,0,0,0,0,0,0,0,0,0,0,0,0,0,0,0,0,0,0.0,0.0,0.0,0.0,0,0,0.0,0.0,0.0,6
270000,1,2,27,0,0,0,0,0,0,200750,204418,197854,173743,149095,145068,9500,8929,7265,5400,5300,5100,0.7435185185185185,0.6610666666666667,0.04123383834149304,0.046473175194086655,0,0,0.0,0.20622962962962962,6915.666666666667,0
50000,3,1,57,0,0,0,0,0,0,3964,1690,3780,1468,1468,1644,1690,3780,1468,1468,1644,1363,0.07928,0.04671333333333333,0.9994349561049223,0.9994086339444116,0,0,0.0,0.0464,1902.1666666666667,0
300000,2,1,30,0,0,0,0,0,0,900,195,1442,1740,3871,606,195,1542,1748,3890,608,4059,0.003,0.004863333333333333,1.0147643824701413,0.9948979591836735,0,0,0.0,0.00098,2007.0,0
350000,1,2,32,0,0,0,0,0,0,15179,4981,19194,4389,1717,4066,4983,15084,2028,1725,4086,2476,0.04336857142857143,0.023583809523809524,0.8513471233831404,1.000200722601365,0,0,0.0,0.03175142857142857,5063.666666666667,0
500000,2,1,39,0,0,0,0,0,0,1777,23800,297,9342,3518,5597,23800,297,9342,3518,5597,717,0.003554,0.014777,0.9992064882783046,0.9999579849586152,0,0,0.0,-0.00764,7211.833333333333,0
200000,3,2,61,0,0,0,0,0,0,3030,7277,6655,3455,0,1930,7007,6655,3455,0,1930,5450,0.01515,0.0186225,0.79236140742273,0.9627644957405881,0,0,0.0,0.0055,4082.8333333333335,1
180000,1,2,29,0,0,0,0,0,0,134797,134041,132295,130166,129158,127963,5000,4600,4600,4700,4972,5000,0.7488722222222223,0.7300185185185186,0.036531081692218276,0.03730174124528133,0,0,0.0,0.03796666666666667,4812.0,0
130000,1,2,32,0,0,0,0,0,0,126080,129104,130745,127344,127809,119976,7000,8000,5000,4500,4500,5000,0.9698461538461538,0.9757153846153847,0.045477178784097884,0.054219433794198524,0,0,0.0,0.04695384615384615,5666.666666666667,0
50000,3,2,49,0,0,0,2,0,0,26116,27192,29535,28761,29298,30111,1500,2803,0,1000,1300,1200,0.52232,0.5700433333333333,0.04547308146348361,0.05516125473467436,1,2,-0.6666666666666666,-0.0799,1300.5,1
130000,3,1,44,0,0,0,0,0,0,129329,123615,107284,54656,22534,8754,4505,3577,1231,2534,5012,2531,0.9948384615384616,0.5720153846153846,0.15544541107671148,0.03644350245922858,0,0,0.0,0.9275,3231.6666666666665,0
280000,2,2,50,0,0,0,0,0,0,9173,11564,6781,5725,3989,2599,11574,7104,5857,3989,2599,27192,0.03276071428571429,0.023708928571428572,1.0140999375874116,1.0007782101167315,0,0,0.0,0.02347857142857143,9719.166666666666,0
80000,1,2,29,0,0,0,0,0,0,48164,49388,51760,52650,55477,55020,2000,3305,3000,7767,7007,5000,0.60205,0.65095625,0.08573556016069646,0.04049484703071534,0,0,0.0,-0.0857,4679.833333333333,0
80000,2,2,30,1,2,0,0,0,0,6393,6148,7311,7303,7456,7605,0,1266,258,267,269,278,0.0799125,0.08795,0.055927050737190544,0.0,2,2,1.0,-0.01515,389.6666666666667,1
80000,4,1,29,0,0,0,0,0,0,80534,78179,79348,81099,80540,67069,3006,2641,2827,2671,2611,2417,1.006675,0.9724354166666666,0.03573679692931117,0.03844973138910207,0,0,0.0,0.1683125,2695.5,0
150000,3,2,44,0,0,0,0,0,0,151009,148047,147851,151310,107033,109350,6913,5937,6500,4000,4000,4000,1.0067266666666668,0.9051111111111111,0.040751594883432586,0.04669431535718145,0,0,0.0,0.2777266666666667,5225.0,0
100000,3,1,39,1,0,0,0,0,0,-5,580,2207,630,540,0,585,2207,630,540,0,0,0.0,0.006595,0.8005997136286759,1.0068846815834767,1,1,0.3333333333333333,0.0,660.3333333333334,2
190000,2,2,41,0,0,0,0,0,0,33798,34931,36064,37160,38237,39464,2000,2000,2000,2000,2000,2000,0.17788421052631578,0.19267894736842106,0.05390223857209194,0.057254093667697244,0,0,0.0,-0.029821052631578946,2000.0,0
210000,2,1,34,0,0,0,0,0,0,128553,109234,87567,83716,69925,64108,3762,3808,4177,2594,2442,2319,0.6121571428571428,0.431034126984127,0.04060154749801725,0.03443951114569506,0,0,0.0,0.30688095238095237,3183.6666666666665,0
80000,2,2,36,0,0,2,2,2,2,47502,50423,49311,52584,53589,54748,4000,0,4100,2000,2200,2200,0.593775,0.64199375,0.046960016993308575,0.07932730445819451,4,2,-1.3333333333333335,-0.090575,2416.6666666666665,1
230000,1,2,37,1,0,0,0,0,2,-152,-152,-152,-152,42668,130,0,0,0,42820,0,1000,0.0,0.03101304347826087,0.20070777379362065,0.0,2,2,-0.3333333333333333,-0.0005652173913043478,7303.333333333333,4
80000,3,1,29,1,2,0,0,0,0,80867,75615,77343,78883,79915,80296,0,3000,2744,3022,6000,2800,1.0108375,0.9852479166666666,0.03722206110545786,0.0,2,2,1.0,0.0071375,2927.6666666666665,1
100000,2,2,25,0,0,0,0,0,0,86098,85014,86735,87321,82289,83850,3200,3155,3504,3001,3301,2839,0.86098,0.8521783333333333,0.03799570872673062,0.03764041639710639,0,0,0.0,0.02248,3166.6666666666665,0
500000,2,1,42,0,0,0,0,0,0,149838,0,0,0,0,0,0,0,0,0,0,0,0.299676,0.049946,0.0,0.0,0,0,0.0,0.299676,0.0,6
300000,1,2,33,1,0,0,0,0,0,0,0,12351,6417,5245,12082,0,12351,0,5245,7000,0,0.0,0.020052777777777777,0.5158109492536823,0.0,1,1,0.3333333333333333,-0.040273333333333335,4099.333333333333,3
80000,2,2,28,0,0,0,0,0,0,49302,35916,25528,26034,26615,28173,1412,1425,931,1000,2000,2000,0.616275,0.3991,0.04789002163254149,0.03931286020547373,0,0,0.0,0.2641125,1461.3333333333333,0
20000,2,2,23,2,2,0,0,0,0,12492,11995,13324,14029,14308,14625,0,1528,1233,512,547,3880,0.6246,0.6731083333333333,0.0551471210966384,0.0,2,2,1.3333333333333333,-0.10665,1283.3333333333333,1
350000,1,2,30,0,0,0,0,0,0,951,601,714,263,900,1271,605,716,263,900,1271,1218,0.002717142857142857,0.0022380952380952382,1.00013961397592,1.004983388704319,0,0,0.0,-0.0009142857142857143,828.8333333333334,0
80000,3,2,27,0,0,0,0,0,0,1672,0,1672,836,0,2902,0,1672,836,0,2902,836,0.0209,0.014754166666666665,0.599572611400384,0.0,0,0,0.0,-0.015375,1041.0,2
200000,1,1,45,0,0,0,0,0,0,69288,0,1800,1795,58932,29331,0,1800,2000,60000,29331,0,0.34644,0.13428833333333334,0.8262203425168471,0.0,0,0,0.0,0.199785,15521.833333333334,2
10000,2,1,40,1,0,0,0,0,0,0,1912,3071,4012,9882,5857,1912,1200,1000,1000,1000,0,0.0,0.4122333333333333,0.38223659396399545,0.9994772608468374,1,1,0.3333333333333333,-0.5857,1018.6666666666666,1
100000,2,1,24,1,2,2,2,2,2,13233,13427,13609,14683,15001,15306,700,700,1300,700,700,0,0.13233,0.14209833333333333,0.05689710796487411,0.052129877867143286,6,2,-0.33333333333333326,-0.02073,683.3333333333334,1
400000,1,1,44,0,0,0,0,0,0,18432,24198,22584,22655,23417,16845,6838,2159,1000,3000,1008,1000,0.04608,0.05338791666666667,0.12204984935788281,0.28257366006859785,0,0,0.0,0.0039675,2500.8333333333335,0
50000,2,1,49,1,2,0,0,0,0,16747,16181,17912,19606,20969,25302,0,2000,2000,2000,5000,0,0.33494,0.38905666666666666,0.10132690279915053,0.0,2,2,1.0,-0.1711,1833.3333333333333,2
90000,1,2,23,0,0,0,0,2,0,60374,57829,59492,68365,66832,69248,3000,2600,10000,0,3500,4000,0.6708222222222222,0.7076666666666667,0.05847851877742886,0.05187618882932734,1,2,-0.6666666666666666,-0.0986,3850.0,1
400000,1,2,32,0,0,0,0,0,0,46782,48075,48815,49831,50821,51884,2036,1776,1792,1782,1844,1856,0.116955,0.12342,0.037059129549586255,0.04234961311257176,0,0,0.0,-0.012755,1847.6666666666667,0
100000,3,2,39,0,0,0,0,0,0,1130,600,0,660,2030,3170,600,0,660,2030,3170,1152,0.0113,0.01265,0.7992031041924732,0.9983361064891847,0,0,0.0,-0.0204,1268.6666666666667,1
50000,2,1,28,0,0,0,0,0,0,45797,47226,48065,49158,50646,12927,2500,1900,1898,2386,629,792,0.91594,0.8460633333333333,0.04536773751369352,0.05293582061109111,0,0,0.0,0.6574,1684.1666666666667,0
200000,1,2,30,0,0,0,0,0,0,4935,-200,11463,11751,11772,5318,0,11663,9363,3232,3000,1000,0.024675,0.037699166666666666,0.5305232784089196,0.0,0,0,0.0,-0.001915,4709.666666666667,1
50000,1,2,29,0,0,2,2,2,2,10532,13145,12637,13922,13556,14528,2800,0,1500,0,1200,0,0.21064,0.26106666666666667,0.08066427618719518,0.21299254526091588,4,2,-1.3333333333333335,-0.07992,916.6666666666666,3
330000,1,2,32,0,0,0,0,0,0,12118,11176,9369,7061,23421,21240,2000,1114,1493,20000,1000,700,0.03672121212121212,0.04261868686868687,0.28204379436257293,0.17893889236825625,0,0,0.0,-0.027642424242424243,4384.5,0
50000,2,1,49,2,0,0,0,0,0,19169,20195,21207,21628,22233,22519,1341,1353,774,953,805,832,0.38338,0.42317,0.048917908459647705,0.06639928698752229,1,2,0.6666666666666666,-0.067,1009.6666666666666,0
100000,2,2,30,0,0,0,0,0,0,27869,29329,30294,31734,32323,33648,3500,3000,3500,1500,2000,2300,0.27869,0.30866166666666667,0.08689771752872852,0.11933174224343675,0,0,0.0,-0.05779,2633.3333333333335,0
20000,2,1,22,2,0,0,0,0,2,14414,15424,16448,17462,18305,17871,1554,1578,1592,1435,0,1663,0.7207,0.8327,0.073246440226404,0.10074554294975689,2,2,0.0,-0.17285,1303.6666666666667,1
200000,1,2,28,0,0,0,0,0,0,105051,99648,144932,134530,129395,124561,32000,60000,6305,4300,4500,4500,0.525255,0.6150975,0.17026719580942867,0.32112715631867855,0,0,0.0,-0.09755,18600.833333333332,0
60000,2,1,49,1,0,0,0,0,0,0,0,0,0,0,0,0,0,0,0,0,0,0.0,0.0,0.0,0.0,1,1,0.3333333333333333,0.0,0.0,6
250000,1,2,32,0,0,0,0,0,0,165,165,165,165,165,315,165,165,165,165,315,130,0.00066,0.00076,0.9945478114991613,0.9939759036144579,0,0,0.0,-0.0006,184.16666666666666,0
160000,2,2,30,0,0,0,0,0,0,584,4572,7379,669,21381,200,4572,7379,669,21581,0,1100,0.00365,0.036234375,0.8014920360299781,0.999781325169473,0,0,0.0,0.0024,5883.5,1
220000,1,2,29,0,0,0,0,0,0,0,799,0,5501,3816,15448,799,0,5501,3816,15448,4179,0.0,0.019366666666666667,0.7996483065896813,0.99875,0,0,0.0,-0.07021818181818182,4957.166666666667,1
200000,2,2,31,0,0,0,0,0,0,173103,176817,180416,184018,188151,199766,6500,6546,6600,7100,15000,0,0.865515,0.9185591666666667,0.04434647234459438,0.03676096325034781,0,0,0.0,-0.133315,6957.666666666667,1
80000,2,1,38,0,0,0,0,0,0,74236,63120,53897,54292,55430,57011,2125,2000,2000,2010,2500,1336,0.92795,0.7458041666666667,0.03754430089788259,0.033665499596014004,0,0,0.0,0.2153125,1995.1666666666667,0
260000,3,1,54,0,0,0,0,0,0,9760,5465,2504,15809,3756,9560,5484,2504,16593,3764,11092,963,0.03753846153846154,0.030034615384615385,1.0428824763770177,1.0032930845225028,0,0,0.0,0.0007692307692307692,6733.333333333333,0
80000,2,2,49,0,0,0,0,0,0,390,390,390,390,780,390,390,390,390,780,0,390,0.004875,0.0056875,0.7982093911995572,0.9974424552429667,0,0,0.0,0.0,390.0,1
390000,2,2,28,0,0,0,0,0,0,19081,1170,6512,14122,7894,3927,1170,6512,14122,0,3927,200,0.04892564102564102,0.022523931623931626,0.7997334201977437,0.9991460290350128,0,0,0.0,0.038856410256410255,4321.833333333333,1
390000,1,1,39,0,0,0,0,0,0,42721,22836,24266,6088,2500,828,12041,24353,6118,2550,828,0,0.10954102564102564,0.042409829059829054,0.9107901762310421,0.527258396461882,0,0,0.0,0.10741794871794871,7648.333333333333,1
390000,1,2,30,0,0,0,0,0,0,7650,8500,4090,8342,7611,8018,3031,2010,6500,2000,1000,1000,0.019615384615384614,0.018893589743589744,0.40288236355966395,0.35654628867192095,0,0,0.0,-0.0009435897435897436,2590.1666666666665,0
290000,2,2,30,2,2,0,0,0,2,270131,213484,197238,202680,133478,131024,0,9000,10500,17000,0,3500,0.9314862068965517,0.6597902298850574,0.044959265193955864,0.0,3,2,0.6666666666666666,0.4796793103448276,6666.666666666667,2
170000,2,1,39,0,0,0,0,0,0,91289,74457,64374,63936,60750,54248,2486,2430,2224,1957,1917,3000,0.5369941176470588,0.40103333333333335,0.034694056443485,0.03338795025383438,0,0,0.0,0.21788823529411766,2335.6666666666665,0
20000,3,1,36,0,0,0,2,0,0,626,626,1252,626,626,776,626,1252,0,626,776,626,0.0313,0.03776666666666667,0.798945024290511,0.9984051036682615,1,2,-0.6666666666666666,-0.0075,651.0,1
100000,2,2,29,1,3,3,2,2,2,99679,101249,98768,96287,102069,81931,4000,0,0,7629,0,18895,0.99679,0.9666383333333333,0.022849799278394034,0.03950617283950617,6,3,0.3333333333333335,0.17748,5087.333333333333,3
200000,1,2,31,1,0,0,0,0,0,0,0,50307,28281,42163,0,0,50307,28281,42163,5040,3036,0.0,0.10062583333333334,1.5999842094704968,0.0,1,1,0.3333333333333333,0.0,21471.166666666668,1
200000,1,2,26,0,0,0,0,0,0,32938,25985,19496,16104,28666,18215,3000,1241,5000,16831,1000,1000,0.16469,0.11783666666666666,0.2263156120764212,0.11544677903486493,0,0,0.0,0.073615,4678.666666666667,0
230000,1,1,34,2,2,2,2,2,2,186163,190784,195724,198707,201634,205949,9000,9300,7500,7500,7500,7500,0.809404347826087,0.8543195652173913,0.041209104258756964,0.04717351993081217,6,2,0.0,-0.08602608695652174,8050.0,0
220000,4,2,23,0,0,0,0,0,0,181870,186428,190995,165452,170786,174213,7500,7500,7000,8000,8000,158956,0.8266818181818182,0.8104121212121211,0.04291364508058515,0.04022979257518948,0,0,0.0,0.034804545454545456,32826.0,0
360000,1,2,30,0,0,0,0,0,0,30627,4297,2720,2040,2722,5057,4318,2740,2050,2736,5273,5105,0.085075,0.02197361111111111,1.012665344619336,1.004653327128897,0,0,0.0,0.07102777777777777,3703.6666666666665,0
220000,1,2,33,0,0,0,0,0,0,3217,11428,16838,22237,10684,4262,11435,16876,22237,10684,4262,6500,0.014622727272727273,0.05201969696969697,1.0004698253262356,1.0005249803132383,0,0,0.0,-0.00475,11999.0,0
180000,1,2,25,0,0,0,0,0,0,112403,83515,71259,66661,62770,58067,3500,3500,3000,3000,2300,2400,0.6244611111111111,0.4209953703703704,0.04468574125467052,0.04190813736290052,0,0,0.0,0.30186666666666667,2950.0,0
150000,1,2,27,0,0,0,0,0,0,51032,69242,65366,62283,60942,55878,30000,20142,3759,7022,20000,10000,0.3402133333333333,0.40527,0.2549770271986042,0.4332567913002036,0,0,0.0,-0.032306666666666664,15153.833333333334,0
180000,2,1,39,1,0,0,0,0,0,0,0,0,0,0,0,0,0,0,0,0,0,0.0,0.0,0.0,0.0,1,1,0.3333333333333333,0.0,0.0,6
210000,2,1,39,0,0,0,0,0,0,26749,34451,25200,19850,15530,13021,14000,3007,5000,1000,13021,22171,0.12737619047619048,0.10698492063492063,0.3683740356370165,0.4063624753279926,0,0,0.0,0.06537142857142857,9699.833333333334,0
200000,1,2,26,0,0,0,0,0,0,200849,146340,146660,145623,144166,145141,80000,4600,6000,4700,4800,5000,1.004245,0.7739825,0.13698147755507578,0.5466683977832596,0,0,0.0,0.27854,17516.666666666668,0
70000,1,1,45,1,2,2,0,0,0,69794,70756,65348,58253,35943,27930,3000,0,3000,5943,10000,2249,0.9970571428571429,0.7810095238095238,0.1234525809104535,0.04239863193747615,3,2,1.6666666666666667,0.5980571428571428,4032.0,1
50000,1,1,49,0,0,0,0,0,0,44767,45719,45665,49287,48290,50000,5001,2007,5003,303,3000,0,0.89534,0.94576,0.06422228946822825,0.10938320209973754,0,0,0.0,-0.10466,2552.3333333333335,1
30000,2,1,48,2,2,3,2,2,2,10509,12727,12240,11747,12651,12305,2700,0,0,1100,0,1100,0.3503,0.4009944444444445,0.05981470224645309,0.21213073538654934,6,3,0.3333333333333335,-0.059866666666666665,816.6666666666666,3
100000,2,2,24,0,0,0,0,0,0,7094,8249,7911,17716,1002,1518,1439,2000,10070,1002,1000,500,0.07094,0.07248333333333333,0.5305832637043741,0.17442424242424243,0,0,0.0,0.05576,2668.5,0
30000,2,3,41,1,2,2,2,2,2,8055,9263,8973,10337,10022,10924,1500,0,1675,0,1065,0,0.2685,0.31985555555555556,0.08428470764366955,0.16191709844559585,6,2,-0.33333333333333326,-0.09563333333333333,706.6666666666666,3
250000,2,2,25,0,0,0,0,0,3,25823,26114,27446,28371,4715,4358,1500,1575,1500,1000,0,0,0.103292,0.07788466666666667,0.07594694108650543,0.05743825387708214,1,3,-1.0,0.08586,929.1666666666666,2
340000,1,2,37,0,0,0,0,0,0,334125,335778,343792,301895,198944,197439,13562,15000,12000,8120,7720,4000,0.9827205882352941,0.8392024509803921,0.04073702829208179,0.040389661056826065,0,0,0.0,0.40201764705882354,10067.0,0
420000,2,2,31,0,0,0,0,0,0,50771,48196,46932,45546,46369,42651,1862,2010,1700,1622,1520,1316,0.12088333333333333,0.11129563492063492,0.03788019287908275,0.03863310994460236,0,0,0.0,0.019333333333333334,1671.6666666666667,0
140000,2,1,52,0,0,0,0,0,0,850,12340,14910,44967,11669,5169,12340,14910,44967,11669,5169,17953,0.006071428571428571,0.1070297619047619,0.9999101106539277,0.9999189692893606,0,0,0.0,-0.03085,17834.666666666668,0
50000,2,2,47,0,0,0,0,0,0,37486,35996,36679,16707,17057,17423,1800,2021,650,619,650,1000,0.74972,0.5378266666666667,0.043519731598833336,0.05000416701391783,0,0,0.0,0.40126,1123.3333333333333,0
260000,1,3,41,0,0,0,0,0,0,253795,253126,253218,249770,243277,240576,9269,9090,9034,8521,10067,8100,0.9761346153846154,0.9575397435897436,0.037111179358629745,0.036617982277670894,0,0,0.0,0.050842307692307694,9013.5,0
260000,3,1,65,0,0,0,0,0,0,225028,188891,174617,178214,182251,186144,8165,6500,6500,7000,7000,7500,0.8654923076923077,0.7276570512820513,0.038587224173432466,0.04322575863456367,0,0,0.0,0.14955384615384615,7110.833333333333,0
280000,2,2,32,0,0,0,0,0,0,0,0,0,0,0,0,0,0,0,0,0,0,0.0,0.0,0.0,0.0,0,0,0.0,0.0,0.0,6
200000,2,1,39,0,0,0,0,0,0,2485,3788,5512,1986,2504,13484,3798,5512,1996,2504,13484,10075,0.012425,0.024799166666666664,1.0012499981541838,1.002375296912114,0,0,0.0,-0.054995,6228.166666666667,0
20000,2,1,43,0,0,0,0,0,0,14102,14870,16116,16436,16781,17112,1300,1500,588,610,611,788,0.7051,0.7951416666666667,0.05766263320074481,0.08741846546970614,0,0,0.0,-0.1505,899.5,0
20000,2,2,24,0,0,0,0,4,3,5212,6462,7846,10715,10406,9953,1500,1500,3000,0,0,0,0.2606,0.4216166666666667,0.14064028468431883,0.23209036051369333,2,4,-2.3333333333333335,-0.23705,1000.0,3
50000,3,1,32,0,0,0,0,0,0,47974,43680,22133,12882,8131,3983,3000,2871,1000,163,3983,3771,0.95948,0.46261,0.2591609264690933,0.06867974634280351,0,0,0.0,0.87982,2464.6666666666665,0
120000,1,1,32,0,0,0,0,0,2,3556,326,326,476,802,326,652,326,476,802,0,326,0.029633333333333334,0.008072222222222222,0.9974967844004482,1.9938837920489296,1,2,-0.6666666666666666,0.026916666666666665,430.3333333333333,1
170000,1,2,29,0,0,0,0,0,0,175349,165527,147798,120811,117680,118907,5800,6520,5700,4300,4500,4500,1.031464705882353,0.8294823529411764,0.040143588117841,0.03503938910637475,0,0,0.0,0.33201176470588234,5220.0,0
400000,1,1,35,0,0,0,0,0,0,2240,12165,7062,8833,7659,5676,12245,7135,8891,7704,5728,4070,0.0056,0.01818125,1.007573512343202,1.0064935064935066,0,0,0.0,-0.00859,7628.833333333333,0
70000,2,2,46,0,0,0,0,0,0,86919,83200,80389,75854,33563,34563,3000,3815,3064,1000,1000,34000,1.2417,0.9392571428571429,0.036526385658120726,0.03605725892717636,0,0,0.0,0.7479428571428571,7646.5,0
40000,3,2,23,2,2,2,0,0,0,34415,35170,34305,34985,35719,36428,1600,0,1250,1296,1302,1348,0.860375,0.8792583333333334,0.03064871053289947,0.04549202467942339,3,2,2.0,-0.050325,1132.6666666666667,1
10000,3,2,41,2,2,2,0,0,2,3983,4764,5528,7420,8298,8019,1000,1000,2000,1000,0,1390,0.3983,0.6335333333333333,0.15614600479458518,0.2098635886673662,4,2,1.3333333333333335,-0.4036,1065.0,1
500000,1,1,46,0,0,0,0,0,0,991,4073,6738,2500,0,0,4082,6738,2510,0,0,1000,0.001982,0.004767333333333333,0.6010827685347394,1.0019636720667648,0,0,0.0,0.001982,2388.3333333333335,2
240000,2,1,33,0,0,0,0,0,0,8383,3470,2220,2220,3356,2220,3470,2220,2220,3356,2220,3829,0.034929166666666664,0.015186805555555556,0.9996126541326639,0.9997118985883031,0,0,0.0,0.025679166666666666,2885.8333333333335,0
430000,2,2,42,0,0,0,0,0,0,59648,52811,45441,39174,28261,25411,2035,1587,1161,1943,995,606,0.13871627906976744,0.09718837209302325,0.042199416695467264,0.03853290918730592,0,0,0.0,0.07962093023255815,1387.8333333333333,0
80000,3,1,50,0,0,0,2,2,2,67328,69356,73445,74645,73330,78032,3113,5850,3000,0,6103,0,0.8416,0.9086166666666666,0.048586853797602726,0.044883717577173174,3,2,-2.0,-0.1338,3011.0,2
200000,3,2,45,0,0,0,0,0,0,0,10221,1356,0,984,134,10221,1356,0,984,134,81,0.0,0.010579166666666667,0.7981485232553569,0.9999021717863432,0,0,0.0,-0.00067,2129.3333333333335,1
110000,2,2,26,2,0,0,0,0,2,28290,30516,39584,43581,48458,17129,3000,10000,5000,6000,0,2000,0.2571818181818182,0.3144818181818182,0.11789381542570883,0.09830586230625553,2,2,0.0,0.10146363636363637,4333.333333333333,1
60000,4,2,23,0,0,0,0,0,0,5363,262,-144,450,202,196,1000,0,1000,0,400,300,0.08938333333333333,0.017980555555555555,1.6100066243669802,3.802281368821293,0,0,0.0,0.08611666666666666,450.0,2
80000,1,2,27,0,0,0,0,0,0,825,825,-6042,-6867,-8692,54375,825,0,0,0,150000,10000,0.0103125,0.11671875,0.7514718607162182,0.9987893462469734,0,0,0.0,-0.669375,26804.166666666668,3
300000,3,1,44,0,0,0,0,0,0,530,25576,1561,2106,2656,4274,25576,1561,2106,2656,4274,4310,0.0017666666666666666,0.020390555555555558,0.9996471613220643,0.999960902373226,0,0,0.0,-0.01248,6747.166666666667,0
240000,2,1,37,0,0,0,0,0,0,51277,51999,52613,21696,22807,22877,10006,10000,10000,22807,10000,11109,0.21365416666666667,0.15504791666666667,0.45608741402172603,0.19242307692307692,0,0,0.0,0.11833333333333333,12320.333333333334,0
20000,2,2,53,2,4,4,3,3,2,17474,18396,17826,18547,19118,18679,1500,0,1300,1170,0,1600,0.8737,0.917,0.04256382427038684,0.0815350328857966,6,4,0.666666666666667,-0.06025,928.3333333333334,2
240000,2,1,37,0,0,0,0,0,0,219099,217058,187841,186140,191678,191816,8131,8123,6700,10000,7700,6000,0.9129125,0.828911111111111,0.041802170794536166,0.037459861143744326,0,0,0.0,0.11367916666666666,7775.666666666667,0
200000,2,1,33,0,0,0,0,0,0,23762,25944,26988,25237,22131,13774,4000,2000,600,3000,4000,100,0.11881,0.11486333333333335,0.1355963372867483,0.15417228753131623,0,0,0.0,0.04994,2283.3333333333335,0
300000,3,1,35,0,0,0,0,0,0,0,0,0,0,0,0,0,0,0,0,0,0,0.0,0.0,0.0,0.0,0,0,0.0,0.0,0.0,6
90000,2,1,55,2,2,0,0,0,0,81998,83674,80890,31565,33049,22694,4003,3000,3000,3000,2000,2000,0.9110888888888888,0.6182777777777778,0.07177249253281494,0.04783985658798924,2,2,1.3333333333333333,0.6589333333333334,2833.8333333333335,0
170000,1,1,35,0,0,0,0,0,0,736,316,1970,1132,1132,1397,1289,1970,1132,1132,1397,1397,0.004329411764705882,0.006551960784313725,1.6126516334924275,4.066246056782334,0,0,0.0,-0.003888235294117647,1386.1666666666667,0
20000,2,2,23,1,2,2,2,2,0,4673,6433,6181,6778,6524,8408,2000,0,700,0,2000,2000,0.23365,0.324975,0.13038981873315506,0.3108486167236556,5,2,0.3333333333333335,-0.18675,1116.6666666666667,2
130000,1,1,45,2,0,0,2,2,2,53709,55244,58716,57174,61240,61284,3000,5000,0,5000,1200,3000,0.41314615384615383,0.4453423076923077,0.04813661375684707,0.054303556882975834,4,2,-1.3333333333333335,-0.05826923076923077,2866.6666666666665,1
180000,3,1,39,2,2,2,2,2,0,10159,12689,12183,13979,13621,14809,2710,0,2000,0,2000,2000,0.056438888888888886,0.0717037037037037,0.09833187704550231,0.21355397951142632,5,2,0.6666666666666667,-0.025833333333333333,1451.6666666666667,2
80000,3,1,29,0,0,0,0,0,0,42488,43805,45126,45775,48033,56981,2000,2051,1700,3000,10000,2200,0.5311,0.5879333333333333,0.07323849922180577,0.045655846231109895,0,0,0.0,-0.1811625,3491.8333333333335,0
400000,1,2,32,0,0,0,0,0,0,71991,80225,41429,25858,10219,15967,10242,10268,3000,4000,6070,2007,0.1799775,0.10237041666666666,0.2526085095748404,0.12766434821628897,0,0,0.0,0.14006,5931.166666666667,0
110000,1,2,29,0,0,0,0,0,0,18166,18364,19742,23886,29949,34969,3000,3500,5500,10000,6000,10000,0.16514545454545454,0.2198121212121212,0.21526968911905003,0.16335420637081405,0,0,0.0,-0.15275454545454545,6333.333333333333,0
270000,2,1,36,1,2,0,0,0,0,5714,3548,11419,20787,23471,25987,0,11000,10000,5000,5000,3000,0.021162962962962963,0.05612716049382716,0.36993708669599284,0.0,2,2,1.0,-0.07508518518518519,5666.666666666667,1
140000,2,1,29,0,0,0,0,0,0,3300,1300,3074,594,0,0,1300,3668,0,0,0,0,0.023571428571428573,0.009842857142857143,0.43841537778944273,0.9992313604919293,0,0,0.0,0.023571428571428573,828.0,4
90000,2,1,49,1,0,0,0,0,0,0,0,0,2146,2452,6990,0,0,2146,2452,6990,3550,0.0,0.021459259259259258,0.5997967057354098,0.0,1,1,0.3333333333333333,-0.07766666666666666,2523.0,2
50000,2,2,26,0,0,0,0,0,0,46008,3756,195,4226,8956,9361,1007,1000,4226,5000,700,600,0.92016,0.24167333333333332,1.3801578796102596,0.2680330050572265,0,0,0.0,0.73294,2088.8333333333335,0
50000,3,2,26,2,0,0,2,2,2,41827,42650,45930,44891,47654,48721,1800,4000,0,3500,2000,0,0.83654,0.9055766666666667,0.04875678325164072,0.0422029964127453,4,2,-1.3333333333333335,-0.13788,1883.3333333333333,2
100000,1,2,38,2,2,2,2,2,2,37160,39750,40298,40835,41529,42697,3500,1500,1500,1500,2000,1500,0.3716,0.40378166666666665,0.04899224635048839,0.08804809941888254,6,2,0.0,-0.05537,1916.6666666666667,0
500000,1,1,58,1,0,0,0,0,0,-1,33982,37844,9441,12700,19267,35436,37311,9442,5001,10001,95478,0.0,0.03774466666666666,0.7882884269344894,1.042756672453874,1,1,0.3333333333333333,-0.038534,32111.5,0
60000,2,1,34,0,0,0,0,0,0,30834,33011,33434,34935,36344,37803,3000,2000,3000,4000,3000,3000,0.5139,0.573225,0.08519559896014518,0.09087604507451835,0,0,0.0,-0.11615,3000.0,0
340000,2,1,35,0,0,0,0,0,0,39229,40747,41930,43397,44710,46143,2000,2000,2000,2000,2000,2000,0.11537941176470588,0.12556666666666666,0.046187789096630565,0.04908216354176892,0,0,0.0,-0.02033529411764706,2000.0,0
20000,2,2,27,0,0,0,0,0,0,7486,7826,9574,12101,17128,13395,2000,4574,5101,5128,3395,5385,0.3743,0.5625833333333333,0.34150757234988155,0.25552574421873003,0,0,0.0,-0.29545,4263.833333333333,0
280000,3,1,32,0,0,0,0,0,0,158798,163164,168543,172083,173850,177469,6000,7000,6762,4880,5050,5100,0.5671357142857143,0.6035160714285714,0.034825012855387735,0.036772592161309105,0,0,0.0,-0.06668214285714286,5798.666666666667,0
30000,3,2,26,0,0,0,0,0,0,28337,27203,25791,18972,28051,20782,2000,2000,1600,10000,2140,0,0.9445666666666667,0.8285333333333333,0.1389683965223069,0.07351860020585207,0,0,0.0,0.25183333333333335,2956.6666666666665,1
200000,2,1,69,0,0,0,0,0,0,45870,46907,47952,49052,49936,50977,2100,2100,2200,2000,2000,2011,0.22935,0.242245,0.0425387771604281,0.04476848298797646,0,0,0.0,-0.025535,2068.5,0
50000,2,1,39,2,3,2,0,0,0,17150,16582,17014,17721,18184,20008,0,1000,1592,1055,2421,0,0.343,0.35553,0.06552278377573165,0.0,3,3,2.3333333333333335,-0.05716,1011.3333333333334,2
50000,2,2,27,2,0,0,0,0,0,48387,47637,48479,18616,19196,17906,2300,2100,1000,1000,1000,680,0.96774,0.6674033333333332,0.05064950379569042,0.04828078424786935,1,2,0.6666666666666666,0.60962,1346.6666666666667,0
50000,2,2,27,2,0,0,0,0,2,41932,38411,30659,30963,30505,28696,1600,1712,1016,2500,0,2848,0.83864,0.6705533333333333,0.042451053068709076,0.04165364990107258,2,2,0.0,0.26472,1612.6666666666667,1
510000,3,2,30,0,0,0,0,0,0,548,0,0,0,0,1769,0,0,0,0,1769,0,0.0010745098039215686,0.0007571895424836601,0.1998870056497175,0.0,0,0,0.0,-0.0023941176470588235,294.8333333333333,5
180000,1,1,27,2,2,2,2,2,0,81044,78403,58083,58244,56041,50816,2600,0,4700,0,2500,1092,0.45024444444444445,0.354287962962963,0.032610266062168866,0.0331615733891128,5,2,0.6666666666666667,0.16793333333333332,1815.3333333333333,2
70000,3,1,54,0,0,0,0,0,0,64527,59996,57417,54558,58968,63456,2519,5015,4000,5950,6000,2507,0.9218142857142857,0.8545761904761905,0.07961903949157317,0.04198543260496358,0,0,0.0,0.0153,4331.833333333333,0
50000,1,2,27,0,0,0,0,0,0,451,-49,6258,1032,2766,1401,0,6307,1035,3164,1405,1507,0.00902,0.03969333333333334,0.8310443109930405,0.0,0,0,0.0,-0.019,2236.3333333333335,1
50000,2,2,22,0,0,0,0,0,0,49334,48237,49496,10353,4337,15017,5000,2510,10371,16533,11017,698,0.98668,0.5892466666666667,1.1401588852075935,0.10365272192047763,0,0,0.0,0.68634,7688.166666666667,0
150000,1,2,28,0,0,0,0,0,0,893,2300,0,0,2222,0,2300,0,0,2222,0,0,0.005953333333333333,0.006016666666666667,0.3998231127579923,0.9995654063450674,0,0,0.0,0.005953333333333333,753.6666666666666,4
20000,3,2,48,1,3,2,4,5,4,18038,18445,21556,22824,22192,21271,1000,3700,1900,0,0,0,0.9019,1.03605,0.06181846750320299,0.05421229534858506,6,5,-2.333333333333333,-0.16165,1100.0,3
80000,1,2,29,0,0,0,0,0,0,73722,75323,64277,45455,42231,42804,3300,2500,1556,1600,1600,1600,0.921525,0.716275,0.03843999449547584,0.04381073761350964,0,0,0.0,0.386475,2026.0,0
180000,1,2,26,0,0,0,0,0,0,-106,-200,-200,-200,0,4709,0,0,0,200,4709,0,0.0,0.004360185185185186,1.1999575371549893,0.0,0,0,0.0,-0.02616111111111111,818.1666666666666,4
80000,1,1,45,0,0,0,0,0,0,81133,81466,80822,79207,79652,81165,3502,3000,4000,3100,3000,3000,1.0141625,1.0071770833333333,0.04129698538705791,0.04298673082352363,0,0,0.0,-0.0004,3267.0,0
20000,2,2,23,0,0,0,0,0,0,4731,6642,11508,16953,17310,18466,2000,5000,6000,626,1441,0,0.23655,0.6300833333333333,0.2407206499405455,0.30106879421947913,0,0,0.0,-0.68675,2511.1666666666665,1
50000,3,1,57,0,0,0,0,0,0,50990,49123,50820,50706,30636,30501,2100,2500,3820,1636,1501,1700,1.0198,0.87592,0.05397707268295424,0.04274896181092745,0,0,0.0,0.40978,2209.5,0
20000,2,2,22,0,0,0,0,0,0,20386,20033,28679,14768,18192,20372,1510,1300,1086,3677,2500,573,1.0193,1.02025,0.10381083100330268,0.07537186782469801,0,0,0.0,0.0007,1774.3333333333333,0
130000,2,2,27,0,0,0,0,0,0,29078,30110,31119,31891,32429,33035,1506,1515,1287,1200,1341,1663,0.22367692307692308,0.2405923076923077,0.04332945370161021,0.05001494470459301,0,0,0.0,-0.03043846153846154,1418.6666666666667,0
150000,3,2,42,0,0,0,0,0,0,0,0,0,0,0,0,0,0,0,0,0,0,0.0,0.0,0.0,0.0,0,0,0.0,0.0,0.0,6
50000,3,1,37,0,0,0,0,0,0,389,25352,25998,26579,26710,26871,25742,1435,1406,927,952,966,0.00778,0.43966333333333335,0.23871334222882826,1.0153433518715733,0,0,0.0,-0.52964,5238.0,0
200000,4,1,46,0,0,0,0,0,0,103138,94638,88227,82087,75285,78872,3929,4000,4000,3000,13000,13000,0.51569,0.43520583333333335,0.06805018091918236,0.04151565422288908,0,0,0.0,0.12133,6821.5,0
170000,2,1,33,0,0,0,0,0,0,1870,0,400,1000,0,1243,0,400,1000,0,1243,6912,0.011,0.004424509803921568,0.5991406749788127,0.0,0,0,0.0,0.003688235294117647,1592.5,2
80000,2,2,42,0,0,0,0,0,0,16959,17910,14919,15375,-150,-150,1235,1369,825,0,0,0,0.2119875,0.13575625,0.04287262392864358,0.06895204064541344,0,0,0.0,0.2119875,571.5,3
300000,1,2,31,0,0,0,0,0,0,2166,2894,8903,12445,24650,8339,2918,8974,12457,15113,8369,3832,0.00722,0.03299833333333333,0.9266491961541549,1.0079447322970638,0,0,0.0,-0.020576666666666667,8610.5,0
300000,1,2,28,0,0,0,0,0,0,0,0,0,0,0,0,0,0,0,0,0,0,0.0,0.0,0.0,0.0,0,0,0.0,0.0,0.0,6
120000,1,2,31,0,0,0,0,0,0,388,-26,74,374,1549,7101,0,100,300,1584,7010,4500,0.0032333333333333333,0.013175,0.8284629439533919,0.0,0,0,0.0,-0.05594166666666667,2249.0,1
280000,2,1,42,0,0,0,0,0,0,396,396,396,396,10948,61123,396,396,396,10948,61123,54802,0.0014142857142857143,0.043842261904761905,0.9984671264418783,0.9974811083123426,0,0,0.0,-0.21688214285714286,21343.5,0
50000,2,1,44,0,0,0,0,0,0,1261,1261,1261,1261,1261,1261,1261,1261,1261,1261,1261,1261,0.02522,0.02522,0.9992076069730587,0.9992076069730587,0,0,0.0,0.0,1261.0,0
50000,2,2,31,2,0,0,2,2,2,28133,29461,32067,31252,32633,33965,1800,3400,0,1900,2000,0,0.56266,0.6250366666666667,0.056844848953282935,0.06109564863213631,4,2,-1.3333333333333335,-0.11664,1516.6666666666667,2
150000,1,2,25,1,0,0,2,0,0,0,0,330,330,990,0,0,330,0,990,0,0,0.0,0.0018333333333333333,0.3991939540456252,0.0,2,2,-0.3333333333333333,0.0,220.0,4
50000,2,2,22,0,0,0,0,0,0,29632,9856,9541,5411,4782,3192,6016,9021,6000,4000,2500,5000,0.59264,0.20804666666666669,0.8567264733128823,0.6103276859084914,0,0,0.0,0.5288,5422.833333333333,0
50000,4,2,33,0,0,0,0,0,0,47423,33843,31251,30935,28905,27487,1600,1600,1200,1200,1000,972,0.94846,0.6661466666666667,0.043031120450722556,0.047275735728637275,0,0,0.0,0.39872,1262.0,0
610000,1,2,43,0,0,2,0,0,0,403546,418882,413942,420120,427886,437131,25002,8000,16385,16000,16000,34000,0.6615508196721311,0.6889363387978142,0.038401915755353656,0.05968731125397784,1,2,0.6666666666666666,-0.05505737704918033,19231.166666666668,0
70000,2,1,33,0,0,0,0,0,0,31130,16171,16373,16945,21462,11128,10171,3000,1260,6138,1128,500,0.44471428571428573,0.2695452380952381,0.25476700107481537,0.6289265396982439,0,0,0.0,0.28574285714285713,3699.5,0
280000,2,1,37,0,0,0,0,0,0,198823,206000,0,0,0,0,10000,0,0,0,0,0,0.7100821428571429,0.24096607142857143,0.009708690734510996,0.048543453672554984,0,0,0.0,0.7100821428571429,1666.6666666666667,5
50000,3,2,32,2,0,0,0,0,0,40486,41526,42539,43532,42858,43481,1691,1704,1697,1558,1727,1446,0.80972,0.8480733333333332,0.0391656353455466,0.04072049509957377,1,2,0.6666666666666666,-0.0599,1637.1666666666667,0
20000,3,1,27,0,0,0,0,0,0,-2000,780,0,-1000,0,1222,2780,2000,1000,1000,1222,1800,0.0,0.016683333333333335,3.9117442782017307,3.559539052496799,0,0,0.0,-0.0611,1633.6666666666667,0
100000,1,2,27,1,2,0,0,0,0,108762,101941,99264,90972,100306,100536,25,4902,4118,30018,5060,3663,1.08762,1.0029683333333332,0.08889707548340951,0.00024523748798336307,2,2,1.0,0.08226,7964.333333333333,0
10000,2,1,42,0,0,0,0,0,0,8710,9601,8810,7637,6307,4877,1200,1172,1000,500,400,3000,0.871,0.7657,0.11003581687538275,0.12497396375755052,0,0,0.0,0.3833,1212.0,0
30000,4,2,23,0,0,0,0,0,0,2700,899,-1581,28419,29016,30908,899,0,30000,1055,2376,0,0.09,0.5107888888888888,0.4335424703809596,0.9988888888888889,0,0,0.0,-0.9402666666666667,5721.666666666667,2
80000,2,2,51,0,0,0,0,0,0,80106,43289,21017,12883,-217,45966,1400,1500,1000,0,46700,1700,1.001325,0.4234604166666667,0.2394538602632803,0.03234003234003234,0,0,0.0,0.42675,8716.666666666666,1
30000,3,1,28,0,0,0,0,2,0,38390,20830,56262,59113,58016,30900,4200,36444,4360,4,2204,0,1.2796666666666667,1.46395,0.1989031012228454,0.20162258172915368,1,2,-0.6666666666666666,0.24966666666666668,7868.666666666667,1
360000,1,2,28,0,0,0,0,0,0,9179,10977,14190,16328,17383,17194,10977,8500,4000,1700,371,1150,0.025497222222222223,0.039468055555555555,0.3926420297586788,0.999908908726544,0,0,0.0,-0.02226388888888889,4449.666666666667,0
450000,1,1,41,0,0,0,0,0,0,70825,17236,8680,113233,5907,0,17913,9278,114865,6411,0,0,0.15738888888888888,0.07995592592592592,0.8415062872252248,1.039217961362186,0,0,0.0,0.15738888888888888,24744.5,2
80000,3,2,54,0,0,2,0,0,0,16613,19828,19227,20593,20951,21460,3500,0,2000,1000,1000,1000,0.2076625,0.24723333333333336,0.0735898219373323,0.17650915326037622,1,2,0.6666666666666666,-0.0605875,1416.6666666666667,1
50000,2,1,44,1,2,2,2,2,2,24622,26999,28071,27326,28769,28170,3100,1800,0,2200,0,2700,0.49244,0.5465233333333334,0.05108083811651073,0.11481481481481481,6,2,-0.33333333333333326,-0.07096,1633.3333333333333,2
320000,1,2,33,0,0,0,0,0,0,-347,-347,-347,-347,-347,13694,0,0,0,0,14041,1613,0.0,0.007132291666666667,0.20505293902884264,0.0,0,0,0.0,-0.04279375,2609.0,4
50000,2,1,29,0,0,0,0,0,0,82843,85305,86152,56250,57603,19336,4000,4000,2257,2000,2000,700,1.65686,1.29163,0.05431824984538218,0.04689001945935808,0,0,0.0,1.27014,2492.8333333333335,0
230000,1,1,37,1,0,0,2,0,0,0,2062,5056,3050,3700,1900,2062,3050,0,3700,0,2436,0.0,0.011426086956521739,0.5204738907652786,0.9995152690256908,2,2,-0.3333333333333333,-0.00826086956521739,1874.6666666666667,2
120000,3,1,46,0,0,0,0,0,0,4940,0,0,0,0,0,0,0,0,0,0,0,0.041166666666666664,0.006861111111111111,0.0,0.0,0,0,0.0,0.041166666666666664,0.0,6
200000,1,2,31,0,0,0,0,0,0,194353,197344,186292,133345,133634,133990,9000,7465,4715,4804,5141,5300,0.971765,0.8157983333333333,0.03907055060718716,0.045605411842205276,0,0,0.0,0.301815,6070.833333333333,0
20000,3,2,43,0,0,0,0,0,0,15921,16930,17954,18966,19404,19962,1280,1304,1316,754,931,463,0.79605,0.909475,0.06062057730871423,0.07560096863741067,0,0,0.0,-0.20205,1008.0,0
290000,2,2,34,0,0,0,0,0,0,14543,12190,14483,16589,18306,22204,2000,3000,3000,3000,5000,3000,0.050148275862068964,0.056502873563218384,0.1882117268001793,0.16405545074235092,0,0,0.0,-0.026417241379310345,3166.6666666666665,0
180000,1,2,29,0,0,0,0,0,0,123154,126078,78070,50730,48039,47665,5200,3045,3500,2700,2720,2000,0.6841888888888888,0.43864444444444445,0.05250103729881121,0.041243981947826365,0,0,0.0,0.41938333333333333,3194.1666666666665,0
180000,1,2,28,1,0,0,0,0,0,0,0,0,0,0,0,0,0,0,0,0,0,0.0,0.0,0.0,0.0,1,1,0.3333333333333333,0.0,0.0,6
240000,2,1,32,0,0,0,0,0,0,24615,27500,0,0,0,0,5000,0,0,0,0,0,0.1025625,0.03619097222222222,0.03636231409766917,0.18181157048834587,0,0,0.0,0.1025625,833.3333333333334,5
200000,1,2,36,0,0,0,0,0,0,120869,0,0,0,0,0,0,0,0,0,0,0,0.604345,0.10072416666666666,0.0,0.0,0,0,0.0,0.604345,0.0,6
50000,2,2,27,0,0,0,0,0,0,25140,23936,11107,1210,0,0,1252,1093,1210,0,0,0,0.5028,0.20464333333333332,0.2299751504112993,0.052303964573672555,0,0,0.0,0.5028,592.5,3
50000,3,1,55,0,0,2,0,0,2,42067,45127,44106,44839,47634,46718,4055,0,1767,3683,0,1817,0.84134,0.9016366666666668,0.041315880100696645,0.08985552207055486,2,2,0.0,-0.09302,1887.0,2
250000,2,2,36,0,0,0,0,0,0,71012,60816,59328,57692,52811,49067,2200,3003,2800,1834,1850,3000,0.284048,0.23381733333333335,0.04155052780768622,0.03617409605866781,0,0,0.0,0.08778,2447.8333333333335,0
90000,3,1,46,0,2,0,0,0,0,1651,390,390,390,1848,930,0,390,1950,1848,1710,0,0.018344444444444444,0.010368518518518518,1.7641697184905425,0.0,1,2,0.6666666666666666,0.008011111111111111,983.0,2
140000,2,2,27,0,0,0,0,0,0,134936,137328,138767,137231,128228,110803,6700,6704,5000,4155,4100,3600,0.9638285714285715,0.9372535714285715,0.04058773772404027,0.0487879471925085,0,0,0.0,0.17237857142857144,5043.166666666667,0
180000,1,1,30,1,0,0,0,0,0,0,0,0,0,0,0,0,0,0,0,0,0,0.0,0.0,0.0,0.0,1,1,0.3333333333333333,0.0,0.0,6
80000,2,2,23,2,2,0,0,0,0,71528,69817,70719,39288,40500,41668,0,2131,2000,2000,2000,3000,0.8941,0.6948333333333333,0.035683312173931,0.0,2,2,1.3333333333333333,0.37325,1855.1666666666667,1
200000,1,2,31,0,0,0,0,0,0,38635,41031,45929,48661,49723,50896,3031,5929,3500,2000,2000,11028,0.193175,0.2290625,0.07087973900870179,0.07386917527783193,0,0,0.0,-0.061305,4581.333333333333,0
140000,1,2,28,0,0,0,0,0,0,1756,2201,923,1751,573,873,2209,923,1751,573,873,984,0.012542857142857142,0.009615476190476192,0.9997279151741235,1.0031789282470482,0,0,0.0,0.0063071428571428575,1218.8333333333333,0
120000,3,1,40,0,0,0,0,0,0,32161,64308,65015,66571,67632,57798,64308,3000,4000,4000,4000,4000,0.26800833333333335,0.4909513888888889,0.24691206699869045,0.9999844500769721,0,0,0.0,-0.21364166666666667,13884.666666666666,0
300000,3,1,51,0,0,0,0,0,0,1236,-13,-13,2155,2402,-10,0,0,2168,2421,0,0,0.00412,0.0032183333333333335,0.40261129988256794,0.0,0,0,0.0,0.00412,764.8333333333334,4
60000,1,2,33,1,0,0,0,0,0,1242,0,4028,59334,54526,58575,0,4028,56626,2100,5000,2000,0.0207,0.493625,0.41559360005506124,0.0,1,1,0.3333333333333333,-0.95555,11625.666666666666,1
160000,1,1,42,0,0,0,0,0,0,3607,4417,1058,2146,2534,2242,4417,1058,2146,2534,2242,2254,0.02254375,0.016670833333333333,0.9995046582389719,0.9997736532367587,0,0,0.0,0.00853125,2441.8333333333335,0
180000,3,2,27,0,0,0,0,0,0,3898,0,715,4079,0,213,0,715,6942,0,213,0,0.021655555555555556,0.008245370370370372,0.739080208598868,0.0,0,0,0.0,0.02047222222222222,1311.6666666666667,3
390000,1,1,39,0,0,0,0,0,0,40439,30808,27235,9895,3707,62320,2013,1329,1025,1010,67842,2530,0.10368974358974359,0.07453162393162392,0.31573694410378517,0.06533805056963875,0,0,0.0,-0.0561051282051282,12624.833333333334,0
20000,2,2,24,0,0,0,0,0,0,10700,510,900,704,540,150,510,390,1094,2420,150,780,0.535,0.11253333333333333,1.6898487508099165,0.9980430528375733,0,0,0.0,0.5275,890.6666666666666,0
130000,2,1,36,1,2,0,0,0,0,98469,96054,97910,96744,97444,95630,0,4400,4000,3500,3600,10000,0.7574538461538461,0.746475641025641,0.03196939417505208,0.0,2,2,1.0,0.02183846153846154,4250.0,1
440000,1,1,39,0,0,0,0,0,0,388357,390101,387948,354871,238196,200777,14193,14740,9655,6453,5478,4919,0.8826295454545454,0.7425189393939393,0.031191871412960048,0.03638279219281111,0,0,0.0,0.4263181818181818,9239.666666666666,0
50000,2,2,38,0,0,0,0,2,2,7980,10513,9922,8633,8385,7862,3000,1200,1800,0,1600,0,0.1596,0.17765,0.163645559092289,0.28533384059349437,2,2,-1.3333333333333333,0.00236,1266.6666666666667,2
50000,3,2,43,0,0,0,0,0,0,4166,4166,4216,4166,4166,4166,4166,4216,4116,4166,4166,4166,0.08332,0.08348666666666667,0.9973607802625495,0.9997600191984641,0,0,0.0,0.0,4166.0,0
120000,1,2,30,0,0,0,0,0,0,316,316,316,316,316,7516,316,316,316,316,7516,316,0.0026333333333333334,0.012633333333333333,0.9974497343350865,0.9968454258675079,0,0,0.0,-0.06,1516.0,0
330000,2,1,37,0,0,0,0,0,0,46348,37052,36228,37833,37694,41269,1574,1640,3000,3000,4016,2049,0.14044848484848485,0.11940606060606061,0.06878751969241323,0.042479691253069926,0,0,0.0,0.01539090909090909,2546.5,0
240000,1,2,28,0,0,0,0,0,0,134245,137044,138197,140983,138214,141187,4967,4916,4982,5017,5272,5200,0.5593541666666667,0.576298611111111,0.036158373455282285,0.03624356963041337,0,0,0.0,-0.028925,5059.0,0
280000,1,1,34,0,0,0,0,0,0,11584,12211,10247,10247,6170,11170,7011,3000,0,123,5000,0,0.04137142857142857,0.03668392857142857,0.26687338504457625,0.5741074353095316,0,0,0.0,0.0014785714285714285,2522.3333333333335,2
280000,2,1,25,0,0,0,0,0,0,3863,84601,67765,63628,60860,60316,89295,2192,1899,1673,2125,1511,0.01379642857142857,0.20299583333333335,0.23607647769944626,1.0554715018557481,0,0,0.0,-0.20161785714285715,16449.166666666668,0
230000,1,1,39,1,0,0,0,0,0,-17,1786,0,0,0,0,1803,0,0,0,0,0,0.0,0.0012942028985507247,0.20179071068830443,1.0089535534415222,1,1,0.3333333333333333,0.0,300.5,5
90000,2,1,32,0,2,0,0,0,0,3682,3472,33784,0,0,256,0,33812,0,0,256,3500,0.04091111111111111,0.07628518518518519,0.3993816241292356,0.0,1,2,0.6666666666666666,0.038066666666666665,6261.333333333333,3
150000,2,1,36,2,0,0,0,0,0,86333,88931,92441,102903,105240,109479,4000,5000,12000,4000,6000,50000,0.5755533333333334,0.6503633333333333,0.06169844563273388,0.0449781855799937,1,2,0.6666666666666666,-0.15430666666666668,13500.0,0
70000,1,2,27,0,3,2,0,0,0,4168,3942,1929,2870,1435,3047,0,0,1980,0,3047,0,0.05954285714285714,0.04140714285714286,0.3378654176848584,0.0,2,3,1.6666666666666667,0.016014285714285714,837.8333333333334,4
110000,1,1,32,2,2,0,0,2,2,114430,108202,108657,108668,103867,111842,0,6000,8200,0,9956,4000,1.0402727272727272,0.9934333333333334,0.043939054226150256,0.0,4,2,0.0,0.023527272727272727,4692.666666666667,2
50000,2,2,43,1,2,0,0,0,0,48777,47331,48010,24331,25553,26733,0,2000,1000,2000,2000,2000,0.97554,0.7357833333333332,0.04716639962701567,0.0,2,2,1.0,0.44088,1500.0,1
290000,2,1,34,0,0,0,0,0,0,16196,17220,18231,18593,18986,19967,1292,1303,665,692,1300,636,0.05584827586206897,0.06275459770114943,0.0567613618460273,0.07502467917077986,0,0,0.0,-0.013003448275862068,981.3333333333334,0
10000,2,1,50,2,2,7,7,7,7,2400,2400,2400,2400,2400,2400,0,0,0,0,0,0,0.24,0.24,0.0,0.0,6,7,-3.3333333333333335,0.0,0.0,6
100000,3,3,51,1,0,0,0,0,0,0,0,0,0,0,0,0,0,0,0,0,0,0.0,0.0,0.0,0.0,1,1,0.3333333333333333,0.0,0.0,6
50000,1,2,28,2,0,0,0,0,0,48508,45951,44013,28094,29138,30625,2500,2000,1200,1500,2000,1500,0.97016,0.75443,0.05186766024292313,0.05440459610027855,1,2,0.6666666666666666,0.35766,1783.3333333333333,0
10000,1,2,23,1,0,0,0,0,0,0,0,0,0,0,0,0,0,0,0,0,0,0.0,0.0,0.0,0.0,1,1,0.3333333333333333,0.0,0.0,6
420000,2,1,41,0,0,0,0,0,0,373978,389754,366938,361024,354813,344221,33808,14996,13209,12890,11081,16298,0.8904238095238095,0.8693365079365079,0.04654346424081756,0.08674167104976203,0,0,0.0,0.07085,17047.0,0
50000,3,1,31,1,2,2,2,2,2,38102,40025,40071,40906,42100,41269,2830,1000,1800,2000,0,1704,0.76204,0.8082433333333333,0.03743323641855127,0.0707040423724579,6,2,-0.33333333333333326,-0.06334,1555.6666666666667,1
110000,3,1,47,0,0,0,0,0,0,109461,109473,81439,81425,81039,81162,3477,2972,2853,2739,2852,2873,0.9951,0.8242409090909091,0.03444586543872528,0.031760966074136324,0,0,0.0,0.25726363636363636,2961.0,0
80000,1,2,27,0,0,0,0,0,0,400,600,600,100,900,2934,600,600,100,900,2934,0,0.005,0.011529166666666667,0.9970641258926749,0.9983361064891847,0,0,0.0,-0.031675,855.6666666666666,1
60000,2,2,29,0,0,0,0,0,2,60000,60594,57606,33159,36183,27572,3100,2000,3000,3800,0,2000,1.0,0.7642055555555556,0.05627331575137466,0.05115933657892566,1,2,-0.6666666666666666,0.5404666666666667,2316.6666666666665,1
180000,1,2,29,0,0,0,0,0,0,10447,18006,4815,10060,49264,5983,18006,5860,11470,49613,5983,7133,0.05803888888888889,0.09127314814814816,1.0727328643811043,0.9999444660409841,0,0,0.0,0.0248,16344.166666666666,0
290000,2,1,49,0,0,0,0,0,0,282538,281749,238490,86202,83155,84927,10711,12915,2962,2863,2996,3257,0.9742689655172414,0.6075063218390805,0.03924718351227892,0.03801597160603372,0,0,0.0,0.6814172413793104,5950.666666666667,0
290000,1,2,35,0,0,0,0,0,0,184910,118701,97606,76053,53994,31812,4166,3400,2588,1696,1113,1647,0.6376206896551724,0.32360689655172414,0.03407086514525939,0.035096291553638526,0,0,0.0,0.5279241379310344,2435.0,0
10000,3,1,41,0,2,0,0,2,2,1838,1651,172,2034,2069,1891,0,179,2034,214,0,283,0.1838,0.16091666666666668,0.4275144645891065,0.0,3,2,-0.6666666666666666,-0.0053,451.6666666666667,2
400000,1,2,36,0,0,0,0,0,0,0,0,0,0,0,0,0,0,0,0,0,0,0.0,0.0,0.0,0.0,0,0,0.0,0.0,0.0,6
150000,2,2,32,0,0,0,0,0,0,151594,139114,92720,86468,79600,80866,4523,3500,3500,3000,2776,4019,1.0106266666666666,0.7004022222222221,0.03655063884473856,0.03251266937425871,0,0,0.0,0.47152,3553.0,0
220000,2,1,41,1,2,0,0,0,0,6516,194,3619,7069,4092,0,0,3655,7069,4092,0,0,0.029618181818181818,0.01628030303030303,0.601856549200319,0.0,2,2,1.0,0.029618181818181818,2469.3333333333335,3
50000,2,1,43,0,0,0,0,0,0,15941,14154,15109,14125,14034,14946,1255,1210,487,508,1534,526,0.31882,0.2943633333333333,0.06840812395838149,0.0886612504415401,0,0,0.0,0.0199,920.0,0
50000,2,1,36,0,0,0,0,0,0,9214,10359,7350,7500,0,0,1351,1500,150,0,0,0,0.18428,0.11474333333333334,0.07089132186319709,0.1304054054054054,0,0,0.0,0.18428,500.1666666666667,3
30000,1,1,41,0,0,0,0,0,0,26300,27308,28425,29233,21575,22029,1450,1560,1350,1000,801,1000,0.8766666666666667,0.860388888888889,0.04737235897303178,0.053096048921600934,0,0,0.0,0.14236666666666667,1193.5,0
210000,2,1,48,0,0,0,0,0,0,11876,11876,11876,11876,18954,11876,11876,11876,11876,18954,5000,11876,0.05655238095238095,0.062169841269841264,0.8841352767653377,0.9999158036541214,0,0,0.0,0.0,11909.666666666666,0
260000,2,1,31,0,0,0,0,0,0,2224,1996,1497,-3,2138,900,2007,1501,0,2141,902,197,0.008553846153846153,0.005612179487179488,0.8018110151540171,1.0050075112669004,0,0,0.0,0.005092307692307692,1124.6666666666667,1
200000,1,1,37,1,0,0,0,0,0,0,0,0,0,0,0,0,0,0,0,0,0,0.0,0.0,0.0,0.0,1,1,0.3333333333333333,0.0,0.0,6
70000,1,1,35,2,2,2,2,2,2,51143,53185,55030,56530,55027,58461,3500,3300,3000,0,4500,2500,0.7306142857142857,0.7842285714285714,0.0511628593419336,0.06580679126085812,6,2,0.0,-0.10454285714285715,2800.0,1
170000,1,2,30,0,0,0,0,0,0,8404,16835,2200,7510,12510,19720,16835,2200,5510,5000,8100,0,0.049435294117647056,0.06586176470588236,0.7086909973265314,0.9999406034687575,0,0,0.0,-0.06656470588235294,6274.166666666667,1
20000,1,2,24,0,0,0,0,0,0,20933,22202,21867,21813,21228,21614,2700,1400,1400,800,1783,1000,1.04665,1.080475,0.07399559094356256,0.12160518848804215,0,0,0.0,-0.03405,1513.8333333333333,0
30000,1,2,38,1,2,0,0,0,2,24172,23497,24817,25602,26535,26947,0,1715,1500,1500,1000,4670,0.8057333333333333,0.8420555555555556,0.04426508843678094,0.0,3,2,0.33333333333333337,-0.0925,1730.8333333333333,1
30000,2,1,38,3,2,0,0,0,0,3379,1715,1170,780,390,150,0,1100,0,0,150,780,0.11263333333333334,0.042133333333333335,0.3865491089859236,0.0,2,3,1.6666666666666667,0.10763333333333333,338.3333333333333,3
260000,1,2,29,0,0,0,0,0,0,256503,254732,244860,245165,236120,237705,9248,9021,8767,8317,8736,10025,0.98655,0.9455673076923077,0.03617603626397758,0.036304679801988746,0,0,0.0,0.0723,9019.0,0
120000,3,1,47,0,0,0,0,0,0,0,0,0,0,0,0,0,0,0,0,0,0,0.0,0.0,0.0,0.0,0,0,0.0,0.0,0.0,6
50000,2,3,52,0,0,0,0,0,0,49854,51215,50144,10683,9953,9567,2500,1500,1300,800,1000,1500,0.99708,0.60472,0.07705762955348143,0.04881287097781943,0,0,0.0,0.80574,1433.3333333333333,0
130000,2,2,28,0,0,0,0,0,0,88549,74624,76133,77648,79370,80071,2709,2750,2767,2961,2913,3000,0.6811461538461538,0.6107628205128206,0.03634846445454755,0.03630150753768844,0,0,0.0,0.06521538461538462,2850.0,0
60000,1,2,29,0,0,0,0,0,0,31462,31499,16773,11568,9727,3832,6037,5084,6000,4000,3832,3065,0.5243666666666666,0.29128055555555554,0.4848579181436225,0.19165079365079365,0,0,0.0,0.4605,4669.666666666667,0
100000,2,2,29,0,0,0,0,0,0,70878,72753,58789,53091,55229,57144,3100,2640,2000,3000,3000,3000,0.70878,0.61314,0.046400346535175094,0.04260934106715782,0,0,0.0,0.13734,2790.0,0
120000,1,2,31,1,0,0,0,0,0,0,1730,2457,2192,2655,0,1730,2459,0,2655,0,0,0.0,0.012547222222222223,0.5998905256099908,0.9994222992489891,1,1,0.3333333333333333,0.0,1140.6666666666667,3
320000,1,2,36,0,0,0,0,0,0,146201,129311,112151,84218,76058,24068,5465,3137,52,2384,25094,30011,0.456878125,0.2979203125,0.22895610371399608,0.04226212571145756,0,0,0.0,0.381665625,11023.833333333334,0
510000,1,1,35,0,0,0,0,0,0,0,2754,3700,0,0,102097,2754,1000,0,0,102097,3509,0.0,0.035474183006535945,0.45396489461408435,0.9996370235934664,0,0,0.0,-0.20019019607843136,18226.666666666668,2
60000,2,2,42,0,0,0,0,0,0,60902,61078,61160,61055,60895,61587,2350,2532,2510,3250,2900,2630,1.0150333333333332,1.0185472222222223,0.04428805361300708,0.03847476219322517,0,0,0.0,-0.011416666666666667,2695.3333333333335,0
80000,2,2,36,0,0,0,0,0,0,75345,77112,78707,38084,38910,39691,4419,4000,2000,2000,2000,3232,0.9418125,0.7246854166666667,0.052485543157115164,0.05730551268917044,0,0,0.0,0.445675,2941.8333333333335,0
130000,2,2,25,0,0,0,0,0,0,126454,128179,75525,76862,6131,27117,4252,3000,1537,10000,21300,651,0.9727230769230769,0.5644461538461538,0.5018271192267882,0.03317210173193946,0,0,0.0,0.7641307692307693,6790.0,0
390000,2,2,30,0,0,0,0,0,0,35169,17147,3350,4710,80474,80330,1070,1226,4710,83756,3100,3100,0.09017692307692307,0.09452136752136753,0.5014814746512416,0.06239794728248192,0,0,0.0,-0.1157974358974359,16160.333333333334,0
30000,2,2,27,0,0,0,0,0,0,26264,27536,28771,27744,28302,29725,2000,2005,1000,1000,2250,0,0.8754666666666666,0.9352333333333334,0.057876229281305216,0.0726295529651015,0,0,0.0,-0.11536666666666667,1375.8333333333333,1
360000,1,1,44,0,0,0,0,0,0,333549,342782,340216,344545,140386,144042,15047,15000,14000,5008,10055,30015,0.926525,0.7618148148148147,0.0468195254977176,0.04389657596788639,0,0,0.0,0.5264083333333334,14854.166666666666,0
210000,2,1,50,0,0,0,0,0,0,106724,109251,103733,102027,103453,103651,4037,3519,3442,3553,3625,3470,0.5082095238095238,0.4990785714285714,0.03478539391454693,0.036951268626661295,0,0,0.0,0.014633333333333333,3607.6666666666665,0
90000,2,2,24,0,0,0,0,0,0,36179,36137,28400,28982,29782,24389,1953,2000,29982,800,1516,60615,0.4019888888888889,0.34049814814814816,0.24958979109374088,0.054042835796114894,0,0,0.0,0.131,16144.333333333334,0
280000,1,2,33,0,0,0,0,0,0,0,0,0,0,0,0,0,0,0,0,0,0,0.0,0.0,0.0,0.0,0,0,0.0,0.0,0.0,6
230000,2,2,32,0,0,0,0,0,0,143345,134344,116691,116220,112746,108653,6000,5000,5000,5000,5000,5038,0.6232391304347826,0.5304340579710145,0.04417903385227888,0.044661133648442444,0,0,0.0,0.15083478260869565,5173.0,0
380000,1,1,36,0,0,0,0,0,2,3744,20334,8499,53235,101439,34579,20498,8549,53471,101785,117,32347,0.009852631578947368,0.09729385964912281,0.8049958464578518,1.008015736415048,1,2,-0.6666666666666666,-0.08114473684210527,36127.833333333336,0
500000,1,2,39,0,0,0,0,0,0,51,-8,-8,10362,21905,23717,0,0,10370,15000,10000,4311,0.000102,0.01867833333333333,0.42140801917237036,0.0,0,0,0.0,-0.047332,6613.5,2
20000,2,2,25,0,0,0,0,0,0,19223,18206,19195,38040,20009,20138,1293,1397,836,1653,565,206,0.96115,1.123425,0.055286444443424766,0.071016641950898,0,0,0.0,-0.04575,991.6666666666666,0
380000,2,1,43,0,0,0,0,0,0,195221,188328,192624,149860,59256,61039,8000,8263,7127,4000,3000,2500,0.5137394736842106,0.37119649122807014,0.049916750015678926,0.04247885349574415,0,0,0.0,0.3531105263157895,5481.666666666667,0
20000,3,1,31,0,0,0,0,0,0,17557,18739,19473,17136,0,0,1466,1200,343,0,0,0,0.87785,0.6075416666666666,0.03197283653850417,0.07822838847385272,0,0,0.0,0.87785,501.5,3
350000,3,1,44,0,0,0,0,0,0,2161,7230,3301,4301,15,684,7426,3306,4301,15,684,2713,0.006174285714285715,0.008424761904761904,0.9927972614901197,1.0269672244502834,0,0,0.0,0.00422,3074.1666666666665,0
50000,1,1,44,0,0,0,0,0,0,50404,50782,49019,20208,19677,20153,2300,1440,1000,1000,2000,560,1.00808,0.70081,0.054840694365643275,0.04529074690349132,0,0,0.0,0.60502,1383.3333333333333,0
280000,2,2,37,0,0,0,0,0,0,1876,2716,1876,1876,1876,1870,2716,1876,1876,1876,1870,10267,0.0067,0.0071964285714285715,0.9994998356609941,0.9996319470003681,0,0,0.0,2.1428571428571428e-05,3413.5,0
440000,2,2,25,2,2,0,0,0,0,225416,220405,226731,231456,237707,243555,0,10000,10000,10000,10000,10000,0.5123090909090909,0.5247234848484849,0.03408724861807548,0.0,2,2,1.3333333333333333,-0.041225,8333.333333333334,1
230000,1,2,28,0,0,0,0,0,0,355,0,916,0,0,8878,0,916,0,0,8878,800,0.0015434782608695651,0.0073543478260869564,0.3997593724326929,0.0,0,0,0.0,-0.03705652173913043,1765.6666666666667,3
160000,1,2,32,1,0,0,0,0,0,0,0,0,0,0,0,0,0,0,0,0,0,0.0,0.0,0.0,0.0,1,1,0.3333333333333333,0.0,0.0,6
20000,1,2,24,0,0,0,0,0,0,10283,0,750,0,0,0,0,750,0,0,0,0,0.51415,0.09194166666666666,0.1997336884154461,0.0,0,0,0.0,0.51415,125.0,5
140000,2,1,38,2,2,2,2,2,2,131877,135309,131671,138771,141146,127184,7000,0,10800,4800,0,5000,0.9419785714285714,0.9594738095238096,0.03271313086893435,0.05173305742369374,6,2,0.0,0.03352142857142857,4600.0,2
150000,1,2,27,0,0,0,0,0,0,3467,2182,1764,9558,59865,55717,2008,1764,9000,55000,4000,4000,0.023113333333333333,0.1472811111111111,0.7702596307482217,0.9198350893266147,0,0,0.0,-0.34833333333333333,12628.666666666666,0
60000,2,1,31,0,0,2,2,2,2,37549,40603,39676,42407,41428,45576,4000,0,3700,0,5000,2000,0.6258166666666667,0.686775,0.05909292142733859,0.09851246182642104,4,2,-1.3333333333333335,-0.13378333333333334,2450.0,2
70000,2,2,22,0,0,0,0,0,0,66748,52642,40934,34685,30166,29299,2049,1700,1446,1000,1044,1176,0.9535428571428571,0.6058904761904762,0.03818406020540209,0.038922553805824135,0,0,0.0,0.5349857142857143,1402.5,0
80000,3,1,44,2,0,0,0,0,0,31023,30390,390,390,780,780,1000,390,390,780,0,0,0.3877875,0.13281875,0.6053017958108632,0.03290447829949656,1,2,0.6666666666666666,0.3780375,426.6666666666667,2
70000,2,2,25,0,0,0,0,0,0,66174,67555,25059,26834,14112,28191,3000,2000,2400,2012,14500,3000,0.9453428571428572,0.5426785714285715,0.17410908027809482,0.04440760258156196,0,0,0.0,0.5426142857142857,4485.333333333333,0
500000,2,2,32,0,0,0,0,0,0,44462,37890,28527,27030,27454,30486,7000,7000,8000,10000,12000,2876,0.088924,0.065283,0.29678253451204173,0.18474043968224643,0,0,0.0,0.027952,7812.666666666667,0
170000,1,1,41,0,0,0,0,0,0,70317,56742,49176,41969,37409,36214,2579,5019,10041,5012,5024,5012,0.41362941176470586,0.2861049019607843,0.13189093639614907,0.045450540154732745,0,0,0.0,0.2006058823529412,5447.833333333333,0
20000,3,2,23,0,0,0,0,0,0,19812,20388,19145,20124,20127,20150,1300,1330,1309,702,719,1000,0.9906,0.9978833333333333,0.053765391151446205,0.06375987051841679,0,0,0.0,-0.0169,1060.0,0
30000,3,1,47,2,2,0,0,2,0,25280,24589,26160,29927,29336,29820,0,2000,4200,0,1100,1100,0.8426666666666667,0.9172888888888889,0.05073464859882659,0.0,3,2,0.6666666666666666,-0.15133333333333332,1400.0,2
310000,2,1,46,0,0,0,0,0,0,43990,45872,47135,46944,49121,51337,3000,3000,2000,3000,3000,1000,0.14190322580645162,0.15290268817204303,0.05823105835266634,0.06539794650447976,0,0,0.0,-0.0237,2500.0,0
80000,1,2,27,0,0,0,0,0,0,35303,36215,37330,38407,39168,40037,1800,2000,2000,1700,1650,3200,0.4412875,0.4717916666666667,0.04799231410778775,0.04970178926441352,0,0,0.0,-0.059175,2058.3333333333335,0
310000,1,1,41,0,0,0,0,0,0,30680,126866,129449,106382,98892,92599,100000,16036,5000,3000,3000,3000,0.09896774193548387,0.3144451612903226,0.20436764047530032,0.7882270409168657,0,0,0.0,-0.19973870967741936,21672.666666666668,0
90000,2,1,25,2,0,0,0,0,0,90371,87525,89052,85807,68186,69011,4100,4200,3000,3000,3000,2600,1.0041222222222221,0.9073185185185185,0.04328705626087594,0.046843223727806596,1,2,0.6666666666666666,0.23733333333333334,3316.6666666666665,0
150000,2,2,35,0,0,0,0,0,0,60015,72227,51364,54340,0,2129,20000,30000,54340,0,2129,0,0.4001,0.26675,0.572093665907438,0.276900924849089,0,0,0.0,0.3859066666666667,17744.833333333332,2
140000,2,2,27,0,0,0,2,2,2,119692,91710,91744,70832,70768,71755,5000,8000,0,8000,3000,0,0.8549428571428571,0.6148821428571428,0.059313899394474054,0.05451908713240505,3,2,-2.0,0.34240714285714285,4000.0,2
150000,3,1,47,0,0,0,0,0,0,250475,123543,52598,3218,0,0,5772,2424,3218,0,0,0,1.6698333333333333,0.4775933333333333,0.2184988135383334,0.04672019685294308,0,0,0.0,1.6698333333333333,1902.3333333333333,3
100000,3,1,39,0,0,0,0,0,0,97944,99580,92297,184134,70400,0,4296,4068,2037,1408,0,0,0.97944,0.9072583333333333,0.02365552783443082,0.043140759783492834,0,0,0.0,0.97944,1968.1666666666667,2
310000,2,1,44,0,0,0,0,0,0,103797,91989,87720,76218,72090,71620,4400,4013,3011,3000,3001,2653,0.33482903225806454,0.27066344086021504,0.04331967469478842,0.04783128600934884,0,0,0.0,0.1037967741935484,3346.3333333333335,0
240000,1,2,36,0,0,0,0,0,0,330,3152,5400,3799,574,4899,3152,5416,3799,577,4899,1450,0.001375,0.012606944444444443,1.0010942253099862,0.9996828417380272,0,0,0.0,-0.0190375,3215.5,0
520000,1,1,43,0,0,0,0,0,0,146124,145785,147972,157115,196804,21550,6024,18069,30000,46805,21550,1287,0.2810076923076923,0.2613301282051282,0.31843010402309135,0.04132084013554114,0,0,0.0,0.23956538461538462,20622.5,0
400000,2,1,30,0,0,0,0,0,0,161226,139481,17939,10315,22728,11493,5000,17939,12845,22728,11493,10703,0.403065,0.15132583333333333,0.8561626679049915,0.035846919315754004,0,0,0.0,0.3743325,13451.333333333334,0
70000,2,2,25,1,2,0,0,0,0,5412,5177,6291,9085,9270,6821,0,1206,3000,185,200,0,0.07731428571428571,0.10013333333333332,0.11422437479666425,0.0,2,2,1.0,-0.02012857142857143,765.1666666666666,2
460000,2,1,40,0,0,0,0,0,0,133102,126956,126758,121857,122830,90219,5015,5032,4407,4040,3001,3109,0.28935217391304346,0.26149347826086955,0.03630356818017262,0.039501563521507285,0,0,0.0,0.09322391304347825,4100.666666666667,0
70000,1,1,35,0,0,0,0,0,0,59795,60684,69521,45001,37214,23807,2479,10128,4086,1348,13032,10059,0.8542142857142857,0.7048142857142857,0.1721855493804744,0.04085029249402653,0,0,0.0,0.5141142857142857,6855.333333333333,0
20000,2,1,22,0,0,0,0,0,0,18475,18993,19973,20081,20292,20289,1400,1300,700,800,1000,1000,0.92375,0.9841916666666666,0.05247140114197012,0.0737074865747078,0,0,0.0,-0.0907,1033.3333333333333,0
50000,2,2,34,0,0,0,0,0,0,44168,44727,26135,26730,12180,18179,1410,2000,1167,1017,18179,651,0.88336,0.57373,0.24702790704516958,0.03152387766052585,0,0,0.0,0.51978,4070.6666666666665,0
140000,2,2,26,0,0,0,0,0,0,140881,136889,140615,78486,48476,50509,8140,8000,4000,1917,3000,3000,1.006292857142857,0.709352380952381,0.05325177851831976,0.05946380305354664,0,0,0.0,0.6455142857142857,4676.166666666667,0
470000,2,2,32,0,0,0,0,0,0,491428,488642,485382,360959,338592,123737,300000,15937,11891,120000,6380,250000,1.0455914893617022,0.8116099290780142,0.21713801567812502,0.6139451501402865,0,0,0.0,0.7823212765957447,117368.0,0
50000,3,2,23,0,0,0,0,0,0,35158,34364,34212,33886,32929,34549,1544,1861,2004,1324,3768,1,0.70316,0.68366,0.061545503554964374,0.04492943401716863,0,0,0.0,0.01218,1750.3333333333333,0
200000,1,2,37,0,0,0,0,0,0,19149,20103,21543,22765,23374,24134,1500,2000,1500,1200,1200,1200,0.095745,0.10922333333333334,0.0668780475687842,0.07461201750895344,0,0,0.0,-0.024925,1433.3333333333333,0
150000,2,1,24,0,0,0,0,0,0,12769,424,177,1596,405,0,902,177,1596,405,0,0,0.08512666666666667,0.01707888888888889,1.022729147076959,2.1223529411764708,0,0,0.0,0.08512666666666667,513.3333333333334,2
200000,1,1,30,3,2,2,2,2,2,2500,2500,2500,2500,2500,2500,0,0,0,0,0,0,0.0125,0.0125,0.0,0.0,6,3,0.3333333333333335,0.0,0.0,6
90000,2,1,29,0,0,0,0,0,0,84844,65217,63943,62327,55800,56800,2277,3489,1639,1136,1000,0,0.9427111111111112,0.7202425925925926,0.030747358327777925,0.03491367413904137,0,0,0.0,0.3116,1590.1666666666667,1
40000,2,2,25,0,0,0,0,0,0,26133,26896,27961,28995,29612,30434,1500,1500,1500,1100,1300,1200,0.653325,0.7084625,0.04820072695105343,0.055768301297542476,0,0,0.0,-0.107525,1350.0,0
150000,2,2,40,1,0,0,0,0,0,-19,3894,5570,10516,-3,-3,3913,5606,10568,0,0,2379,0.0,0.0222,0.603150627109603,1.0046213093709884,1,1,0.3333333333333333,0.0,3744.3333333333335,2
180000,1,2,30,0,0,0,0,0,0,0,2647,735,2414,256,3858,2647,735,2414,256,3858,275,0.0,0.009175925925925926,0.9987398794187776,0.9996223564954683,0,0,0.0,-0.021433333333333332,1697.5,0
310000,3,1,35,0,0,0,0,0,0,83719,81138,87523,77902,82165,97298,5000,18088,5500,6300,17300,25500,0.27006129032258064,0.2740564516129032,0.11867261511700991,0.06162264755542957,0,0,0.0,-0.043803225806451615,12948.0,0
20000,3,1,40,0,0,0,0,0,0,18987,19909,16623,17634,17985,18362,1258,1282,1293,644,667,743,0.94935,0.9125,0.05715010392901393,0.06318432948267202,0,0,0.0,0.03125,981.1666666666666,0
80000,3,1,40,0,0,0,0,0,0,22747,16260,6500,15525,0,0,3002,6500,15525,0,0,0,0.2843375,0.12715,0.4368790523653274,0.18461349240514113,0,0,0.0,0.2843375,4171.166666666667,3
80000,2,2,26,1,0,0,0,0,0,0,0,0,0,0,0,0,3100,0,0,0,0,0.0,0.0,1.0,0.0,1,1,0.3333333333333333,0.0,516.6666666666666,5
80000,3,2,28,1,2,2,0,0,0,38151,39227,38318,42614,86966,41950,2000,0,5000,1500,1500,7000,0.4768875,0.5983875,0.04426349849758331,0.05098399102681758,3,2,1.6666666666666667,-0.0474875,2833.3333333333335,1
70000,2,1,44,0,0,0,0,0,0,66301,68105,68287,28163,27220,28124,3500,3000,1500,1000,2000,2000,0.9471571428571428,0.6814285714285714,0.05128579959792051,0.05139047954658914,0,0,0.0,0.5453857142857143,2166.6666666666665,0
340000,1,2,38,0,0,0,0,0,0,250475,244597,241509,275045,268429,262575,11000,11060,50008,8400,10000,10000,0.7366911764705882,0.7561911764705882,0.06839222016221766,0.0449717495645917,0,0,0.0,-0.03558823529411765,16744.666666666668,0
360000,2,1,36,0,0,0,0,0,0,33051,13614,-5386,250214,255296,261401,1000,2544,261000,9000,10000,10000,0.09180833333333334,0.3766555555555556,1.2380119293076317,0.07344840249724569,0,0,0.0,-0.6343055555555556,48924.0,0
300000,2,2,34,0,0,0,0,0,0,297890,216495,221737,224774,182544,92014,7800,8705,8500,6820,2700,3200,0.9929666666666667,0.6863633333333333,0.03596114172368793,0.036028379277215285,0,0,0.0,0.6862533333333334,6287.5,0
100000,2,2,32,0,0,0,0,0,0,88550,91724,94799,97861,104634,92537,5000,5000,5000,9000,10000,5000,0.8855,0.950175,0.07048454701799542,0.05451076587626056,0,0,0.0,-0.03987,6500.0,0
90000,1,2,25,0,0,0,0,0,0,33336,39009,47657,52372,52112,56257,10000,10000,6000,1570,5000,1363,0.3704,0.5198944444444444,0.13994776463550834,0.2563445270443476,0,0,0.0,-0.2546777777777778,5655.5,0
30000,1,1,52,0,0,0,2,0,0,15743,16784,18998,18395,19100,20582,1300,2500,0,1000,1800,0,0.5247666666666667,0.6089,0.06976801321068143,0.07745010425975574,1,2,-0.6666666666666666,-0.1613,1100.0,2
20000,2,1,43,1,2,3,2,2,2,11501,12998,13492,12978,13962,13595,2000,1000,0,1200,0,3000,0.57505,0.6543833333333333,0.06278238169126373,0.15385798907608278,6,3,0.0,-0.1047,1200.0,2
50000,2,1,51,0,0,0,0,0,0,113247,108550,118310,9904,9905,9974,3000,10510,4000,500,1000,2000,2.26494,1.2329666666666668,0.13420639579073132,0.02763677902552717,0,0,0.0,2.06546,3501.6666666666665,0
230000,1,2,34,0,0,0,0,0,0,476,476,476,476,476,4145,476,476,476,476,4145,476,0.0020695652173913044,0.004728260869565217,0.9982746118862768,0.9979035639412998,0,0,0.0,-0.015952173913043478,1087.5,0
130000,3,1,45,0,0,0,0,0,0,1475,1826,2831,2756,1585,1215,1826,2831,2756,1585,1215,2402,0.011346153846153846,0.014984615384615384,0.9994567897482961,0.9994526546250684,0,0,0.0,0.002,2102.5,0
50000,1,2,24,0,0,0,0,0,0,50537,44686,38493,33769,34211,34944,2554,1900,1355,1300,1300,1500,1.01074,0.7888,0.04436709576644773,0.057153087027547164,0,0,0.0,0.31186,1651.5,0
500000,1,1,47,0,0,0,0,0,0,56422,110616,110340,122967,108834,70064,70010,30357,30000,20000,52183,20000,0.112844,0.193081,0.41610691065702277,0.63290452642903,0,0,0.0,-0.027284,37091.666666666664,0
500000,3,2,35,0,0,0,0,0,0,1900,1489,1989,1200,1451,548,1489,1989,1200,1451,548,1048,0.0038,0.002859,0.9990967016343092,0.9993288590604027,0,0,0.0,0.002704,1287.5,0
360000,1,2,32,0,0,0,0,0,0,0,0,0,0,0,0,0,0,0,0,0,0,0.0,0.0,0.0,0.0,0,0,0.0,0.0,0.0,6
200000,2,1,44,0,0,0,0,0,0,7096,1323,8457,48757,4200,7312,1336,8457,48757,4200,7312,21740,0.03548,0.0642875,1.0017099844088984,1.0090634441087614,0,0,0.0,-0.00108,15300.333333333334,0
310000,1,1,33,0,0,0,0,0,0,115,894,0,0,0,0,894,0,0,0,0,0,0.00037096774193548385,0.0005424731182795699,0.19977653631284914,0.9988826815642458,0,0,0.0,0.00037096774193548385,149.0,5
420000,1,1,44,1,2,0,0,0,0,35545,34332,35097,33025,36945,37276,6,3016,1846,5005,2005,1462,0.08463095238095238,0.08421428571428571,0.0662510867745891,0.00017475897824250722,2,2,1.0,-0.004121428571428571,2223.3333333333335,0
140000,1,2,28,0,0,0,0,0,0,5845,10322,12830,13317,14936,18504,10322,5000,1000,2000,4000,4000,0.04175,0.09018333333333332,0.3629448418852082,0.999903128935387,0,0,0.0,-0.09042142857142857,4387.0,0
80000,2,1,42,0,0,0,0,0,0,46911,31748,16000,0,0,0,1748,1000,0,0,0,0,0.5863875,0.19720625,0.023510589235689227,0.05505685218432076,0,0,0.0,0.5863875,458.0,4
220000,2,1,54,0,0,0,0,0,2,264,1138,3874,264,3105,2074,1138,3000,264,3105,0,264,0.0012,0.008120454545454545,0.7538440085708554,0.9991220368744512,1,2,-0.6666666666666666,-0.008227272727272727,1295.1666666666667,1
70000,1,2,27,0,0,0,0,0,0,134781,69502,117846,49535,48247,49040,6012,1936,1874,1740,2000,1800,1.9254428571428572,1.11655,0.043520977964732775,0.08649986331525258,0,0,0.0,1.2248714285714286,2560.3333333333335,0
220000,2,2,35,0,0,0,0,0,0,3327,-17,2706,0,0,92472,0,2723,0,0,92472,10000,0.015122727272727272,0.074625,0.4011799576350546,0.0,0,0,0.0,-0.40520454545454543,17532.5,3
640000,1,2,33,0,0,0,0,0,0,21189,4242,32110,62649,63218,53151,4258,32120,34000,5037,0,13855,0.0331078125,0.06160390625,0.5252376904529972,1.0035352345038888,0,0,0.0,-0.049940625,14878.333333333334,1
240000,2,1,36,0,0,0,0,0,0,230523,237022,235890,0,0,0,11828,6100,0,0,0,0,0.9605125,0.4884965277777778,0.015152346263542152,0.04990233015361378,0,0,0.0,0.9605125,2988.0,4
200000,1,1,32,0,0,0,0,0,0,6540,17288,3009,20311,15643,5696,17301,3009,26257,15643,5696,12149,0.0327,0.0570725,1.0585613062773696,1.0006940829429116,0,0,0.0,0.00422,13342.5,0
30000,2,2,26,2,2,2,2,2,2,25615,29849,31034,28071,29978,29365,5000,2000,0,2500,0,600,0.8538333333333333,0.9661777777777777,0.06306785310431295,0.16750418760469013,6,2,0.0,-0.125,1683.3333333333333,2
70000,2,1,37,0,0,2,0,0,2,23546,26630,25922,27177,28930,28329,3800,0,2000,2200,0,2100,0.3363714285714286,0.3822238095238095,0.058464556018900014,0.14269084901055162,2,2,0.0,-0.06832857142857143,1683.3333333333333,2
220000,2,1,40,1,0,0,0,0,0,8359,14447,6791,6495,5093,5503,14518,6835,6535,5118,5529,10026,0.03799545454545455,0.03536969696969697,1.0052866419622473,1.00484496124031,1,1,0.3333333333333333,0.012981818181818181,8093.5,0
140000,1,2,30,0,0,0,0,0,0,22778,6405,1683,-885,3019,-177,6500,2515,0,8000,0,1000,0.1627,0.040339285714285716,1.0314296598747676,1.0146737433655948,0,0,0.0,0.1627,3002.5,2
80000,1,2,26,0,0,2,2,2,2,38174,40550,41577,41595,43264,43402,3000,2000,1000,2500,1000,2000,0.477175,0.5178375,0.04538947153008632,0.07398091292446549,4,2,-1.3333333333333335,-0.06535,1916.6666666666667,0
210000,1,2,32,0,0,0,0,0,0,918,1144,3977,5365,789,1086,1146,3988,5381,791,1088,948,0.004371428571428571,0.010538888888888888,1.0016736705565599,1.000873362445415,0,0,0.0,-0.0008,2223.6666666666665,0
20000,2,2,27,0,0,0,0,0,0,18854,19116,15030,13025,12223,15975,1292,1509,1522,3111,20000,1121,0.9427,0.7851916666666667,0.3582393493827199,0.06758382591410786,0,0,0.0,0.14395,4759.166666666667,0
140000,3,1,56,0,0,0,0,0,0,141342,137996,139888,126590,111187,111414,5025,5962,4878,4100,4200,4003,1.0095857142857143,0.9147821428571429,0.0384276534852628,0.03641383508337138,0,0,0.0,0.21377142857142858,4694.666666666667,0
120000,1,1,31,0,0,2,0,0,0,413,4480,2080,2280,0,0,4269,0,200,0,0,0,0.0034416666666666667,0.01285138888888889,0.20807399472525673,0.9526891318902031,1,2,0.6666666666666666,0.0034416666666666667,744.8333333333334,4
70000,2,2,34,1,2,2,2,0,0,24208,25015,27189,26456,28361,31873,1500,2900,0,2500,4000,0,0.34582857142857143,0.38833809523809526,0.07605174556850583,0.05996162456028142,4,2,1.0,-0.1095,1816.6666666666667,2
160000,3,2,24,0,0,0,0,0,0,133268,133059,135452,136804,116042,118202,4753,5142,4450,4178,5000,5000,0.832925,0.805028125,0.03690285824883939,0.03572072749135728,0,0,0.0,0.0941625,4753.833333333333,0
210000,1,2,32,0,0,0,0,0,0,19959,1592,-2,560,6190,243,1603,0,562,6196,243,4061,0.09504285714285714,0.022653968253968253,0.800953851682684,1.0062774639045826,0,0,0.0,0.09388571428571428,2110.8333333333335,1
80000,2,2,25,0,0,0,0,0,0,0,0,0,0,0,0,0,0,0,0,0,0,0.0,0.0,0.0,0.0,0,0,0.0,0.0,0.0,6
50000,2,2,25,0,0,0,0,0,0,46895,45929,44709,28179,28877,29217,2000,1740,1400,1000,1000,1100,0.9379,0.74602,0.040199306255640166,0.043544524276072284,0,0,0.0,0.35356,1373.3333333333333,0
50000,2,2,25,0,0,0,0,0,0,47431,48306,35150,25104,20560,8614,2000,1542,1475,1000,350,386,0.94862,0.6172166666666666,0.0466571136683845,0.04140186722421181,0,0,0.0,0.77634,1125.5,0
20000,2,1,26,1,2,0,0,0,0,7072,1514,1898,2558,2498,4074,2,1198,1500,500,2000,0,0.3536,0.16345,0.38184450556285526,0.0013201320132013201,2,2,1.0,0.1499,866.6666666666666,1
100000,2,2,24,0,0,0,0,0,0,3587,660,6010,2789,2973,3611,660,6010,2789,2973,3611,11880,0.03587,0.032716666666666665,0.9994698507360829,0.9984871406959153,0,0,0.0,-0.00024,4653.833333333333,0
70000,1,2,30,0,2,0,2,0,0,832,416,832,416,416,1132,0,832,0,416,1132,0,0.011885714285714286,0.009628571428571429,0.5991037651480106,0.0,2,2,0.0,-0.004285714285714286,396.6666666666667,3
30000,3,2,25,0,0,0,0,2,2,26769,27138,28122,29139,28534,30360,1500,1447,3000,0,2300,0,0.8923,0.9447888888888889,0.05708598203929379,0.05527101219647002,2,2,-1.3333333333333333,-0.1197,1374.5,2
20000,3,2,26,0,0,0,0,0,0,13804,14578,15893,16330,16517,16944,1300,1563,1000,600,700,2000,0.6902,0.7838833333333333,0.06527514351566885,0.0891693531792304,0,0,0.0,-0.157,1193.8333333333333,0
30000,1,1,42,1,2,2,2,0,0,20214,19596,21972,21321,21897,22395,0,3005,0,930,1000,2000,0.6738,0.70775,0.04477584236190721,0.0,4,2,1.0,-0.0727,1155.8333333333333,2
120000,2,2,30,0,0,0,0,0,0,2494,1991,1497,998,697,-103,1997,1506,1001,699,0,897,0.020783333333333334,0.0106625,0.8022570321715353,1.0025100401606426,0,0,0.0,0.020783333333333334,1016.6666666666666,1
160000,2,1,55,0,0,0,0,0,0,155389,152162,154715,155026,79051,81089,6911,6500,4270,2518,2994,0,0.97118125,0.809825,0.036749768173313865,0.04541840000525752,0,0,0.0,0.464375,3865.5,1
10000,3,2,22,0,0,2,0,0,0,10012,9784,9473,8947,9135,8613,2452,7,308,320,328,1000,1.0012,0.9327333333333334,0.07177028319214038,0.2505876341338784,1,2,0.6666666666666666,0.1399,735.8333333333334,0
120000,1,2,31,0,0,0,0,0,0,643,586,3660,5754,5666,5666,586,3660,5754,5666,5666,6246,0.005358333333333333,0.030520833333333334,0.9994993181423828,0.9982964224872232,0,0,0.0,-0.04185833333333333,4596.333333333333,0
240000,1,1,34,0,0,0,0,0,0,41484,42522,43538,44402,45333,46551,1709,1725,1589,1646,1972,1263,0.17285,0.18321527777777777,0.03885301130452028,0.040190014815511606,0,0,0.0,-0.0211125,1650.6666666666667,0
360000,2,2,31,0,0,0,0,0,0,9688,7612,7537,11227,9703,61882,2012,3004,5011,1061,65663,2019,0.02691111111111111,0.0498375,0.4559026630524851,0.26428477604098255,0,0,0.0,-0.14498333333333333,13128.333333333334,0
340000,2,1,52,0,0,0,0,0,0,331508,319742,255166,197695,201907,195961,12100,10000,7000,7000,7000,8000,0.9750235294117647,0.7362642156862745,0.036566255756463405,0.03784289257309777,0,0,0.0,0.3986676470588235,8516.666666666666,0
90000,2,2,28,2,2,0,0,0,2,65521,63869,65212,66627,70652,69397,0,2368,2500,5140,0,2600,0.7280111111111112,0.7431074074074074,0.029316691913012886,0.0,3,2,0.6666666666666666,-0.04306666666666667,2101.3333333333335,2
20000,2,1,35,1,2,2,0,0,0,19755,19661,20018,20427,19377,19386,1000,1000,1000,1500,900,1000,0.98775,0.9885333333333334,0.05471894383644686,0.05085952598921778,3,2,1.6666666666666667,0.01845,1066.6666666666667,0
200000,1,2,33,0,0,0,0,0,0,48950,47766,42798,42142,37580,4831,2374,2355,1550,1000,500,461,0.24475,0.1867225,0.05431795637003123,0.04969958339439362,0,0,0.0,0.220595,1373.3333333333333,0
70000,2,2,24,0,0,0,0,0,0,67897,62826,62595,40327,48673,46158,3000,2916,2004,15006,3000,2200,0.9699571428571429,0.7820857142857143,0.10346317827754939,0.04775017110477979,0,0,0.0,0.31055714285714286,4687.666666666667,0
360000,2,1,50,0,0,0,0,0,0,147,686,6037,1560,0,275,686,6041,1560,0,275,0,0.00040833333333333336,0.004030092592592592,0.7989554891581581,0.9985443959243085,0,0,0.0,-0.00035555555555555557,1427.0,2
380000,1,2,33,0,0,0,0,0,0,11924,16615,3273,9833,6580,6080,16615,3273,9833,6580,6080,4697,0.031378947368421055,0.023817982456140353,0.9998432586040433,0.9999398170438132,0,0,0.0,0.015378947368421053,7846.333333333333,0
230000,2,1,44,0,0,0,0,0,0,14029,9035,11979,6667,11972,8654,9140,12039,6700,11988,22,8910,0.06099565217391304,0.045171014492753625,0.8050056269231474,1.011509517485613,0,0,0.0,0.023369565217391305,8133.166666666667,0
50000,3,2,26,0,0,0,0,0,0,24003,25597,26237,19296,19127,18997,2000,1425,1598,819,705,819,0.48006,0.44419,0.05903568559917606,0.07813110399249941,0,0,0.0,0.10012,1227.6666666666667,0
20000,1,2,24,2,2,2,0,0,0,7919,8637,9339,10029,10615,11285,1000,1000,1000,900,1000,500,0.39595,0.4818666666666667,0.09918357261129733,0.11576753878212549,3,2,2.0,-0.1683,900.0,0
50000,1,2,23,0,0,0,0,0,0,49860,50187,50022,20114,18777,18273,2500,1289,917,1315,5042,2512,0.9972,0.6907766666666667,0.09342172165154408,0.04981270423208735,0,0,0.0,0.63174,2262.5,0
50000,1,2,24,0,0,2,0,0,0,52227,55264,52028,32140,32216,31482,5350,0,1085,2000,1226,2415,1.04454,0.85119,0.04631689611456602,0.09680629693295938,1,2,0.6666666666666666,0.4149,2012.6666666666667,1
120000,1,2,26,0,0,0,0,0,0,115520,98551,84797,66398,44428,31738,5001,5076,5000,3042,2110,600,0.9626666666666667,0.6131,0.06417110877815457,0.05074478447925968,0,0,0.0,0.6981833333333334,3471.5,0
150000,1,2,29,0,0,0,0,0,0,3305,0,0,1298,359,6100,0,0,1298,359,6100,0,0.022033333333333332,0.012291111111111112,0.599257698345072,0.0,0,0,0.0,-0.01863333333333333,1292.8333333333333,3
20000,3,1,34,0,0,0,0,0,0,17692,17293,16803,16525,16185,-2623,2000,2004,1500,1500,0,19500,0.8846,0.70415,0.08366862211826044,0.11564704521799468,0,0,0.0,0.8846,4417.333333333333,1
50000,2,2,36,0,0,0,0,0,0,81793,84360,89215,93908,14308,14808,2682,5000,5000,1000,500,302,1.63586,1.2613066666666668,0.04894561432938749,0.03179194177404251,0,0,0.0,1.3397,2414.0,0
20000,3,1,23,1,2,2,0,0,0,14428,14310,0,0,0,0,480,0,0,0,0,0,0.7214,0.23948333333333335,0.006708126615889876,0.03354063307944938,3,2,1.6666666666666667,0.7214,80.0,5
80000,2,1,26,0,0,0,0,0,0,13465,20577,10424,4898,847,1342,20587,10759,4995,847,1344,4774,0.1683125,0.10740208333333333,1.0103273843664442,1.000437360287686,0,0,0.0,0.1515375,7217.666666666667,0
220000,2,2,39,0,0,0,0,0,0,3553,15696,17257,21624,26246,30781,15696,5000,5000,5000,5000,5000,0.01615,0.0872401515151515,0.37476028555494156,0.9999362935592788,0,0,0.0,-0.12376363636363637,6782.666666666667,0
360000,2,1,39,0,0,0,0,0,0,29814,22699,16866,13618,5000,8000,1333,2500,5000,2000,8000,5000,0.08281666666666666,0.044443055555555555,0.39477401281094926,0.058722466960352424,0,0,0.0,0.060594444444444444,3972.1666666666665,0
160000,2,1,49,0,0,2,0,0,2,16982,21353,20723,21873,25999,26377,4980,0,1500,4520,939,0,0.1061375,0.13886145833333333,0.10224602804613284,0.23321157628547345,2,2,0.0,-0.05871875,1989.8333333333333,2
80000,3,2,24,1,2,2,3,2,2,12098,11607,14814,14163,13770,15323,0,3412,0,0,1810,23,0.151225,0.17036458333333332,0.06968449914736285,0.0,6,3,-0.6666666666666667,-0.0403125,874.1666666666666,3
80000,3,1,39,0,0,0,0,0,0,0,0,0,0,0,0,0,0,0,0,0,0,0.0,0.0,0.0,0.0,0,0,0.0,0.0,0.0,6
10000,2,1,30,0,0,0,0,0,0,390,0,780,0,0,0,0,780,0,0,0,0,0.039,0.0195,0.1997439180537772,0.0,0,0,0.0,0.039,130.0,5
120000,2,2,24,0,0,0,0,0,0,11296,12200,11761,6761,7189,1087,1400,1000,0,1000,1087,801,0.09413333333333333,0.06985277777777778,0.26758543766457726,0.11474469305794607,0,0,0.0,0.085075,881.3333333333334,1
200000,2,2,36,0,0,0,0,0,0,99483,97546,98897,94943,96967,99016,4841,4300,3300,3361,3500,3206,0.497415,0.48904333333333333,0.03957444290663407,0.049627359119193824,0,0,0.0,0.002335,3751.3333333333335,0
400000,3,1,37,0,0,0,0,0,0,76917,79075,81864,83747,85487,88315,4000,4000,3000,3000,4000,4000,0.1922925,0.20641875,0.04313029590591168,0.050584248065152514,0,0,0.0,-0.028495,3666.6666666666665,0
30000,3,2,44,0,0,3,2,2,2,21007,27506,26784,28123,27994,27029,7200,0,2100,1000,0,3000,0.7002333333333334,0.8802388888888889,0.07442830802601778,0.26175155414985274,4,3,-1.0,-0.20073333333333335,2216.6666666666665,2
290000,1,2,34,0,0,0,0,0,0,0,0,0,0,0,0,0,0,0,0,0,0,0.0,0.0,0.0,0.0,0,0,0.0,0.0,0.0,6
30000,2,2,24,1,2,2,3,2,0,20985,20393,20399,19945,19645,11229,0,2403,0,0,2000,0,0.6995,0.6255333333333334,0.05917770153475459,0.0,5,3,0.0,0.3252,733.8333333333334,4
130000,1,2,24,0,0,0,2,0,0,9920,5500,670,670,670,670,5555,670,0,0,0,0,0.07630769230769231,0.023205128205128205,0.40166521681060025,1.009816397018724,1,2,-0.6666666666666666,0.07115384615384615,1037.5,4
50000,2,1,44,0,0,0,0,0,0,5358,6221,7241,8249,8414,8590,1109,1129,1137,302,312,313,0.10716,0.14691,0.10883164446787177,0.17823850851816136,0,0,0.0,-0.06464,717.0,0
260000,2,2,28,1,0,0,0,0,0,0,0,0,0,0,0,0,0,0,0,0,0,0.0,0.0,0.0,0.0,1,1,0.3333333333333333,0.0,0.0,6
300000,3,2,29,0,0,0,0,0,0,103792,108297,75385,76864,124477,192001,8401,4266,3087,49195,70000,7016,0.34597333333333335,0.3782311111111111,0.18682260112464472,0.07757299303772923,0,0,0.0,-0.29403,23660.833333333332,0
170000,2,1,52,0,0,0,0,0,0,170133,168945,160660,163652,131396,130402,7620,6200,10000,5100,5500,5000,1.0007823529411766,0.9070470588235294,0.04515785117263991,0.04510316905993631,0,0,0.0,0.23371176470588234,6570.0,0
240000,2,1,35,0,0,0,0,2,2,109226,110226,111030,114584,115681,112528,5500,5400,8000,4179,0,4000,0.45510833333333334,0.4675520833333333,0.040894831391517325,0.049897030673065584,2,2,-1.3333333333333333,-0.013758333333333332,4513.166666666667,1
100000,2,1,27,0,2,2,0,0,0,102349,96847,58824,29336,22979,-246,3166,0,1330,1398,12,50000,1.02349,0.517225,1.0277722305555683,0.03269040145382455,2,2,1.3333333333333333,1.02349,9317.666666666666,1
150000,3,1,45,0,0,0,0,0,0,47372,42652,42306,41579,40669,39301,2000,2100,1837,1400,1486,1572,0.31581333333333333,0.28208777777777777,0.04258805562208705,0.04689001945935808,0,0,0.0,0.05380666666666667,1732.5,0
30000,3,1,47,0,0,0,0,0,0,1355,5137,1392,696,0,696,5174,1392,696,0,696,696,0.04516666666666667,0.051533333333333334,0.8006838603623991,1.0070066173608407,0,0,0.0,0.021966666666666666,1442.3333333333333,1
150000,3,1,50,0,0,0,0,0,0,3644,875,2162,0,5085,2887,875,2162,0,5085,2887,0,0.024293333333333333,0.01628111111111111,0.7995706496165167,0.9988584474885844,0,0,0.0,0.005046666666666666,1834.8333333333333,2
160000,1,2,27,0,0,2,0,0,0,701,3442,2551,4217,1255,1554,3442,18,4217,0,1000,888,0.00438125,0.014291666666666666,0.5299225169383917,0.9997095556200988,1,2,0.6666666666666666,-0.00533125,1594.1666666666667,1
120000,2,1,27,0,0,0,0,0,2,85492,83567,78276,78971,80907,79219,3500,4326,3000,9000,0,3000,0.7124333333333334,0.6756,0.049274587716581095,0.041882060118705725,1,2,-0.6666666666666666,0.052275,3804.3333333333335,1
50000,2,2,22,1,2,0,0,0,0,44980,41140,31888,28639,26737,24784,7,1580,1621,1020,2473,1079,0.8996,0.66056,0.04884844401615227,0.00017014656911596703,2,2,1.0,0.40392,1296.6666666666667,0
150000,2,1,27,0,0,0,0,0,0,929,0,0,0,0,0,0,0,0,0,0,0,0.006193333333333334,0.0010322222222222224,0.0,0.0,0,0,0.0,0.006193333333333334,0.0,6
50000,2,1,48,0,0,0,0,0,0,48572,45067,46492,47368,7988,8011,2028,2453,2329,431,300,500,0.97144,0.6783266666666667,0.04766389810558437,0.04499866867844147,0,0,0.0,0.81122,1340.1666666666667,0
50000,2,2,28,0,0,0,2,0,0,43747,44488,47342,46326,46358,45283,1746,3600,0,1666,1559,1551,0.87494,0.9118133333333333,0.0371301125135128,0.0392456562296298,1,2,-0.6666666666666666,-0.03072,1687.0,1
20000,2,2,46,0,0,0,0,2,0,11027,12038,13064,14888,14352,14652,1199,1225,2049,0,531,537,0.55135,0.6668416666666667,0.07344232756805472,0.09959298945095107,1,2,-0.6666666666666666,-0.18125,923.5,1
260000,2,1,32,0,0,0,0,0,0,104717,102159,102369,80488,82150,84818,5300,3500,3000,3000,4000,4000,0.4027576923076923,0.35685961538461536,0.04140372935225951,0.05187940485512921,0,0,0.0,0.07653461538461538,3800.0,0
30000,2,1,27,0,0,2,2,0,0,10011,12830,13225,12718,12829,13083,3000,901,0,465,467,485,0.3337,0.4149777777777778,0.07477355332048427,0.23380874444704233,2,2,0.0,-0.1024,886.3333333333334,1
280000,4,2,25,0,0,0,0,0,0,8574,10420,12211,12639,22439,18096,2000,2000,3000,10000,5096,12704,0.03062142857142857,0.050225595238095236,0.264052340788692,0.19192016121293543,0,0,0.0,-0.034007142857142854,5800.0,0
200000,2,2,24,0,0,0,0,0,0,21447,23429,26158,29486,27166,25954,2649,3500,4008,1098,1500,1000,0.107235,0.12803333333333333,0.0961981326542887,0.11306017925736235,0,0,0.0,-0.022535,2292.5,0
50000,2,2,23,0,0,0,0,0,0,49798,50795,50150,9658,10011,9345,2193,2040,330,492,332,500,0.99596,0.59919,0.040535824488561294,0.04317269076305221,0,0,0.0,0.80906,981.1666666666666,0
100000,1,1,29,2,2,0,0,0,0,1526,0,0,0,0,0,0,0,0,0,0,0,0.01526,0.0025433333333333336,0.0,0.0,2,2,1.3333333333333333,0.01526,0.0,6
200000,2,2,42,0,0,0,0,0,0,73032,12928,88930,30000,67861,18929,12928,79365,30000,37861,18929,15004,0.36516,0.24306666666666668,0.8900363199882456,0.999922654497641,0,0,0.0,0.270515,32347.833333333332,0
70000,2,2,34,0,0,0,0,0,0,67655,68525,68038,55193,27099,28298,3200,2518,1525,1000,2000,2000,0.9665,0.7495428571428572,0.04378196991021597,0.046697603829203516,0,0,0.0,0.5622428571428572,2040.5,0
450000,1,1,54,0,0,0,0,0,0,2500,0,0,0,0,0,0,0,0,0,0,0,0.005555555555555556,0.000925925925925926,0.0,0.0,0,0,0.0,0.005555555555555556,0.0,6
330000,3,1,50,0,0,0,0,0,0,2064,0,0,0,0,324,0,0,0,0,324,0,0.0062545454545454545,0.0012060606060606061,0.19938461538461538,0.0,0,0,0.0,0.005272727272727273,54.0,5
80000,3,1,42,0,0,0,0,0,0,-1590,-6256,-10922,-15588,-20254,-24920,4666,4666,4666,4666,266,0,0.0,0.0,5.0,5.0,0,0,0.0,0.0,3155.0,1
50000,2,2,33,0,0,0,0,0,0,53282,50936,49911,19817,20492,20365,3000,2300,715,1000,878,1000,1.06564,0.71601,0.046592783348441025,0.05889628364450203,0,0,0.0,0.65834,1482.1666666666667,0
280000,3,2,35,0,0,0,0,0,0,275659,265870,269140,272665,159017,88321,10932,12011,10807,4306,4023,5387,0.9844964285714286,0.7920666666666666,0.03960147151716644,0.04111768489229739,0,0,0.0,0.6690642857142857,7911.0,0
50000,2,1,28,0,0,0,0,0,0,20914,29303,2515,7885,14493,2113,10087,2522,7951,14493,2120,3027,0.41828,0.25741,0.8715231278392693,0.3442192192192192,0,0,0.0,0.37602,6700.0,0
140000,1,2,24,0,0,2,2,0,0,6265,7300,1934,0,0,0,2198,5,0,0,0,0,0.04475,0.018451190476190475,0.06072772587522081,0.30105465004793863,2,2,0.0,0.04475,367.1666666666667,4
340000,1,1,34,0,0,0,0,0,0,76786,57803,68670,20299,27816,43637,39749,15000,12000,10000,20000,5400,0.22584117647058824,0.14461323529411765,0.4630051478187197,0.6876513736073628,0,0,0.0,0.09749705882352941,17024.833333333332,0
270000,2,1,37,0,0,0,0,0,0,304,-22,-348,326,326,304,0,0,1000,326,304,0,0.0011259259259259258,0.0007777777777777777,1.0103534366070086,0.0,0,0,0.0,0.0,271.6666666666667,3
240000,1,2,26,0,2,0,0,0,0,1611,1435,2236,3166,1925,3326,14,2236,3166,0,3326,490,0.0067125,0.009513194444444444,0.6017371898062518,0.009749303621169917,1,2,0.6666666666666666,-0.007145833333333333,1538.6666666666667,1
340000,2,1,33,2,0,0,0,0,0,411,10983,8548,11190,8210,7981,11038,8591,11246,8251,8021,0,0.0012088235294117648,0.023197549019607844,1.004900253597636,1.0049162418062636,1,2,0.6666666666666666,-0.02226470588235294,7857.833333333333,1
200000,1,1,53,0,0,0,0,0,0,195050,0,0,0,1000,0,0,0,0,1000,0,0,0.97525,0.163375,0.1998001998001998,0.0,0,0,0.0,0.97525,166.66666666666666,5
130000,3,2,55,0,0,0,0,0,0,116336,121544,128243,115204,101158,95895,10063,20000,10009,10000,5000,5000,0.8948923076923077,0.8697179487179487,0.09532382066584123,0.08279238142251841,0,0,0.0,0.15723846153846155,10012.0,0
60000,2,2,28,0,0,2,2,2,2,37788,39366,41531,42048,41241,44056,2500,3114,1496,0,3500,0,0.6298,0.6834166666666667,0.05070067537694519,0.0635049660883481,4,2,-1.3333333333333335,-0.10446666666666667,1768.3333333333333,2
20000,2,2,24,0,0,0,0,0,0,17172,18179,19061,20182,19982,19482,1597,1479,1600,400,0,298,0.8586,0.9504833333333333,0.05294487125533145,0.08784378437843784,0,0,0.0,-0.1155,895.6666666666666,1
20000,3,3,46,0,0,0,0,0,0,20393,19908,20310,15617,219,1205,1425,20310,1020,219,1205,109,1.01965,0.6471,0.626292210299263,0.07157566929529359,0,0,0.0,0.9594,4048.0,0
180000,1,1,29,1,2,0,0,0,0,36537,35655,37767,39065,41967,43189,0,3000,2000,3500,3500,5900,0.20298333333333332,0.21683333333333332,0.05901237750147008,0.0,2,2,1.0,-0.036955555555555554,2983.3333333333335,1
230000,2,2,39,0,0,0,0,0,0,35289,27678,13800,10238,6968,4704,1646,1017,214,406,412,1420,0.1534304347826087,0.07150507246376812,0.05997653511705815,0.059467466310199064,0,0,0.0,0.1329782608695652,852.5,0
260000,1,2,33,0,0,0,0,0,0,1900,0,204,-810,2190,810,0,204,0,3000,0,0,0.007307692307692308,0.0032717948717948717,0.4728719484365086,0.0,0,0,0.0,0.004192307692307692,534.0,4
50000,2,1,41,0,0,0,0,0,0,8988,6849,7471,8043,19526,7564,1200,2000,2000,3000,1000,10640,0.17976,0.19480333333333333,0.1954604185908358,0.17518248175182483,0,0,0.0,0.02848,3306.6666666666665,0
50000,2,1,49,0,0,0,0,0,0,48321,48890,30272,31080,15315,15238,1839,1640,1901,526,537,577,0.96642,0.6303866666666667,0.044506488492815834,0.03761428483770019,0,0,0.0,0.66166,1170.0,0
390000,1,2,29,0,0,2,0,0,0,43062,47142,46088,47016,48332,62205,5100,0,2000,2071,15000,2300,0.11041538461538461,0.12557478632478633,0.08694043258605874,0.10818149035912013,1,2,0.6666666666666666,-0.049084615384615386,4411.833333333333,1
20000,3,1,45,0,0,0,0,0,0,1403,6920,10785,390,6210,1040,6990,10785,390,6210,1040,9113,0.07015,0.2229,1.001239556113696,1.0099696575639359,0,0,0.0,0.01815,5754.666666666667,0
150000,1,2,28,1,0,0,0,0,0,-89,13894,24782,1927,8200,3867,13983,24831,2358,8210,19,0,0.0,0.058522222222222225,0.8474617193944869,1.00633321338611,1,1,0.3333333333333333,-0.02578,8233.5,1
280000,3,1,44,0,0,0,0,0,0,295786,305529,311081,313242,151292,152318,15000,10472,11334,10010,6000,200000,1.0563785714285714,0.9102666666666667,0.0448989920164554,0.04909501521945472,0,0,0.0,0.5123857142857143,42136.0,0
200000,3,2,30,0,0,0,0,0,0,111053,112269,76726,72487,74108,67036,5020,4005,2800,3300,3000,2700,0.555265,0.42806583333333337,0.04496383664458838,0.0447136367685045,0,0,0.0,0.220085,3470.8333333333335,0
200000,1,1,67,1,0,0,0,0,0,0,0,0,0,0,0,0,0,0,0,0,0,0.0,0.0,0.0,0.0,1,1,0.3333333333333333,0.0,0.0,6
320000,1,2,29,0,0,0,0,0,0,9161,26156,13185,17439,66408,14333,28524,13270,17562,66751,14405,52677,0.028628125,0.076396875,1.0227921993911513,1.0904920289023972,0,0,0.0,-0.0161625,32198.166666666668,0
200000,3,2,49,0,0,2,0,0,0,196272,209034,203592,194238,192451,196355,17500,0,7000,7350,7300,11500,0.98136,0.993285,0.03902496547632829,0.0837180376491975,1,2,0.6666666666666666,-0.000415,8441.666666666666,1
340000,2,1,35,0,0,0,0,0,0,38214,39229,40747,41930,43397,44710,1500,2000,2000,2000,2000,2000,0.11239411764705882,0.1216799019607843,0.04516648191536061,0.03823604384399694,0,0,0.0,-0.019105882352941177,1916.6666666666667,0
150000,1,2,33,0,0,0,0,0,0,96066,98277,88202,48179,49426,50534,4400,4000,2000,2000,1900,1700,0.64044,0.4785377777777778,0.04193866128175294,0.04477095585990761,0,0,0.0,0.3035466666666667,2666.6666666666665,0
260000,2,1,31,0,2,0,0,0,0,7559,4860,1350,4645,4625,12209,0,1350,4645,4625,12209,4365,0.029073076923076924,0.022594871794871796,0.7997492998151994,0.0,1,2,0.6666666666666666,-0.017884615384615384,4532.333333333333,1
200000,1,1,34,0,0,0,0,0,0,165,165,165,0,0,0,165,165,0,0,0,0,0.000825,0.0004125,0.39759036144578314,0.9939759036144579,0,0,0.0,0.000825,55.0,4
130000,1,2,37,0,0,0,0,0,0,116093,100296,95053,96146,98310,95726,3647,4198,3490,3800,3920,3447,0.8930230769230769,0.7713128205128206,0.03928551797852091,0.036362004845608545,0,0,0.0,0.15666923076923078,3750.3333333333335,0
290000,1,2,41,0,0,0,0,0,0,275367,255049,247090,242309,238609,238712,10580,9006,8507,10902,8600,8671,0.9495413793103449,0.860422988505747,0.03895084735572139,0.0414820623407175,0,0,0.0,0.12639655172413794,9377.666666666666,0
20000,2,2,28,0,0,0,2,0,0,10926,12899,18394,16806,36070,19257,2500,9000,0,2000,2000,1500,0.5463,0.9529333333333334,0.16847219679089764,0.1937984496124031,1,2,-0.6666666666666666,-0.41655,2833.3333333333335,1
130000,3,2,27,0,0,0,0,0,0,29645,28193,30790,21200,21810,13629,2000,5000,5000,1000,4000,6587,0.22803846153846155,0.1862397435897436,0.16169576695142296,0.07093707881109455,0,0,0.0,0.1232,3931.1666666666665,0
430000,2,1,28,0,0,0,0,0,0,25968,22938,18753,14734,17572,18784,1313,5002,1000,5000,5000,2000,0.060390697674418604,0.04602674418604651,0.1885036079793752,0.05723876367757967,0,0,0.0,0.016706976744186048,3219.1666666666665,0
100000,1,2,26,1,0,0,0,0,0,0,0,0,0,0,0,0,0,0,0,0,150,0.0,0.0,0.0,0.0,1,1,0.3333333333333333,0.0,25.0,5
190000,1,2,40,0,0,0,0,0,0,991,991,991,666,991,1316,991,991,666,991,1316,816,0.00521578947368421,0.00521578947368421,0.9989434509268256,0.998991935483871,0,0,0.0,-0.0017105263157894738,961.8333333333334,0
200000,1,2,38,0,0,0,0,0,0,1488,4242,8235,0,0,0,4246,8511,0,0,0,2401,0.00744,0.0116375,0.4068194084088102,1.0007070469007777,0,0,0.0,0.00744,2526.3333333333335,3
20000,3,1,50,1,5,4,5,4,3,18378,17797,19225,18644,18063,17491,0,2000,0,0,0,0,0.9189,0.9133166666666666,0.02080515967960054,0.0,6,5,-0.6666666666666665,0.04435,333.3333333333333,5
60000,2,1,47,0,0,0,0,0,0,54532,54203,58199,59152,76006,19604,1970,6000,3000,1000,1000,1000,0.9088666666666667,0.8936,0.05086339675517363,0.03634418124123681,0,0,0.0,0.5821333333333333,2328.3333333333335,0
120000,2,2,30,0,0,0,0,0,0,2680,14770,7817,416,270,0,14770,7832,416,270,0,0,0.022333333333333334,0.03604583333333333,0.7991269841321934,0.9999322997765893,0,0,0.0,0.022333333333333334,3881.3333333333335,2
110000,2,1,39,0,0,0,0,0,0,54806,54544,55357,56281,56483,56685,2000,2200,2200,2149,2170,2000,0.49823636363636364,0.5062969696969697,0.038364879132553,0.03666697222476854,0,0,0.0,-0.01708181818181818,2119.8333333333335,0
260000,1,2,36,0,0,0,0,0,0,10425,12722,4948,13100,10854,7537,2297,7256,13100,10854,7537,3710,0.040096153846153844,0.038196153846153845,0.9292785690148104,0.1805391810107679,0,0,0.0,0.011107692307692308,7459.0,0
170000,3,1,44,0,0,0,0,0,0,150692,152861,156393,147611,28697,107142,6936,8266,5792,662,108927,4154,0.8864235294117647,0.7288196078431373,0.23543688111492975,0.045374259135691014,0,0,0.0,0.2561764705882353,22456.166666666668,0
90000,2,1,55,0,0,0,0,0,0,15019,19740,25382,27132,31675,37900,5000,6000,5000,5000,8000,2000,0.1668777777777778,0.29045925925925925,0.20857210810283036,0.25327997568512234,0,0,0.0,-0.2542333333333333,5166.666666666667,0
180000,3,1,47,0,0,0,0,0,0,3735,3404,7141,1304,1534,2395,3404,7141,1304,1534,2395,6090,0.02075,0.018067592592592593,0.9995462371696684,0.9997063142437592,0,0,0.0,0.0074444444444444445,3644.6666666666665,0
50000,3,1,51,0,0,0,0,0,0,43045,42965,43132,43995,43230,43334,1738,1653,1516,1530,2139,1572,0.8609,0.86567,0.0395965005007272,0.04045058883768561,0,0,0.0,-0.00578,1691.3333333333333,0
200000,1,1,40,0,0,0,0,0,0,2552,8064,32082,6914,1905,3244,8084,32105,7186,1905,3244,9768,0.01276,0.04563416666666667,1.0082797841964355,1.002355858648481,0,0,0.0,-0.00346,10382.0,0
220000,1,1,47,0,0,0,0,0,0,210753,188270,177515,166282,100244,-607,6426,7160,6495,3993,0,176566,0.9579681818181818,0.6386848484848484,0.03067167391316451,0.03413165065251685,0,0,0.0,0.9579681818181818,33440.0,1
260000,1,1,30,0,0,0,0,0,0,1131,291,582,291,0,291,291,582,0,0,130291,651,0.00435,0.0016576923076923077,1.3989720153199088,0.9965753424657534,0,0,0.0,0.0032307692307692306,21969.166666666668,2
180000,2,1,26,0,0,0,0,0,0,186248,178001,145248,58142,22312,7340,18000,5044,6506,500,500,2000,1.0347111111111111,0.5530472222222222,0.06765292726434984,0.10112245929821014,0,0,0.0,0.9939333333333333,5425.0,0
50000,3,2,23,0,0,0,0,0,2,34364,34212,33886,32929,34549,33458,1861,2004,1324,3768,1,1141,0.68728,0.6779933333333333,0.05256559421648775,0.05439452839563908,1,2,-0.6666666666666666,0.01812,1683.1666666666667,0
50000,1,2,54,2,0,0,0,0,0,9159,10474,10184,6279,7693,15083,1500,1508,1000,1500,1000,2000,0.18318,0.19624,0.14234943102187833,0.1431980906921241,1,2,0.6666666666666666,-0.11848,1418.0,0
180000,2,2,26,1,0,0,0,0,0,0,0,1000,0,0,0,0,1000,0,0,0,0,0.0,0.0009259259259259259,0.1998001998001998,0.0,1,1,0.3333333333333333,0.0,166.66666666666666,5
500000,1,1,39,0,0,0,0,0,0,28852,112344,26834,33120,21771,52277,90668,26834,33452,21881,52539,57159,0.057704,0.09173266666666667,0.9654010155887486,0.8070497129378255,0,0,0.0,-0.04685,47088.833333333336,0
150000,2,1,26,0,0,0,0,0,0,115786,123423,5250,0,0,0,10000,5250,0,0,0,0,0.7719066666666666,0.2716211111111111,0.21616621587986473,0.0810215193155302,0,0,0.0,0.7719066666666666,2541.6666666666665,4
210000,2,2,29,0,0,0,0,0,0,52143,53182,54331,55827,57295,58571,2500,2600,3000,3000,2200,2300,0.2483,0.26297539682539683,0.04770363980326518,0.04700750239738262,0,0,0.0,-0.03060952380952381,2600.0,0
150000,2,2,23,0,0,0,0,0,0,7795,13821,6640,5831,10514,5432,7000,1000,1070,6000,2432,116,0.05196666666666667,0.05559222222222222,0.3717474966847204,0.506439010273477,0,0,0.0,0.015753333333333334,2936.3333333333335,0
50000,2,2,53,0,0,0,0,0,0,51320,50602,50095,34120,33235,32377,1952,1979,1495,1144,1165,946,1.0264,0.8391633333333333,0.03845906587565008,0.038574788056044106,0,0,0.0,0.37886,1446.8333333333333,0
230000,2,1,35,1,0,0,0,0,0,0,0,0,0,0,0,0,0,0,0,0,0,0.0,0.0,0.0,0.0,1,1,0.3333333333333333,0.0,0.0,6
100000,2,1,26,0,0,0,0,0,0,1962,4911,5933,6942,7102,9966,3000,1106,1115,275,3000,412,0.01962,0.06136,0.2594870909600539,0.6107491856677525,0,0,0.0,-0.08004,1484.6666666666667,0
220000,1,2,34,0,0,0,0,0,0,29549,28267,29708,25407,25109,23320,2000,3000,800,5000,5000,2000,0.13431363636363636,0.12224242424242424,0.1233479842878044,0.07075137965190322,0,0,0.0,0.028313636363636364,2966.6666666666665,0
210000,3,2,32,0,0,0,0,0,0,204157,211065,206043,181945,52712,3574,10059,10120,8256,5000,4036,153904,0.9721761904761905,0.6821396825396826,0.2731908425854088,0.04765807851572494,0,0,0.0,0.9551571428571428,31895.833333333332,0
50000,1,2,28,1,0,0,0,0,0,0,0,0,0,0,0,0,0,0,0,0,0,0.0,0.0,0.0,0.0,1,1,0.3333333333333333,0.0,0.0,6
160000,3,1,61,0,0,0,0,0,0,390,390,390,780,390,390,390,390,780,0,390,390,0.0024375,0.00284375,0.7982093911995572,0.9974424552429667,0,0,0.0,0.0,390.0,1
20000,3,2,28,0,2,2,2,0,0,3515,4301,5075,4845,6753,9615,1000,1000,0,2000,3000,2000,0.17575,0.2842,0.20751127799415614,0.23245002324500233,3,2,0.6666666666666666,-0.305,1500.0,1
30000,2,2,22,0,0,0,0,0,0,13271,9277,2655,2800,4503,780,2015,2655,2800,4503,780,11500,0.4423666666666667,0.18492222222222224,0.8429888941684937,0.21718042681612418,0,0,0.0,0.41636666666666666,4042.1666666666665,0
220000,1,2,27,0,0,0,0,0,0,67028,32546,29814,31488,8495,10170,5332,5000,10238,5000,5000,2000,0.30467272727272726,0.1360159090909091,0.34735216856790746,0.16382462285310473,0,0,0.0,0.25844545454545453,5428.333333333333,0
200000,1,1,41,0,0,0,2,0,0,1980,1802,5647,3604,1802,1802,1802,5647,0,0,1802,3829,0.0099,0.013864166666666667,0.5997427367670187,0.9994453688297282,1,2,-0.6666666666666666,0.00089,2180.0,2
200000,1,1,36,1,0,0,0,0,0,-95,-95,-95,5,1005,21,0,0,100,1000,500,0,0.0,0.0008591666666666667,2.198807157057654,0.0,1,1,0.3333333333333333,-0.000105,266.6666666666667,3
310000,2,1,37,0,0,0,0,0,0,100648,-2000,3500,159028,162372,165588,716,6000,159028,5899,5921,6130,0.3246709677419355,0.3178150537634409,1.5571753815805724,5.0,0,0,0.0,-0.20948387096774193,30615.666666666668,0
180000,1,2,27,0,0,0,0,0,0,174546,175121,150710,135981,136064,137343,8269,6606,5000,4900,4900,4900,0.9697,0.842375,0.03990187177156286,0.047218510524091775,0,0,0.0,0.20668333333333333,5762.5,0
30000,3,1,53,2,2,0,0,0,0,35647,34775,35946,37685,33305,28305,0,1733,2452,1072,1089,3101,1.1882333333333333,1.142572222222222,0.03678652310375306,0.0,2,2,1.3333333333333333,0.24473333333333333,1574.5,1
10000,3,2,24,1,3,2,3,2,0,5530,5792,6050,5808,5569,5876,500,500,0,0,400,364,0.553,0.5770833333333333,0.04740079430564428,0.08631106507854307,5,3,0.33333333333333326,-0.0346,294.0,2
150000,3,2,47,0,0,0,0,0,0,132093,129831,126485,124547,117364,117368,5000,5000,5000,5000,5000,5000,0.88062,0.8307644444444445,0.04067787275102206,0.03851130691971163,0,0,0.0,0.09816666666666667,5000.0,0
120000,2,2,23,0,0,2,0,0,0,39517,42543,41583,42736,43806,44623,4000,0,2000,1600,1500,1557,0.3293083333333333,0.3539,0.04219124138073681,0.0940203083866115,1,2,0.6666666666666666,-0.04255,1776.1666666666667,1
230000,2,1,43,0,0,0,0,0,2,3472,4053,4503,4964,4400,3979,1061,1275,1000,200,0,227,0.015095652173913043,0.01838478260869565,0.15833052286977842,0.26171682289097187,1,2,-0.6666666666666666,-0.0022043478260869564,627.1666666666666,1
180000,1,1,39,0,0,0,0,0,0,892,6809,18390,13999,933,933,6846,18399,13999,933,933,993,0.004955555555555556,0.03884814814814815,1.0007017165591907,1.0052863436123347,0,0,0.0,-0.00022777777777777778,7017.166666666667,0
130000,2,1,53,0,0,0,0,0,0,780,0,390,390,390,390,0,390,390,390,390,390,0.006,0.003,0.7979539641943734,0.0,0,0,0.0,0.003,325.0,1
350000,2,2,31,0,0,0,0,0,0,360347,357139,272072,267277,255680,261573,13100,10000,10000,8200,9000,9000,1.0295628571428572,0.8448038095238095,0.035465533197008146,0.036680293442347536,0,0,0.0,0.28221142857142856,9883.333333333334,0
120000,1,2,27,0,0,0,0,0,0,19333,0,0,0,0,0,0,0,0,0,0,0,0.16110833333333333,0.026851388888888886,0.0,0.0,0,0,0.0,0.16110833333333333,0.0,6
420000,2,2,31,0,0,0,0,0,0,25103,21330,16024,9603,2131,64507,1509,1067,3061,2210,64524,2324,0.05976904761904762,0.05503888888888889,0.498576067792027,0.07074211241854578,0,0,0.0,-0.09381904761904762,12449.166666666666,0
260000,3,2,38,0,0,0,0,0,0,30845,20395,17902,18258,18640,18956,1275,1279,635,657,669,668,0.11863461538461538,0.08012564102564103,0.04785309048124252,0.062512257305354,0,0,0.0,0.045726923076923075,863.8333333333334,0
80000,2,1,40,0,0,0,0,0,0,5143,8351,3234,1819,1909,1909,6458,3917,1819,2299,1909,3069,0.0642875,0.04659375,1.0373278090868847,0.773227969348659,0,0,0.0,0.040425,3245.1666666666665,0
500000,2,1,40,0,0,0,0,0,0,215508,214460,220047,217920,159393,149626,10004,10025,10294,6046,5076,5000,0.431016,0.392318,0.04225964844577522,0.046647175943411626,0,0,0.0,0.131764,7740.833333333333,0
50000,3,1,29,1,2,0,0,0,0,22446,21799,23130,24432,26862,29244,0,1698,2000,3000,3000,5000,0.44892,0.49304333333333333,0.07390477929306971,0.0,2,2,1.0,-0.13596,2449.6666666666665,1
230000,2,2,39,0,0,0,0,0,0,326,326,326,326,326,326,652,326,326,326,326,326,0.001417391304347826,0.001417391304347826,1.1963302752293576,1.9938837920489296,0,0,0.0,0.0,380.3333333333333,0
210000,3,1,39,0,0,0,0,0,0,106028,107312,65968,67307,46511,47583,6000,5000,2697,2000,2012,1172,0.5048952380952381,0.34976904761904765,0.05141133921326011,0.0559112129937659,0,0,0.0,0.2783095238095238,3146.8333333333335,0
210000,3,1,55,0,0,0,0,0,0,217016,204418,204377,146575,144521,147938,8049,9000,6000,5500,5816,5500,1.0334095238095238,0.8451150793650793,0.040343089266362306,0.03937500917233721,0,0,0.0,0.32894285714285715,6644.166666666667,0
260000,1,1,37,1,2,2,2,0,0,58261,59706,60969,59400,60315,63230,3000,2800,0,2500,4000,4000,0.22408076923076922,0.231975,0.04017561431160714,0.050245364865091194,4,2,1.0,-0.01911153846153846,2716.6666666666665,1
50000,1,2,25,0,0,0,0,0,0,18595,18326,18814,19189,19233,19108,1310,1297,672,837,836,836,0.3719,0.37755,0.052539509162747286,0.07147923828231571,0,0,0.0,-0.01026,964.6666666666666,0
400000,2,2,32,0,0,0,0,0,0,6464,-270,-770,-761,-2710,187552,1692,0,9,11,194541,7015,0.01616,0.08084,3.2074517603024213,5.0,0,0,0.0,-0.45272,33878.0,1
50000,2,1,25,1,0,0,0,0,0,-8,37230,10496,3614,2254,1494,18631,1000,0,0,0,0,0.0,0.1836266666666667,0.11913632672655294,0.5004163197335554,1,1,0.3333333333333333,-0.02988,3271.8333333333335,4
50000,3,1,55,0,0,0,0,0,0,1344,780,13032,14292,16698,15436,1200,13032,1500,3000,554,2000,0.02688,0.2052733333333333,0.5713801408997249,1.5364916773367479,0,0,0.0,-0.28184,3547.6666666666665,0
190000,1,2,27,2,2,2,0,0,2,114355,124449,121093,123126,131120,134135,13500,0,5500,10000,5200,5000,0.6018684210526316,0.6563842105263158,0.05363573688481917,0.10847730012053033,4,2,1.3333333333333335,-0.10410526315789474,6533.333333333333,1
90000,2,2,29,1,2,2,2,0,0,34954,34093,37539,36641,37061,38011,0,4000,0,1326,1547,3000,0.38837777777777777,0.4042574074074074,0.036605714049235086,0.0,4,2,1.0,-0.033966666666666666,1645.5,2
30000,1,2,28,2,2,2,2,0,0,9799,10056,9815,7576,5746,3900,2350,2000,0,144,128,39,0.32663333333333333,0.2605111111111111,0.09905714476744053,0.23366809187630505,4,2,1.3333333333333335,0.19663333333333333,776.8333333333334,1
390000,1,1,33,0,0,0,0,0,0,17794,23518,28139,32711,36215,40650,6000,5000,5000,4000,5000,8883,0.045625641025641026,0.07650726495726495,0.16381832662632476,0.25511288745269783,0,0,0.0,-0.058605128205128205,5647.166666666667,0
250000,2,1,35,0,0,0,0,0,0,27107,36565,39711,47523,52726,57649,10000,10000,10000,6000,6000,5000,0.108428,0.17418733333333333,0.19071623227658704,0.27347809440463816,0,0,0.0,-0.122168,7833.333333333333,0
290000,3,1,47,2,0,0,0,0,0,255412,217382,250549,31370,-4020,107239,5130,4647,949,4391,146216,60686,0.8807310344827586,0.4953747126436781,1.2871686882957853,0.02359890147803646,1,2,0.6666666666666666,0.5109413793103448,37003.166666666664,0
320000,1,2,30,0,0,0,0,0,0,8144,7824,7500,7500,7500,7500,7500,7500,7500,7500,7500,42562,0.02545,0.023941666666666667,0.9915866382884838,0.9584664536741214,0,0,0.0,0.0020125,13343.666666666666,0
180000,2,1,41,0,0,0,0,0,0,184650,0,0,0,0,0,0,0,0,0,9000,0,1.0258333333333334,0.17097222222222222,1.0,0.0,0,0,0.0,1.0258333333333334,1500.0,5
420000,1,2,31,0,0,0,0,0,0,31065,25918,20899,14966,5676,134038,2004,3000,1041,5676,135687,4192,0.07396428571428572,0.09228650793650794,0.4605060527921472,0.077317797754543,0,0,0.0,-0.24517380952380952,25266.666666666668,0
10000,2,1,26,2,2,2,2,2,0,2742,5015,4789,6199,5951,6255,2500,0,1500,0,400,400,0.2742,0.51585,0.1608558412930121,0.4984051036682616,5,2,0.6666666666666667,-0.3513,800.0,2
500000,1,1,57,0,0,0,0,0,0,18726,29914,8340,16561,15662,28935,29914,8340,16561,15701,28935,10000,0.037452,0.039379333333333336,1.0004355687539572,0.9999665719538693,0,0,0.0,-0.020418,18241.833333333332,0
160000,2,2,25,0,0,0,0,0,0,0,0,0,0,0,0,0,0,0,0,0,0,0.0,0.0,0.0,0.0,0,0,0.0,0.0,0.0,6
120000,1,2,24,0,0,0,0,0,0,3377,4644,8528,8200,3488,1161,2500,5000,1000,3488,1161,5036,0.028141666666666666,0.04083055555555556,0.6490474957827017,0.5382131324004306,0,0,0.0,0.018466666666666666,3030.8333333333335,0
70000,1,2,28,0,0,0,0,0,0,21777,20335,21699,22460,20345,42123,2000,2000,1500,3000,721,1200,0.3111,0.35414047619047617,0.08437226850514865,0.0983477576711251,0,0,0.0,-0.29065714285714284,1736.8333333333333,0
30000,2,1,39,1,2,0,0,0,0,29388,27850,28525,29091,28923,29553,0,1452,1018,1038,1100,964,0.9796,0.9629444444444444,0.031800105372855915,0.0,2,2,1.0,-0.0055,928.6666666666666,1
10000,2,2,22,0,0,0,0,0,0,8780,4060,2774,3764,4001,5134,1100,1300,1200,300,1200,0,0.878,0.4752166666666667,0.273343138222379,0.2708692440285644,0,0,0.0,0.3646,850.0,1
140000,1,2,28,0,0,0,0,0,0,31,1272,1446,2880,1914,968,2000,1500,3000,1914,0,3287,0.00022142857142857142,0.010132142857142857,0.9297004646486642,1.5710919088766693,0,0,0.0,-0.006692857142857143,1950.1666666666667,1
380000,3,1,38,0,0,0,0,0,0,380781,389354,373512,304594,305275,303402,16750,14100,11000,11000,11100,13500,1.0020552631578947,0.9021570175438597,0.03790021101701779,0.04301986618895352,0,0,0.0,0.20362894736842105,12908.333333333334,0
10000,3,1,30,0,0,0,3,2,0,7470,8315,11267,10626,10160,10052,1141,3258,0,0,357,400,0.747,0.9648333333333334,0.09237091098463843,0.13720538720538722,2,3,-1.6666666666666667,-0.2582,859.3333333333334,2
220000,1,1,43,0,0,0,0,0,0,64792,65463,66834,68221,69576,71035,2344,2427,2500,2490,2580,2593,0.2945090909090909,0.3075159090909091,0.03617432391866913,0.03580593914212392,0,0,0.0,-0.028377272727272727,2489.0,0
50000,3,1,37,0,0,2,2,0,0,3057,3427,3207,0,1250,5245,3000,0,0,1250,5245,0,0.06114,0.05395333333333333,0.5748311751411004,0.8751458576429405,2,2,0.0,-0.04376,1582.5,3
80000,2,1,42,2,0,0,0,0,0,80586,77960,79804,75299,76933,78953,3000,3200,3000,3400,3300,3500,1.007325,0.9781979166666666,0.0408818736248308,0.038480778850963945,1,2,0.6666666666666666,0.0204125,3233.3333333333335,0
50000,2,2,38,0,0,0,0,0,0,42856,29248,17775,17833,18246,18642,1300,1600,650,700,700,700,0.85712,0.482,0.04936245520486569,0.04444596396457998,0,0,0.0,0.48428,941.6666666666666,0
120000,1,2,28,0,0,2,0,0,0,200,1986,1117,425,-267,1451,1986,0,0,0,2210,0,0.0016666666666666668,0.007193055555555555,0.5043070592459804,0.9994967287367891,1,2,0.6666666666666666,-0.010425,699.3333333333334,4
20000,2,2,24,0,0,0,0,0,0,17850,15528,13597,14088,13723,16318,2019,2000,1003,1000,3000,2000,0.8925,0.7592,0.12099708040454929,0.1300148109987765,0,0,0.0,0.0766,1837.0,0
50000,3,1,42,0,0,0,0,0,0,50906,48888,47037,12187,9962,10015,2009,1180,1000,1000,348,1000,1.01812,0.59665,0.0566685776074093,0.041093088424799036,0,0,0.0,0.81782,1089.5,0
20000,2,2,22,1,2,2,2,0,0,14645,14113,18550,17867,18072,17899,0,4675,0,701,563,1000,0.73225,0.8428833333333334,0.06444952660243522,0.0,4,2,1.0,-0.1627,1156.5,2
110000,2,2,25,0,0,0,0,0,0,111115,113515,111815,79375,78541,79731,6000,5000,3000,3100,3000,3000,1.0101363636363636,0.8698363636363636,0.04249249598668951,0.05285598505937489,0,0,0.0,0.2853090909090909,3850.0,0
70000,3,1,30,2,2,2,2,2,2,55352,56448,57550,58008,58957,60367,2600,2600,2000,2500,2500,2400,0.7907428571428572,0.8254333333333334,0.04190594799197367,0.046059274743573846,6,2,0.0,-0.07164285714285715,2433.3333333333335,0
300000,3,1,61,0,0,0,0,0,0,269781,275773,282818,289012,123239,123812,10001,11001,12001,10001,5001,5001,0.89927,0.7580194444444445,0.04764582291666598,0.0362652026659511,0,0,0.0,0.48656333333333335,8834.333333333334,0
50000,2,2,24,0,0,0,0,0,0,50870,49831,47162,47696,36476,32654,1985,2316,1850,1500,1200,5196,1.0174,0.8822966666666667,0.04111925200471286,0.03983384170813935,0,0,0.0,0.36432,2341.1666666666665,0
50000,2,2,23,1,0,0,0,0,0,18085,4120,0,261,28606,24041,7000,0,261,46506,2000,3000,0.3617,0.2503766666666667,0.8807347644692042,1.6986168405726765,1,1,0.3333333333333333,-0.11912,9794.5,1
40000,2,2,23,0,0,0,2,2,6,20035,21406,24735,24050,43317,44059,2000,4000,0,20000,2000,0,0.500875,0.7400083333333333,0.15244589910278866,0.09342738356612323,3,6,-3.3333333333333335,-0.6006,4666.666666666667,2
290000,3,2,43,0,0,0,0,0,0,170823,174650,123514,125973,128608,127976,8050,123514,4274,4426,4859,5407,0.5890448275862069,0.48939310344827586,0.23047872155292884,0.04609192045851441,0,0,0.0,0.14774827586206896,25088.333333333332,0
100000,1,2,27,0,0,0,0,0,0,2927,831,1226,330,0,0,831,1226,330,0,0,0,0.02927,0.008856666666666665,0.5989923865923605,0.9987980769230769,0,0,0.0,0.02927,397.8333333333333,3
460000,3,1,57,0,0,0,0,0,0,7516,23485,7398,6143,9634,9581,23524,7409,12286,9634,9581,38354,0.01633913043478261,0.023100362318840578,1.2004871695444836,1.001617985182662,0,0,0.0,-0.004489130434782608,16798.0,0
70000,1,2,51,0,0,0,2,0,0,43048,43257,44115,41112,39922,40150,3000,4000,0,1500,3000,5000,0.6149714285714286,0.5990571428571428,0.05446233040910888,0.06935133385732119,1,2,-0.6666666666666666,0.0414,2750.0,1
50000,3,1,45,0,0,0,0,0,0,48169,48163,49302,16522,15175,16371,2400,2500,1318,700,1600,600,0.96338,0.6456733333333333,0.06483149756702826,0.04982974835977078,0,0,0.0,0.63596,1519.6666666666667,0
40000,2,2,26,0,0,0,0,2,2,31475,32663,33813,34952,36447,35515,2000,2000,2000,2500,0,1500,0.786875,0.8536041666666666,0.04923743023176026,0.061229488121479304,2,2,-1.3333333333333333,-0.101,1666.6666666666667,1
360000,1,2,36,0,0,0,0,0,0,4279,9398,26510,50810,20800,0,9398,26510,51109,2080,0,10080,0.011886111111111111,0.051757870370370364,0.6211431899659338,0.9998936057027343,0,0,0.0,0.011886111111111111,16529.5,1
60000,3,1,51,1,0,0,0,0,0,0,724,0,785,0,0,724,0,785,0,0,0,0.0,0.0041916666666666665,0.3994696850048258,0.9986206896551724,1,1,0.3333333333333333,0.0,251.5,4
80000,2,2,24,0,0,0,0,0,0,77883,78749,77025,66725,21604,9352,3500,4000,2784,1882,1000,457,0.9735375,0.6902875,0.06642497200382723,0.044444444444444446,0,0,0.0,0.8566375,2270.5,0
180000,2,2,23,0,0,0,0,0,2,178239,178856,177754,178191,183051,179546,7969,6379,6319,10671,3000,5400,0.9902166666666666,0.9959601851851853,0.03818139943210507,0.0445551474082647,1,2,-0.6666666666666666,-0.007261111111111111,6623.0,0
290000,2,2,34,0,0,0,0,0,0,58481,41773,40597,38441,37454,35484,2000,2000,2000,2000,2000,2000,0.20165862068965518,0.14495977011494254,0.05178517258012699,0.04787666969885575,0,0,0.0,0.0793,2000.0,0
50000,2,2,23,0,0,0,0,0,0,35131,6559,836,836,836,3300,5582,836,836,836,3300,1476,0.70262,0.15832666666666667,0.9694054932504355,0.8509146341463415,0,0,0.0,0.63662,2144.3333333333335,0
360000,2,2,28,0,0,0,0,0,0,0,0,0,0,0,0,0,0,0,0,0,0,0.0,0.0,0.0,0.0,0,0,0.0,0.0,0.0,6
280000,1,1,45,0,0,0,0,0,0,2270,1703,-15,30943,15631,17508,1703,0,30958,15631,17508,10049,0.008107142857142858,0.04050892857142857,0.7999488981822114,0.9994131455399061,0,0,0.0,-0.05442142857142857,12641.5,1
50000,2,2,23,0,0,0,0,0,0,35454,33824,28528,28102,25574,26524,1901,1900,1050,1000,2000,2500,0.70908,0.5933533333333334,0.05493274860535583,0.0562010347376201,0,0,0.0,0.1786,1725.1666666666667,0
150000,2,1,29,0,0,0,0,0,0,80625,37645,43747,700,64758,92966,8002,7601,701,64758,29008,30000,0.5375,0.35604555555555556,0.5396626887561576,0.2125591032247782,0,0,0.0,-0.08227333333333334,23345.0,0
30000,2,1,22,0,0,0,0,0,0,3118,2411,1260,1179,-101,890,2414,1260,1181,101,991,579,0.10393333333333334,0.04921111111111111,1.8226234138357342,1.0008291873963515,0,0,0.0,0.07426666666666666,1087.6666666666667,0
230000,2,1,32,0,0,0,0,0,0,1560,1766,2720,3720,0,0,1046,1000,1000,0,0,44752,0.006782608695652174,0.007076811594202899,0.2456441371177908,0.5919637804187889,0,0,0.0,0.006782608695652174,7966.333333333333,2
280000,1,2,31,0,0,0,0,0,0,12740,17239,14496,16185,8962,8756,17352,14575,16266,9007,8800,20947,0.0455,0.046653571428571426,1.0053277828495684,1.0064965197215778,0,0,0.0,0.014228571428571429,14491.166666666666,0
200000,2,1,30,1,0,0,0,0,0,736,736,736,736,736,316,736,736,736,736,316,1156,0.00368,0.00333,0.9982836034910051,0.9986431478968792,1,1,0.3333333333333333,0.0021,736.0,0
300000,2,1,33,1,0,0,0,0,0,0,0,0,0,0,0,0,0,0,0,0,0,0.0,0.0,0.0,0.0,1,1,0.3333333333333333,0.0,0.0,6
190000,2,1,58,1,2,0,0,0,0,147335,135184,139664,142293,113086,115433,0,6586,5881,3292,3399,3469,0.7754473684210527,0.6956096491228071,0.029408268978154867,0.0,2,2,1.0,0.16790526315789472,3771.1666666666665,1
360000,1,1,35,1,0,0,0,0,0,396,396,396,396,396,396,396,396,396,396,396,396,0.0011,0.0011,0.9974811083123425,0.9974811083123426,1,1,0.3333333333333333,0.0,396.0,0
80000,3,1,52,0,0,0,0,0,0,210,-2,926,-1,401,0,0,928,0,402,0,0,0.002625,0.0032020833333333337,0.4002157497303129,0.0,0,0,0.0,0.002625,221.66666666666666,4
300000,2,1,29,0,0,0,0,0,0,8857,8102,12214,27299,0,0,3000,5000,21312,0,0,0,0.029523333333333332,0.031373333333333336,0.3120450750322399,0.3702332469455757,0,0,0.0,0.029523333333333332,4885.333333333333,3
20000,2,2,22,0,0,0,0,0,0,19666,20076,19875,19659,19310,16286,20700,2000,800,465,1000,0,0.9833,0.9572666666666666,0.2515648724035614,1.0310305324500673,0,0,0.0,0.169,4160.833333333333,1
110000,2,2,39,0,0,0,0,0,0,109221,111674,111867,111535,111870,110979,4230,4230,4200,4300,4150,4220,0.9929181818181818,1.0108272727272727,0.03783548981744291,0.03787777031564809,0,0,0.0,-0.01598181818181818,4221.666666666667,0
150000,1,2,37,0,0,0,0,0,0,127111,106956,106129,106531,107062,109938,3878,3794,3783,3892,4662,3500,0.8474066666666666,0.7374744444444444,0.03725487809470264,0.03625756144992848,0,0,0.0,0.11448666666666667,3918.1666666666665,0
60000,1,2,23,1,2,2,2,2,2,29332,28577,30805,31601,32349,32965,0,2709,1600,1400,1300,1200,0.48886666666666667,0.5156361111111112,0.04425567044688157,0.0,6,2,-0.33333333333333326,-0.06055,1368.1666666666667,1
100000,3,1,49,0,0,0,0,0,0,33333,0,0,0,0,0,0,0,0,0,0,0,0.33333,0.055555,0.0,0.0,0,0,0.0,0.33333,0.0,6
20000,2,2,39,0,0,0,0,0,0,20885,20373,19391,20085,19938,0,2157,1660,1300,541,0,0,1.04425,0.8389333333333334,0.05666539771944864,0.10587022675959556,0,0,0.0,1.04425,943.0,2
80000,3,2,51,0,0,0,0,0,0,77499,77838,77790,80528,23567,25171,3000,3013,4000,2000,2000,2000,0.9687375,0.7549854166666667,0.05825176284650878,0.038541091226762934,0,0,0.0,0.6541,2668.8333333333335,0
280000,3,2,33,0,0,0,0,0,0,2186,2186,2184,2542,2186,2109,2196,2194,2554,2196,2119,17555,0.007807142857142857,0.007972023809523809,1.0041880896677844,1.0041152263374487,0,0,0.0,0.000275,4802.333333333333,0
100000,2,2,56,0,0,2,0,0,0,390,780,390,390,3863,390,780,0,390,3863,390,390,0.0039,0.010338333333333333,0.7986691403165953,0.998719590268886,1,2,0.6666666666666666,0.0,968.8333333333334,1
20000,1,2,25,0,0,0,0,0,2,14603,15661,16394,16723,18056,17618,1600,1300,600,1600,0,800,0.73015,0.8254583333333334,0.06118708747203953,0.10215808964372367,1,2,-0.6666666666666666,-0.15075,983.3333333333334,1
90000,1,2,31,1,0,0,0,0,0,0,0,0,0,0,0,0,0,0,0,0,0,0.0,0.0,0.0,0.0,1,1,0.3333333333333333,0.0,0.0,6
50000,1,2,61,3,2,0,0,0,0,60458,54438,53605,0,0,0,0,1100,0,0,0,0,1.20916,0.56167,0.004104018206917136,0.0,2,3,1.6666666666666667,1.20916,183.33333333333334,5
80000,1,2,38,1,2,2,2,2,2,67046,68439,69258,70526,71774,70503,3100,2500,3000,3000,0,2800,0.838075,0.8698875,0.033145144955666186,0.04529514903565167,6,2,-0.33333333333333326,-0.0432125,2400.0,1
160000,4,1,47,0,0,0,0,0,0,386,907,3707,6987,3853,4613,907,3707,6991,77,4613,4099,0.0024125,0.021305208333333336,0.8037641618589472,0.998898678414097,0,0,0.0,-0.02641875,3399.0,0
60000,1,2,27,0,0,0,0,0,2,21387,22416,23444,26038,28607,27997,1378,1406,3000,3000,0,923,0.35645,0.41635833333333333,0.06830378345538395,0.06147120488914663,1,2,-0.6666666666666666,-0.11016666666666666,1617.8333333333333,1
220000,3,2,43,0,0,0,0,0,0,223022,215787,220680,219459,177765,175238,7750,8397,7349,6518,7000,7000,1.0137363636363637,0.933296212121212,0.03681272864128118,0.03591487941868871,0,0,0.0,0.2172,7335.666666666667,0
20000,3,1,44,0,0,0,0,0,0,5855,6874,8037,8253,8427,9468,1122,1285,500,307,1182,0,0.29275,0.39095,0.1089793828127515,0.1632,0,0,0.0,-0.18065,732.6666666666666,1
280000,1,1,50,0,0,0,0,0,0,2712,4450,9754,0,8142,6997,4494,9754,0,8142,6997,0,0.009685714285714285,0.019080357142857142,0.8018585072053401,1.00966075039317,0,0,0.0,-0.015303571428571429,4897.833333333333,2
30000,3,1,31,2,2,2,0,0,0,18870,3222,390,390,390,390,1906,0,390,390,390,390,0.629,0.1314,0.7167403723080512,0.5913744958113559,3,2,2.0,0.616,577.6666666666666,1
510000,4,1,34,0,0,0,0,0,0,10554,568,22058,23205,11571,12179,1074,22657,11586,24637,12719,20798,0.020694117647058825,0.026187908496732026,1.3174339418617969,1.8875219683655535,0,0,0.0,-0.0031862745098039215,15578.5,0
200000,1,1,36,0,0,0,0,0,0,8065,49307,5679,8855,49572,2684,49362,5679,8855,49572,2684,13050,0.040325,0.10346833333333334,1.000082714217769,1.0010951569724993,0,0,0.0,0.026905,21533.666666666668,0
50000,2,2,25,0,0,0,0,0,0,21006,18851,19722,19644,18687,18033,4788,1532,1002,1006,2004,2309,0.42012,0.38647666666666664,0.10952285634087293,0.25397835773392746,0,0,0.0,0.05946,2106.8333333333335,0
390000,1,1,35,0,0,0,0,0,0,24297,28804,43996,47532,49414,51380,5000,20000,5006,5006,5008,3004,0.0623,0.10488162393162394,0.1864493875564241,0.17358097552508245,0,0,0.0,-0.06944358974358975,7170.666666666667,0
80000,2,2,27,0,0,0,0,0,0,81752,80638,45240,43967,45302,49646,3069,2500,2000,2000,5012,2000,1.0219,0.72196875,0.056781131529858454,0.03805850766998599,0,0,0.0,0.401325,2763.5,0
360000,3,1,42,0,0,0,0,0,0,226988,217735,207215,197096,187693,177338,8006,7506,7006,7006,6103,5506,0.6305222222222222,0.5620671296296296,0.03605586921806029,0.03676929860013962,0,0,0.0,0.13791666666666666,6855.5,0
70000,2,1,31,0,0,0,0,0,0,38579,43891,33798,25993,26263,26812,8958,1500,2000,1000,972,982,0.5511285714285714,0.46508571428571427,0.07994774185832983,0.2040918618427048,0,0,0.0,0.1681,2568.6666666666665,0
80000,2,1,34,1,0,0,0,0,0,0,0,862,41300,0,0,0,862,41300,0,0,10000,0.0,0.0878375,0.3997634077919268,0.0,1,1,0.3333333333333333,0.0,8693.666666666666,3
90000,2,2,29,0,0,2,0,0,0,83158,91759,88487,88201,87219,86803,12128,0,3301,3136,3156,3244,0.9239777777777778,0.9733833333333334,0.04838183269482317,0.13217088055797732,1,2,0.6666666666666666,-0.0405,4160.833333333333,1
300000,2,2,24,0,0,0,0,0,0,16463,11537,9265,7263,14145,11535,1500,1500,1500,9433,2000,3000,0.054876666666666664,0.039004444444444446,0.26771741590760845,0.13000520020800832,0,0,0.0,0.016426666666666666,3155.5,0
340000,1,1,36,0,0,0,0,0,0,4490,4834,17716,12010,14111,6995,4834,17716,12636,14111,0,5666,0.013205882352941177,0.02948823529411765,0.8103403008254194,0.9997931747673217,0,0,0.0,-0.007367647058823529,9160.5,1
340000,2,1,40,0,0,0,0,0,0,40681,43171,45465,46708,49912,52102,3171,3000,2000,4000,3000,2100,0.11965,0.1362936274509804,0.06399395166402463,0.07345038450847771,0,0,0.0,-0.033591176470588235,2878.5,0
210000,3,2,32,0,0,0,0,0,0,1649,1000,0,1761,675,752,1000,0,1761,675,752,1104,0.007852380952380953,0.0046325396825396825,0.7991252301843865,0.999000999000999,0,0,0.0,0.004271428571428572,882.0,1
280000,1,2,37,0,0,0,0,0,0,1695,5827,10190,2355,3612,586,6644,10200,2355,3612,4248,0,0.006053571428571429,0.01444345238095238,1.8280391264987028,1.1400137268359642,0,0,0.0,0.003960714285714285,4509.833333333333,1
200000,2,1,46,1,0,0,0,0,0,0,0,0,0,0,0,0,0,0,0,0,0,0.0,0.0,0.0,0.0,1,1,0.3333333333333333,0.0,0.0,6
50000,2,1,53,0,0,0,0,0,0,7061,2229,10939,12575,1341,998,2233,10939,12575,1341,998,820,0.14122,0.11714333333333334,0.9998856419556548,1.0013452914798207,0,0,0.0,0.12126,4817.666666666667,0
440000,3,1,38,2,0,2,0,0,0,775,1550,775,775,925,775,1551,1,776,926,776,776,0.0017613636363636364,0.002111742424242424,0.8002577319587629,1.0,2,2,1.3333333333333333,0.0,801.0,0
50000,2,1,34,1,2,0,0,0,0,49378,48052,48573,28902,28205,30388,0,2033,1119,985,2000,4000,0.98756,0.7783266666666667,0.03626086128037452,0.0,2,2,1.0,0.3798,1689.5,1
210000,2,1,44,1,2,0,0,2,0,89567,85552,86595,89689,85764,85830,0,4100,7200,0,3220,3300,0.4265095238095238,0.4150769841269841,0.03302767773405253,0.0,3,2,0.33333333333333337,0.017795238095238097,2970.0,2
90000,2,1,34,1,0,0,0,0,0,0,2098,0,0,0,501,2098,0,0,0,501,0,0.0,0.004812962962962963,0.39950631015717974,0.9995235826584088,1,1,0.3333333333333333,-0.005566666666666667,433.1666666666667,4
190000,2,1,34,0,0,2,0,0,2,138628,156232,152251,153820,163265,166627,21440,0,5600,11950,6200,0,0.729621052631579,0.8165114035087718,0.05680779088581558,0.1372309307252629,2,2,0.0,-0.14736315789473683,7531.666666666667,2
20000,3,2,55,0,3,2,0,0,0,3413,3206,2250,1500,750,1650,0,0,0,0,1650,0,0.17065,0.10640833333333333,0.19987886129618412,0.0,2,3,1.6666666666666667,0.08815,275.0,5
20000,2,1,43,2,0,0,2,0,0,13139,13915,18667,18072,18120,19329,1300,5000,0,640,1497,0,0.65695,0.8436833333333333,0.09480363729181089,0.0934176487496407,2,2,0.0,-0.3095,1406.1666666666667,2
200000,2,2,31,0,0,0,0,0,0,1507,0,218,4360,0,0,0,218,4360,0,0,0,0.007535,0.0050708333333333334,0.3990408969498219,0.0,0,0,0.0,0.007535,763.0,4
50000,2,2,31,1,0,0,0,0,0,0,0,0,0,0,0,0,0,0,0,0,0,0.0,0.0,0.0,0.0,1,1,0.3333333333333333,0.0,0.0,6
240000,3,1,43,0,0,0,0,0,0,61190,62506,63864,65130,66494,67441,2300,2400,2329,2411,2050,2000,0.25495833333333334,0.26848958333333334,0.03535774069012268,0.0367958788615675,0,0,0.0,-0.026045833333333334,2248.3333333333335,0
140000,3,2,24,1,2,2,2,0,0,42897,45739,46468,45422,46371,47297,3821,1775,0,1833,1850,2000,0.3064071428571429,0.3264214285714286,0.040075352276053376,0.08353738522081329,4,2,1.0,-0.03142857142857143,1879.8333333333333,1
200000,1,1,40,0,0,0,0,0,0,-50,-50,-50,-50,-50,-50,0,0,0,0,0,2877,0.0,0.0,0.0,0.0,0,0,0.0,0.0,479.5,5
400000,1,2,27,0,0,0,0,0,0,2691,426,426,27926,0,430,426,426,27926,27500,430,3504,0.0067275,0.01329125,1.7985920331988772,0.9976580796252927,0,0,0.0,0.0056525,10035.333333333334,0
20000,2,2,22,0,0,0,0,0,0,15499,16505,35110,19495,19019,18134,1270,1320,2260,784,1000,2000,0.77495,1.03135,0.06536394954843963,0.07694171816309221,0,0,0.0,-0.13175,1439.0,0
610000,1,2,38,0,0,0,0,0,0,608594,624475,632041,516575,454845,456596,26868,22375,17221,15300,16000,18000,0.9976950819672131,0.8997612021857924,0.03608848382762087,0.04302487205272901,0,0,0.0,0.24917704918032788,19294.0,0
210000,1,1,46,0,0,0,0,0,0,4065,0,4160,2540,1055,0,0,4160,2540,1055,0,408,0.019357142857142857,0.00938095238095238,0.5996838315220862,0.0,0,0,0.0,0.019357142857142857,1360.5,2
490000,1,2,44,0,0,0,0,0,0,2920,4040,3649,8343,6641,5779,4060,3659,8357,6660,5796,4736,0.005959183673469388,0.010670748299319728,1.0028407517702147,1.0047018064835436,0,0,0.0,-0.005834693877551021,5544.666666666667,0
110000,3,2,46,0,0,0,0,0,0,56700,57875,59044,59756,61004,62213,2681,2724,2287,2362,2374,2454,0.5154545454545455,0.540290909090909,0.041521179323574055,0.04632317368166425,0,0,0.0,-0.05011818181818182,2480.3333333333335,0
80000,3,3,52,0,0,0,0,0,0,77086,77411,78686,66217,56167,53190,3000,5086,1750,2012,1630,2165,0.963575,0.8515770833333334,0.03925655335569016,0.038753681599751975,0,0,0.0,0.2987,2607.1666666666665,0
500000,1,2,39,0,0,0,0,0,0,12106,12559,18993,50199,22879,16070,13351,18997,50933,24652,18060,3306,0.024212,0.044268666666666664,1.0557896196096368,1.0629777070063695,0,0,0.0,-0.007928,21549.833333333332,0
330000,4,1,36,0,0,0,0,0,0,18768,3736,119340,134194,76865,78760,3744,119356,20062,10189,30032,4005,0.056872727272727276,0.21801161616161616,0.5330717077297373,1.0018731602890019,0,0,0.0,-0.1817939393939394,31231.333333333332,0
90000,2,1,32,0,0,0,0,0,0,36081,37802,29985,28447,24775,25498,3002,1600,1500,1000,1500,1500,0.4009,0.3381259259259259,0.05693703627539602,0.07941168690315584,0,0,0.0,0.1175888888888889,1683.6666666666667,0
320000,2,1,44,0,0,0,0,0,0,3493,12444,46163,1373,6064,2145,12498,46185,1387,6094,2155,1273,0.010915625,0.037334375,1.0046300894545834,1.0042587384491763,0,0,0.0,0.0042125,11598.666666666666,0
230000,1,1,37,0,0,0,0,0,0,89299,90714,86954,76098,76501,64763,5000,5000,3000,4000,5000,5000,0.38825652173913044,0.35096304347826085,0.05630612265578505,0.05511767623876977,0,0,0.0,0.10667826086956522,4500.0,0
30000,1,2,24,0,0,0,0,0,0,27181,26849,27594,28157,28723,28059,2000,1500,1000,1000,1000,1000,0.9060333333333334,0.92535,0.046962293325641453,0.074487895716946,0,0,0.0,-0.029266666666666667,1250.0,0
150000,2,1,38,0,0,0,0,0,0,0,0,0,0,0,150,0,0,0,0,150,810,0.0,0.00016666666666666666,0.1986754966887417,0.0,0,0,0.0,-0.001,160.0,4
70000,1,2,24,1,2,0,0,2,0,71017,64454,64182,30351,29826,29699,0,1809,2500,0,2000,1500,1.0145285714285714,0.689354761904762,0.03557839917153085,0.0,3,2,0.33333333333333337,0.5902571428571428,1301.5,2
90000,2,2,27,0,0,0,0,0,0,64497,49929,41498,36492,24636,5298,2297,2406,1400,493,106,0,0.7166333333333333,0.41175925925925927,0.036471911225552274,0.04600440616863609,0,0,0.0,0.6577666666666667,1117.0,1
30000,3,1,53,0,0,0,0,0,0,1596,0,0,0,0,0,0,0,0,0,0,0,0.0532,0.008866666666666667,0.0,0.0,0,0,0.0,0.0532,0.0,6
260000,1,2,34,0,0,0,0,0,0,324,826,326,326,326,476,828,326,326,326,476,326,0.001246153846153846,0.0016692307692307692,0.9979876883714999,1.0012091898428053,0,0,0.0,-0.0005846153846153846,434.6666666666667,0
50000,2,1,23,0,0,0,0,0,0,49103,44351,38726,28598,29277,27310,1800,2128,1000,1100,1000,999,0.98206,0.72455,0.04093711449258506,0.040584415584415584,0,0,0.0,0.43586,1337.8333333333333,0
220000,2,2,35,1,0,0,0,0,0,0,0,81677,46177,3308,2912,0,220230,7308,0,2912,0,0.0,0.10157121212121213,0.7708467168894158,0.0,1,1,0.3333333333333333,-0.013236363636363636,38408.333333333336,3
220000,1,2,27,0,0,0,0,0,0,66620,56611,37504,9499,3679,13232,16008,12000,15030,10000,15000,5000,0.3028181818181818,0.14177651515151515,1.2071501245808887,0.2827669045432064,0,0,0.0,0.24267272727272726,12173.0,0
250000,3,1,55,0,0,0,0,0,0,296963,237684,178151,180993,155516,125063,8000,7400,9700,5100,4500,4012,1.187852,0.7829133333333333,0.03951278256780873,0.03365799272145907,0,0,0.0,0.6876,6452.0,0
160000,1,2,24,0,0,0,0,0,0,37000,0,0,0,0,0,0,0,0,0,0,0,0.23125,0.03854166666666667,0.0,0.0,0,0,0.0,0.23125,0.0,6
120000,2,2,25,0,0,0,0,0,0,75913,78060,64074,64074,0,0,4501,2562,0,0,0,0,0.6326083333333333,0.3918347222222222,0.01952888567797377,0.057660035100754535,0,0,0.0,0.6326083333333333,1177.1666666666667,4
260000,1,2,27,0,0,0,0,0,0,37003,1105,2490,17445,1795,278,1305,2690,15650,0,278,2500,0.14231923076923078,0.038535897435897436,0.8306569598256438,1.1799276672694394,0,0,0.0,0.14125,3737.1666666666665,1
270000,2,1,56,0,0,0,0,0,0,137807,123769,104377,106651,109294,101151,5000,5000,3953,4500,4000,3900,0.5103962962962963,0.42163518518518517,0.04121644356762468,0.04039751151329078,0,0,0.0,0.13576296296296297,4392.166666666667,0
310000,1,2,31,0,0,0,0,0,0,279711,266417,271746,260673,199746,182994,10143,24932,10440,6265,6275,5830,0.9022935483870967,0.7856381720430108,0.047104821956588175,0.03807175190865482,0,0,0.0,0.3119903225806452,10647.5,0
90000,1,2,28,0,0,2,2,2,2,87916,87459,88183,91204,89687,91060,5800,5400,5804,0,6700,0,0.9768444444444444,0.9916833333333334,0.052953108647742,0.06631603018522753,4,2,-1.3333333333333335,-0.03493333333333333,3950.6666666666665,2
80000,1,2,34,2,2,2,2,2,2,61231,62423,63827,64682,65614,67007,2800,3000,2500,2600,2600,2600,0.7653875,0.8016333333333333,0.041786462747087194,0.04485454312443932,6,2,0.0,-0.0722,2683.3333333333335,0
340000,2,1,45,0,0,0,0,0,0,3253,15865,1946,546,546,590,15886,1946,546,546,590,550,0.00956764705882353,0.01115,0.999079718395208,1.0012605571662674,0,0,0.0,0.00783235294117647,3344.0,0
310000,1,2,37,0,0,0,0,0,0,0,0,0,0,0,0,0,0,0,0,0,0,0.0,0.0,0.0,0.0,0,0,0.0,0.0,0.0,6
250000,1,1,54,0,0,0,0,0,0,390,1090,390,2855,390,2950,1090,390,2855,0,2950,0,0.00156,0.005376666666666667,0.7991673713445048,0.999083409715857,0,0,0.0,-0.01024,1214.1666666666667,2
80000,1,2,28,0,0,0,0,0,0,8598,9467,-270,3697,9455,4144,9467,0,3967,9455,5000,2900,0.107475,0.07366875,0.8557606536877133,0.9998943810730883,0,0,0.0,0.055675,5131.5,1
220000,1,1,39,0,0,0,0,0,0,875,1093,3572,7330,0,3995,1093,2518,7409,0,3995,2028,0.003977272727272727,0.012776515151515152,0.7428410681628123,0.9990859232175503,0,0,0.0,-0.014181818181818183,2840.5,1
50000,2,2,43,0,0,0,0,0,0,48474,48388,38972,47584,28055,28571,2334,1918,12530,1001,1035,1198,0.96948,0.8001466666666667,0.08653377033804599,0.04823410279195685,0,0,0.0,0.39806,3336.0,0
50000,3,1,36,0,0,0,0,0,2,45260,46605,47317,48259,50245,50265,2075,1787,1729,2765,1000,2000,0.9052,0.9598366666666667,0.03860762207964519,0.044522164528172335,1,2,-0.6666666666666666,-0.1001,1892.6666666666667,0
50000,3,1,44,1,0,0,0,0,0,-42,26267,26372,7490,5155,0,26309,26479,7490,5155,0,12754,0.0,0.21761333333333333,0.8010505308552937,1.0015608344754074,1,1,0.3333333333333333,0.0,13031.166666666666,1
450000,1,2,36,0,0,0,0,0,0,2500,0,0,0,0,0,0,0,0,0,0,0,0.005555555555555556,0.000925925925925926,0.0,0.0,0,0,0.0,0.005555555555555556,0.0,6
20000,2,3,25,0,0,0,0,0,0,3855,3150,2862,3247,2857,2467,1040,1225,1000,0,2500,491,0.19275,0.15365,0.4157549099009872,0.33005395112662644,0,0,0.0,0.0694,1042.6666666666667,1
310000,2,1,35,2,0,0,0,0,0,304991,311243,306314,258610,246491,198889,13019,11128,8407,8599,6833,5987,0.983841935483871,0.8744827956989248,0.035981401383559805,0.04182891879040238,1,2,0.6666666666666666,0.34226451612903225,8995.5,0
130000,1,2,27,1,0,0,0,0,0,0,0,0,0,0,0,0,0,0,0,0,0,0.0,0.0,0.0,0.0,1,1,0.3333333333333333,0.0,0.0,6
120000,1,2,33,0,0,0,0,0,0,291,291,291,291,291,291,291,291,291,291,291,291,0.002425,0.002425,0.9965753424657533,0.9965753424657534,0,0,0.0,0.0,291.0,0
50000,2,2,35,0,0,0,0,0,0,50521,50466,49821,43945,29669,28469,1649,51869,1884,1023,1173,1193,1.01042,0.84297,0.23846248335518525,0.03267481720728397,0,0,0.0,0.44104,9798.5,0
50000,2,2,25,0,0,0,0,0,0,11014,11092,692,1184,24119,24027,1402,694,1186,34029,1002,1023,0.22028,0.24042666666666668,0.7162390272887504,0.12638600919498783,0,0,0.0,-0.26026,6556.0,0
30000,2,1,38,1,2,2,0,0,0,29803,30766,29918,29071,29527,30480,1734,0,1148,1034,2667,0,0.9934333333333333,0.9975833333333334,0.04367239862108916,0.056359086033737446,3,2,1.6666666666666667,-0.022566666666666665,1097.1666666666667,2
60000,2,3,34,1,0,0,0,0,0,0,60559,56317,0,0,567,60559,1126,0,0,567,1222,0.0,0.3262305555555555,0.4036433063595456,0.9999834874504624,1,1,0.3333333333333333,-0.00945,10579.0,2
60000,2,2,25,0,0,2,6,5,4,44331,48590,59129,57663,56225,54759,5000,12000,0,0,0,0,0.73885,0.890825,0.061168476526977725,0.10289971393879525,4,6,-4.333333333333333,-0.1738,2833.3333333333335,4
30000,2,1,24,2,2,2,2,2,2,150,150,150,150,150,300,0,0,0,0,150,0,0.005,0.005833333333333334,0.09966777408637874,0.0,6,2,0.0,-0.005,25.0,5
300000,2,2,27,0,0,0,0,0,0,0,0,0,0,0,0,0,0,0,0,0,0,0.0,0.0,0.0,0.0,0,0,0.0,0.0,0.0,6
140000,2,2,26,0,0,0,0,0,0,80351,166526,83514,72387,67261,68670,4000,2890,3118,3000,2493,2564,0.5739357142857143,0.6413202380952381,0.036520673902136466,0.02402012886799138,0,0,0.0,0.08343571428571428,3010.8333333333335,0
50000,2,1,41,1,0,0,0,0,0,0,0,0,0,0,0,0,0,0,0,0,0,0.0,0.0,0.0,0.0,1,1,0.3333333333333333,0.0,0.0,6
30000,1,2,49,0,0,0,2,0,0,25144,25831,29122,28277,20390,20555,1500,4500,0,900,1000,2000,0.8381333333333333,0.82955,0.061073855533807585,0.05806751316196965,1,2,-0.6666666666666666,0.15296666666666667,1650.0,1
440000,2,2,26,0,0,0,0,0,0,96190,90462,78267,71795,51812,25064,3513,3017,2037,2019,3010,3004,0.21861363636363637,0.1566628787878788,0.052961496059826495,0.03883355626057062,0,0,0.0,0.16165,2766.6666666666665,0
360000,1,2,33,0,2,0,0,2,0,5971,5732,6465,9465,9290,4209,0,1000,3000,0,5000,3780,0.01658611111111111,0.01904259259259259,0.3318454604328957,0.0,2,2,0.0,0.004894444444444444,2130.0,2
130000,1,2,27,0,0,0,0,0,0,2219,4141,0,0,0,0,2000,0,0,0,0,0,0.01706923076923077,0.008153846153846154,0.09657170449058425,0.48285852245292127,0,0,0.0,0.01706923076923077,333.3333333333333,5
180000,2,2,25,0,0,0,0,0,0,175063,126801,96043,85554,77007,72461,5000,5015,4000,3000,3000,3000,0.9725722222222222,0.5860453703703704,0.04375175157620132,0.039431554707339,0,0,0.0,0.5700111111111111,3835.8333333333335,0
240000,1,1,50,0,0,0,0,0,0,52771,54522,55634,56628,58228,59985,3000,2400,2300,2300,2500,2100,0.21987916666666665,0.2345611111111111,0.043990361088653965,0.055022650991324765,0,0,0.0,-0.030058333333333333,2433.3333333333335,0
120000,2,1,40,0,0,0,0,0,0,123270,122736,123394,123123,121499,121296,6000,6500,6500,5000,5000,5000,1.02725,1.021275,0.04734541680733506,0.048885014298866686,0,0,0.0,0.01645,5666.666666666667,0
360000,1,1,42,0,0,2,2,2,0,10000,893,1224,331,0,2757,893,331,0,0,2757,2056,0.027777777777777776,0.007039351851851851,0.45374458636382703,0.9988814317673378,3,2,-0.6666666666666666,0.020119444444444443,1006.1666666666666,2
290000,2,2,25,0,0,0,0,0,0,71559,66658,68627,61578,59274,61314,2500,3000,3000,3000,3000,3000,0.2467551724137931,0.22356896551724137,0.04589507619589038,0.03750431299599454,0,0,0.0,0.03532758620689655,2916.6666666666665,0
420000,2,1,46,0,0,0,0,0,0,254275,249677,232028,233055,191518,192313,10004,11020,10238,10022,7000,6000,0.6054166666666667,0.5368515873015873,0.04404376884334635,0.04006760707791636,0,0,0.0,0.14752857142857143,9047.333333333334,0
80000,2,2,25,1,2,2,2,2,2,28789,31026,31401,31986,32468,31794,2998,1183,1400,1139,0,1178,0.3598625,0.39055,0.0426291348935596,0.09662551970864086,6,2,-0.33333333333333326,-0.0375625,1316.3333333333333,1
290000,1,2,28,0,0,0,2,2,2,6395,7330,8711,9409,10153,9846,1200,1500,1000,900,0,800,0.022051724137931033,0.02979540229885057,0.10615394023126642,0.1636884463238303,3,2,-2.0,-0.0119,900.0,1
90000,2,1,32,1,0,0,0,0,0,0,323,0,2520,1651,0,323,0,2520,1651,0,0,0.0,0.008322222222222222,0.5991823170763014,0.9969135802469136,1,1,0.3333333333333333,0.0,749.0,3
100000,2,1,36,1,0,0,0,0,0,0,0,19928,23255,23968,24531,0,19928,4000,1100,1100,1400,0.0,0.15280333333333335,0.2525360901227033,0.0,1,1,0.3333333333333333,-0.24531,4588.0,1
200000,1,1,27,0,0,0,0,0,0,-3,-3,-3,360,0,0,0,0,363,0,0,0,0.0,0.0003,0.2011080332409972,0.0,0,0,0.0,0.0,60.5,5
110000,1,1,37,0,0,0,0,0,0,2610,54223,57299,50418,48093,3389,54300,6600,400,4000,1771,0,0.02372727272727273,0.3273212121212121,0.34602153869991537,1.0014015933903806,0,0,0.0,-0.007081818181818182,11178.5,1
150000,1,2,30,0,0,0,0,0,0,2384,4176,5877,1610,1180,2980,2000,2000,2000,1000,3000,0,0.015893333333333332,0.02023,0.7827286021462723,0.4788125448886761,0,0,0.0,-0.003973333333333333,1666.6666666666667,1
120000,2,2,27,0,0,0,0,0,0,113556,114844,117777,119086,70013,102991,4200,4773,3776,3200,1882,4000,0.9463,0.8864819444444444,0.034556549081142356,0.036571030519395704,0,0,0.0,0.08804166666666667,3638.5,0
500000,1,2,32,0,0,0,0,0,0,27318,46364,30327,16314,1151,3074,40019,16107,3325,1151,3074,4984,0.054636,0.041516,0.719365963985298,0.8631295157985549,0,0,0.0,0.048488,11443.333333333334,0
30000,2,1,25,2,0,0,0,0,0,27458,21203,18394,19560,13035,13836,1267,1342,1508,500,1000,1102,0.9152666666666667,0.6304777777777777,0.06408499633786639,0.059752876815695154,1,2,0.6666666666666666,0.4540666666666667,1119.8333333333333,0
30000,1,2,26,0,2,2,2,0,0,9600,8805,10534,8240,7027,7034,0,2399,0,388,260,478,0.32,0.2846666666666667,0.06397658812809832,0.0,3,2,0.6666666666666666,0.08553333333333334,587.5,2
340000,3,2,37,0,0,0,0,0,0,289995,269901,267494,265058,263658,256621,10015,10019,10025,10052,10011,9014,0.8529264705882353,0.7905524509803921,0.03790368434961426,0.037106060718334805,0,0,0.0,0.09815882352941177,9856.0,0
200000,1,1,34,0,0,0,0,0,0,3692,-16,1886,4700,0,0,0,1902,4723,0,0,0,0.01846,0.008565,0.402525796189222,0.0,0,0,0.0,0.01846,1104.1666666666667,4
210000,1,1,31,0,0,0,0,0,0,140994,140224,141553,143811,144587,146802,5100,5201,5160,5200,5300,6150,0.6714,0.6809293650793651,0.0362119039700648,0.03637011945088251,0,0,0.0,-0.027657142857142856,5351.833333333333,0
120000,2,1,57,0,0,0,0,0,0,118709,120580,118684,88557,91124,88094,5000,5007,4000,4003,4003,4000,0.9892416666666667,0.8690944444444444,0.043637919037251276,0.04146590258830164,0,0,0.0,0.255125,4335.5,0
240000,1,1,36,0,0,0,0,2,2,14559,15513,17242,18450,18013,19406,1500,2000,1500,0,1700,700,0.0606625,0.07165486111111112,0.07631392518458649,0.09668686347814877,2,2,-1.3333333333333333,-0.020195833333333333,1233.3333333333333,1
500000,2,1,48,0,0,0,0,0,0,28352,35294,74846,37985,33050,22185,35465,75212,38169,33209,22289,22289,0.056704,0.07723733333333332,1.0047867567443127,1.0048165462530103,0,0,0.0,0.012334,37772.166666666664,0
50000,3,2,51,2,2,2,2,0,0,33384,34554,35690,34817,36252,37645,2000,2000,0,2000,2000,2000,0.66768,0.7078066666666667,0.04444192444266815,0.05787874403125452,4,2,1.3333333333333335,-0.08522,1666.6666666666667,1
30000,2,2,23,0,0,0,0,0,0,12775,13864,14927,15378,15978,16560,1600,1600,1000,1000,1000,1000,0.42583333333333334,0.4971222222222222,0.08211366427183757,0.1153984853948792,0,0,0.0,-0.12616666666666668,1200.0,0
60000,3,2,51,0,0,0,0,0,0,56793,57455,59295,19212,19232,19218,2342,3057,700,700,682,700,0.94655,0.6422361111111111,0.04012633945960849,0.040761626287942075,0,0,0.0,0.62625,1363.5,0
30000,1,2,32,0,0,2,0,0,0,29250,30496,29702,28839,29375,32729,3600,0,1500,1300,4000,0,0.975,1.0021722222222222,0.0673042688063868,0.11804439780962062,1,2,0.6666666666666666,-0.11596666666666666,1733.3333333333333,2
130000,2,1,44,2,2,2,2,2,2,99801,102403,103828,104139,106519,109109,5100,4000,3500,4200,4500,3500,0.7677,0.8023064102564103,0.040521645165041933,0.049802742080387485,6,2,0.0,-0.0716,4133.333333333333,0
180000,1,2,31,0,0,0,0,0,0,3580,0,0,0,7108,1300,0,0,0,7108,1300,0,0.01988888888888889,0.0111,0.39981813874629696,0.0,0,0,0.0,0.012666666666666666,1401.3333333333333,4
360000,1,2,33,0,0,0,0,0,0,5334,6849,68133,71708,58551,54678,3017,65009,6784,3041,5044,3042,0.014816666666666667,0.12280231481481482,0.3266722518038732,0.4404379562043796,0,0,0.0,-0.13706666666666667,14322.833333333334,0
150000,1,2,25,0,0,0,0,0,0,52952,95134,31578,26089,16624,5107,60086,2000,2000,5000,6000,9000,0.35301333333333335,0.25276,0.4493915115586621,0.6315866925947338,0,0,0.0,0.3189666666666667,14014.333333333334,0
30000,1,2,23,0,0,0,0,0,0,10210,13754,-191,24149,25452,25104,6000,250,25000,2000,1000,1100,0.3403333333333333,0.5481611111111111,1.317962121129281,0.4362050163576881,0,0,0.0,-0.49646666666666667,5891.666666666667,0
90000,2,2,23,0,0,0,0,0,0,90508,89618,75342,71668,49358,50296,3432,3615,3511,2500,2000,1850,1.0056444444444443,0.7903518518518519,0.04513564992700809,0.03829545074147223,0,0,0.0,0.4468,2818.0,0
20000,2,2,26,1,0,0,0,0,0,0,0,1568,1398,920,0,0,1568,1000,302,0,192,0.0,0.03238333333333333,0.40841267722251623,0.0,1,1,0.3333333333333333,0.0,510.3333333333333,2
160000,1,2,30,0,0,0,0,0,0,143457,134345,77045,69659,70186,75249,5237,3034,3010,5011,10006,8070,0.89660625,0.5936885416666667,0.06518709442458984,0.03898143599362839,0,0,0.0,0.4263,5728.0,0
230000,2,1,39,0,0,0,0,0,0,8681,8681,8888,4932,10986,5081,8681,8888,4932,10986,5081,4321,0.037743478260869566,0.03423840579710145,0.9998563629184944,0.9998848191660907,0,0,0.0,0.01565217391304348,7148.166666666667,0
50000,2,1,40,0,0,0,0,0,0,31934,32711,34061,32672,32479,33431,2000,3000,3000,3000,2000,1000,0.63868,0.6576266666666667,0.0786441439015159,0.061139642944485206,0,0,0.0,-0.02994,2333.3333333333335,0
180000,1,2,35,0,0,0,0,0,0,7210,370,8479,792,3826,1997,370,8875,792,3826,1997,396,0.04005555555555555,0.020994444444444444,1.0083723870121382,0.9973045822102425,0,0,0.0,0.02896111111111111,2709.3333333333335,0
70000,2,1,30,1,2,0,0,0,0,72576,70775,68184,67172,50596,48876,0,3047,2849,1800,2000,1944,1.0368,0.9004261904761905,0.032718879111575505,0.0,2,2,1.0,0.3385714285714286,1940.0,1
30000,1,2,25,0,0,0,0,0,0,26417,27421,28573,29222,28451,27270,1448,1600,1500,1000,1000,1200,0.8805666666666667,0.9297444444444444,0.04638892271761361,0.05280431770111589,0,0,0.0,-0.028433333333333335,1291.3333333333333,0
140000,2,1,37,0,0,0,0,0,0,59504,61544,62925,64280,67079,69802,3000,3000,3000,4000,4000,3000,0.4250285714285714,0.45849285714285715,0.0520048752802638,0.04874482086278333,0,0,0.0,-0.07355714285714286,3333.3333333333335,0
440000,2,1,48,0,0,0,0,0,0,23424,24222,24077,23241,24600,16344,3000,3000,2000,5000,0,5000,0.05323636363636364,0.05148030303030303,0.10754783703492991,0.12384923419890187,0,0,0.0,0.01609090909090909,3000.0,1
360000,3,1,31,0,0,0,0,0,0,0,392,827,136198,138722,141629,392,827,137101,5000,5119,5376,0.0,0.19341111111111112,0.6150113851887895,0.9974554707379135,0,0,0.0,-0.3934138888888889,25635.833333333332,0
260000,2,2,27,0,0,0,0,0,0,19713,22378,24836,32816,42816,8938,3000,3000,10000,10000,8938,2000,0.07581923076923076,0.09711346153846154,0.3586004242088973,0.1340542472854015,0,0,0.0,0.041442307692307695,6156.333333333333,0
100000,2,1,30,0,0,0,0,0,0,97062,74352,75004,76705,78168,80347,2800,2700,5400,3500,3500,3200,0.97062,0.80273,0.0464779515728044,0.03765819805522306,0,0,0.0,0.16715,3516.6666666666665,0
200000,2,1,37,0,0,0,0,0,0,199669,204168,202381,172574,171795,170960,9300,7851,6400,6500,6537,6200,0.998345,0.9346225,0.039500232796394655,0.04555049983102234,0,0,0.0,0.143545,7131.333333333333,0
80000,2,1,54,0,0,0,0,0,0,26730,24568,27979,22460,22743,22988,1500,3901,1001,1001,1001,1901,0.334125,0.307225,0.06651877381062402,0.06105254589116366,0,0,0.0,0.046775,1717.5,0
50000,2,2,25,0,0,0,0,0,2,46528,47456,36251,438,43367,44305,1794,1021,438,43367,1800,0,0.93056,0.7278166666666667,0.4208584389327713,0.03780264239206018,1,2,-0.6666666666666666,0.04446,8070.0,1
210000,2,1,47,1,0,0,0,0,0,0,296,-204,-204,-204,-204,296,0,0,0,0,0,0.0,0.00023492063492063493,0.19932659932659932,0.9966329966329966,1,1,0.3333333333333333,0.0,49.333333333333336,5
100000,2,2,27,0,0,0,0,0,0,33628,35760,0,33333,0,0,36066,156,33333,0,0,0,0.33628,0.17120166666666667,1.401699768974336,1.0085288442716926,0,0,0.0,0.33628,11592.5,3
400000,2,2,30,2,0,0,0,0,0,24054,25381,26085,26779,29283,29764,1624,1328,1022,3000,1000,1171,0.060135,0.0672275,0.057819043642119025,0.06398234969663541,1,2,0.6666666666666666,-0.014275,1524.1666666666667,0
230000,2,2,29,0,0,0,0,0,0,157107,119402,78875,76117,75428,150130,6000,3020,3000,2500,80000,5000,0.6830739130434783,0.4761297101449275,0.13879242870883432,0.05024999371875079,0,0,0.0,0.03033478260869565,16586.666666666668,0
30000,3,2,26,2,3,2,2,2,2,28189,27467,26729,27291,28819,29201,0,0,1300,2123,1000,2000,0.9396333333333333,0.9316444444444444,0.031108271598752447,0.0,6,3,0.3333333333333335,-0.03373333333333333,1070.5,2
320000,2,2,29,1,2,0,0,3,2,93070,90725,92697,106221,104313,103251,0,3500,15100,11,3129,11,0.29084375,0.3074359375,0.042064415021300636,0.0,4,3,-0.6666666666666667,-0.031815625,3625.1666666666665,1
70000,2,1,42,4,4,4,4,4,4,59130,59831,61873,63359,64221,65706,2272,3614,3100,2500,3100,1000,0.8447142857142858,0.8907619047619048,0.04628307952451483,0.0379729910415831,6,4,0.0,-0.09394285714285715,2597.6666666666665,0
50000,1,2,25,0,0,0,0,0,0,43875,45052,44938,40655,40930,40146,2200,2000,2000,2000,3000,3000,0.8775,0.8519866666666667,0.05322349698558265,0.04883137637893148,0,0,0.0,0.07458,2366.6666666666665,0
500000,2,1,43,0,0,0,0,0,0,12200,8140,10176,20719,15665,8074,1518,5019,15027,639,547,50274,0.0244,0.02499133333333333,0.30268093509632726,0.18646357941284855,0,0,0.0,0.008252,12170.666666666666,0
390000,1,1,38,0,0,0,0,0,0,9610,6090,18119,15220,7658,7547,6090,18119,304,416,7547,897,0.024641025641025643,0.027454700854700857,0.6147871483149812,0.9998358233459202,0,0,0.0,0.005289743589743589,5562.166666666667,0
200000,3,2,45,0,0,0,0,0,0,69817,71272,76740,67480,68843,70266,2049,6104,1839,1862,1918,2149,0.349085,0.3536816666666666,0.037976708723478594,0.028748614482342543,0,0,0.0,-0.002245,2653.5,0
240000,2,1,36,0,0,0,0,0,0,10767,144915,142909,143531,144893,144121,140013,5206,5008,6011,5250,5033,0.0448625,0.5077333333333334,0.2230798546634905,0.9661666068619063,0,0,0.0,-0.5556416666666667,27753.5,0
460000,1,1,37,2,0,0,0,0,0,7121,7953,8642,9151,9702,9752,1273,1288,1123,1000,502,3000,0.015480434782608696,0.018956884057971014,0.11726105223692099,0.1600452602464169,1,2,0.6666666666666666,-0.005719565217391304,1364.3333333333333,0
50000,2,2,31,0,0,0,0,0,0,40754,41588,43409,45919,48530,0,2000,2000,3000,3000,0,0,0.81508,0.734,0.044261828369562196,0.04808963908725865,0,0,0.0,0.81508,1666.6666666666667,2
200000,1,2,33,0,0,0,0,0,0,66471,67010,67627,68085,69445,71242,2387,2485,2414,2434,2863,3000,0.332355,0.34156666666666663,0.03661130628638174,0.0356210174448971,0,0,0.0,-0.023855,2597.1666666666665,0
230000,1,2,29,0,0,0,0,0,0,33147,1672,3677,18346,3900,4167,1672,3677,18346,3900,4167,399,0.14411739130434784,0.04703550724637681,0.9997159223796915,0.9994022713687986,0,0,0.0,0.126,5360.166666666667,0
60000,3,1,48,0,0,0,0,0,0,49890,51060,52236,54362,55458,56767,2000,2000,3000,2000,2200,2500,0.8315,0.8882583333333334,0.04149147446492092,0.03916883727306555,0,0,0.0,-0.11461666666666667,2283.3333333333335,0
200000,1,1,36,0,0,0,0,0,0,588,608,4695,2008,164,3383,608,4695,2008,164,3383,4331,0.00294,0.009538333333333334,0.9982582284543258,0.9983579638752053,0,0,0.0,-0.013975,2531.5,0
20000,3,2,24,1,3,2,0,0,3,14665,14146,13634,14401,16257,15713,0,0,1300,2101,0,0,0.73325,0.7401333333333333,0.04389878567083695,0.0,4,3,1.0,-0.0524,566.8333333333334,4
100000,1,1,47,0,0,0,0,0,0,390,1473,390,390,390,0,1473,390,390,390,0,2380,0.0039,0.005055,0.798329787935468,0.9993215739484396,0,0,0.0,0.0039,837.1666666666666,1
240000,2,2,36,2,2,0,0,0,0,247477,241976,242629,239438,203445,203585,11,10949,9419,7461,7601,7501,1.0311541666666666,0.9573263888888889,0.03170365271684879,4.545886592527389e-05,2,2,1.3333333333333333,0.18288333333333334,7157.0,0
80000,3,1,31,0,0,2,0,0,0,56195,60067,58535,59730,61236,70617,4808,0,2169,2500,10400,0,0.7024375,0.7632916666666667,0.060890329230606235,0.08004261836585204,1,2,0.6666666666666666,-0.180275,3312.8333333333335,2
10000,1,2,27,0,0,0,2,2,0,8128,8470,10255,9389,8345,8572,1400,2500,500,0,500,2000,0.8128,0.8859833333333333,0.10412005427726385,0.16526974383189705,2,2,-1.3333333333333333,-0.0444,1150.0,1
20000,1,2,26,1,2,2,2,2,2,18194,19043,18451,19961,19229,19694,1446,0,1956,0,651,0,0.9097,0.9547666666666667,0.041393934991874506,0.0759294265910523,6,2,-0.33333333333333326,-0.075,675.5,3
10000,1,1,23,0,0,0,0,0,0,7641,8557,9080,1410,9508,8997,1262,1000,1115,9329,331,1000,0.7641,0.7532166666666666,0.4131321222332744,0.1474643608319701,0,0,0.0,-0.1356,2339.5,0
130000,2,1,47,0,0,0,0,0,0,109640,109699,91200,45400,0,0,8436,2270,0,0,0,0,0.8433846153846154,0.4563320512820513,0.020358143212718255,0.07690063810391978,0,0,0.0,0.8433846153846154,1784.3333333333333,4
260000,1,1,28,0,0,0,0,0,0,0,0,0,0,0,0,0,0,0,0,0,0,0.0,0.0,0.0,0.0,0,0,0.0,0.0,0.0,6
360000,1,1,37,1,0,0,0,0,0,0,0,0,0,0,0,0,0,0,0,0,0,0.0,0.0,0.0,0.0,1,1,0.3333333333333333,0.0,0.0,6
50000,2,1,32,0,0,0,0,0,0,19606,18516,16481,12518,7538,5854,5027,3053,5040,1000,1016,501,0.39212,0.26837666666666665,0.23309423780013785,0.2714802613814333,0,0,0.0,0.27504,2606.1666666666665,0
200000,2,1,29,0,0,0,0,0,0,34391,26945,26349,26925,27841,29368,1507,1427,1003,2000,2000,1060,0.171955,0.1431825,0.05745308864453432,0.05592666815111705,0,0,0.0,0.025115,1499.5,0
130000,2,1,33,0,0,0,0,0,0,99,99,99,99,99,98,99,99,99,99,98,894,0.0007615384615384615,0.0007602564102564102,0.989979797979798,0.99,0,0,0.0,7.692307692307692e-06,231.33333333333334,0
300000,3,1,39,2,0,0,2,2,2,36656,37672,40743,41226,40263,42788,1929,4000,1446,0,3179,0,0.12218666666666667,0.13297111111111112,0.051749328294985686,0.051203779895415816,4,2,-1.3333333333333335,-0.02044,1759.0,2
90000,3,1,45,0,0,0,0,0,0,2579,2516,0,298,659,636,2514,0,298,659,636,1012,0.028655555555555556,0.012385185185185187,0.7984757226107103,0.99880810488677,0,0,0.0,0.02158888888888889,853.1666666666666,1
20000,1,2,23,1,2,0,0,2,0,18551,17469,18414,20234,18438,18225,0,1576,2396,0,1200,2500,0.92755,0.9277583333333334,0.05396622244541558,0.0,3,2,0.33333333333333337,0.0163,1278.6666666666667,2
50000,3,2,41,2,2,0,0,0,0,23203,23534,24838,25429,26020,26541,1000,2000,1000,1000,955,1500,0.46406,0.49855,0.047348657961218676,0.04248990864669641,2,2,1.3333333333333333,-0.06676,1242.5,0
200000,2,1,51,2,0,0,0,0,0,206,2522,1261,0,1261,-1261,2522,1261,0,1261,0,5242,0.00103,0.004375,0.5996037720797507,0.9996036464526358,1,2,0.6666666666666666,0.00103,1714.3333333333333,2
120000,2,1,33,0,0,0,0,0,0,1336,-5,500,500,150,150,0,505,500,150,150,941,0.011133333333333334,0.003661111111111111,0.7985485981679027,0.0,0,0,0.0,0.009883333333333333,374.3333333333333,1
90000,3,1,45,2,0,0,0,0,0,37681,27664,18037,1696,-4,2889,1519,5035,6700,0,2893,304,0.41867777777777776,0.16290185185185185,1.056644341820402,0.054906922103741186,1,2,0.6666666666666666,0.3865777777777778,2741.8333333333335,1
720000,1,1,40,0,0,0,0,0,0,308274,209976,158694,148956,135217,85300,8500,6000,6000,5237,3000,8961,0.4281583333333333,0.2422261574074074,0.03849374123140922,0.040480624068350346,0,0,0.0,0.3096861111111111,6283.0,0
210000,1,2,25,0,0,0,0,0,0,4576,1837,141555,140550,153587,153278,1837,141555,4272,20150,6000,9749,0.02179047619047619,0.4725261904761905,0.44003659559320385,0.999455930359086,0,0,0.0,-0.7081047619047619,30593.833333333332,0
30000,3,1,35,0,0,0,0,0,0,27785,28786,26496,25098,26209,25325,1800,1500,1450,1500,1500,1500,0.9261666666666667,0.8872166666666667,0.0586734737609111,0.06252822454580192,0,0,0.0,0.082,1541.6666666666667,0
100000,2,1,29,0,0,0,0,0,0,49707,48657,49699,47635,48664,49578,2000,2000,1691,1782,1739,1400,0.49707,0.4899,0.03770720962748885,0.041103210160713555,0,0,0.0,0.00129,1768.6666666666667,0
120000,3,1,43,2,3,2,2,2,2,41439,42455,44872,45636,46388,47398,2000,3400,1800,1800,1900,2059,0.345325,0.37248333333333333,0.048241240918767164,0.04710759374411155,6,3,0.3333333333333335,-0.04965833333333333,2159.8333333333335,0
100000,1,1,37,0,0,0,0,0,0,99516,87274,96414,74161,45585,40178,10184,20000,5150,5000,10000,10000,0.99516,0.7385466666666667,0.15042736664173145,0.11668862790031509,0,0,0.0,0.59338,10055.666666666666,0
80000,2,1,41,0,0,0,2,0,0,78032,59156,61063,56202,25775,24688,2130,5804,121,1003,853,1941,0.9754,0.6352416666666667,0.041333715436490635,0.036005882651250064,1,2,-0.6666666666666666,0.6668,1975.3333333333333,0
60000,2,2,35,1,2,0,0,0,0,62522,60932,113580,673,28976,29719,0,1680,2752,59358,1231,1200,1.0420333333333334,0.823338888888889,1.2375498799322484,0.0,2,2,1.0,0.5467166666666666,11036.833333333334,1
30000,2,2,52,2,2,0,0,0,0,30119,28682,29058,29320,29787,27599,0,1803,1733,1200,1200,2000,1.0039666666666667,0.9698055555555556,0.040982703467179464,0.0,2,2,1.3333333333333333,0.084,1322.6666666666667,1
240000,1,2,29,0,2,2,0,0,0,3126,3126,626,626,776,783,626,626,626,776,783,1252,0.013025,0.00629375,0.8388879146088067,0.2001918771985929,2,2,1.3333333333333333,0.0097625,781.5,0
20000,2,2,21,2,0,0,2,0,0,19820,19277,20997,20200,20000,0,2000,5000,0,0,0,0,0.991,0.8357833333333334,0.06837262355528334,0.10374520178441747,2,2,0.0,0.991,1166.6666666666667,4
440000,3,2,36,0,0,0,0,0,0,7887,2516,5252,13192,29029,27812,2516,5252,13192,20000,1179,623,0.017925,0.03245757575757576,0.7461338517831634,0.9996027016289233,0,0,0.0,-0.045284090909090906,7127.0,0
20000,3,1,50,0,0,0,0,0,2,19657,20141,17703,18954,19582,19866,1273,1321,1572,1200,700,400,0.98285,0.9658583333333334,0.06345247737896358,0.06320127097606991,1,2,-0.6666666666666666,-0.01045,1077.6666666666667,0
320000,1,1,40,0,0,0,0,0,0,22155,10853,33968,86024,232017,15622,10908,34151,86466,232242,3199,7500,0.069234375,0.20866614583333334,0.8442374038539944,1.0049751243781095,0,0,0.0,0.020415625,62411.0,0
50000,3,1,57,3,2,0,0,0,0,12854,12362,13447,13427,13711,14083,0,1600,500,500,600,600,0.25708,0.26628,0.04705567419247728,0.0,2,3,1.6666666666666667,-0.02458,633.3333333333334,1
60000,2,2,34,0,0,0,0,0,0,59291,60720,59503,49305,28903,28577,3000,2267,1000,1100,1300,1025,0.9881833333333333,0.795275,0.03826652822309503,0.04940630095024785,0,0,0.0,0.5119,1615.3333333333333,0
380000,1,2,40,0,0,0,0,0,0,245069,251731,257028,266487,269786,265312,12000,10600,15000,9800,10000,10000,0.6449184210526315,0.6821986842105263,0.04384284452747236,0.047669744013474645,0,0,0.0,-0.05327105263157895,11233.333333333334,0
330000,2,1,42,0,0,2,2,0,0,-4,8223,2996,207,-3,500,15450,0,209,3,503,0,0.0,0.006023232323232324,1.377489513639587,1.878647859922179,2,2,0.0,-0.0015151515151515152,2694.1666666666665,2
20000,1,2,38,0,0,0,0,2,0,16787,17912,18706,20086,19632,20160,1700,1400,1684,0,1000,850,0.83935,0.944025,0.06063549388358902,0.09490314296879361,1,2,-0.6666666666666666,-0.16865,1105.6666666666667,1
160000,2,2,26,0,0,0,0,0,0,3720,396,396,396,396,1353,396,396,396,396,1353,2423,0.02325,0.006934375,0.9978371761624295,0.9974811083123426,0,0,0.0,0.01479375,893.3333333333334,0
360000,1,2,28,0,0,0,0,0,0,2988,2766,2766,2766,3373,5042,2766,2766,2766,3373,5042,1000,0.0083,0.009120833333333333,0.9996842228996468,0.9996385977593061,0,0,0.0,-0.005705555555555556,2952.1666666666665,0
70000,2,2,22,0,0,0,2,0,0,32845,31377,31420,30940,24765,25942,3100,6000,1125,1300,3000,2500,0.4692142857142857,0.4221166666666667,0.09884787989805352,0.09879533431066352,1,2,-0.6666666666666666,0.09861428571428571,2837.5,0
200000,2,1,58,0,2,2,0,0,0,1877,1830,200,200,18370,53276,151,200,0,18370,53276,30000,0.009385,0.0631275,0.6154840537146944,0.08246859639541235,2,2,1.3333333333333333,-0.256995,16999.5,1
150000,3,1,42,0,0,0,0,0,0,148826,148568,151864,147485,106607,98109,6000,6012,5012,5000,4000,4000,0.9921733333333334,0.89051,0.04032546258381945,0.04038527552854229,0,0,0.0,0.3381133333333333,5004.0,0
100000,2,1,46,1,2,2,0,0,0,97515,99028,96592,99801,27930,27377,4000,0,5000,2000,1116,1500,0.97515,0.7470716666666667,0.040571817514408845,0.04039220834301063,3,2,1.6666666666666667,0.70138,2269.3333333333335,1
500000,1,1,36,0,0,0,0,0,0,7297,12349,26488,6534,9788,25314,12349,26488,6534,9788,25314,103508,0.014594,0.029256666666666667,0.9999173193760686,0.999919028340081,0,0,0.0,-0.036034,30663.5,0
110000,1,2,25,1,2,0,0,0,0,4382,1972,1426,5660,5660,0,5,1426,5660,0,0,0,0.039836363636363635,0.028939393939393942,0.4003313587553416,0.002534211860111505,2,2,1.0,0.039836363636363635,1181.8333333333333,3
70000,3,1,23,2,0,0,0,0,0,254,2746,1885,2216,1348,29873,6840,1885,2216,1348,29873,1000,0.0036285714285714285,0.09124285714285714,1.2976466065085228,2.4899890789952677,1,2,0.6666666666666666,-0.4231285714285714,7193.666666666667,0
340000,2,2,32,0,0,0,0,0,0,169246,100967,102819,105477,107454,110419,6000,4500,5000,4000,5000,4000,0.49778235294117645,0.3413637254901961,0.046620071847724105,0.05942476824340385,0,0,0.0,0.17302058823529412,4750.0,0
140000,1,1,31,2,0,0,2,2,2,51028,52112,55232,55932,54910,57344,2500,4600,2200,0,3513,3000,0.3644857142857143,0.38875952380952383,0.04636995642344797,0.047972674764454167,4,2,-1.3333333333333335,-0.04511428571428571,2635.5,1
70000,1,1,32,0,0,0,0,0,0,70178,71312,71314,71595,70040,68927,2900,2766,3648,2700,2487,2600,1.0025428571428572,1.0080142857142858,0.04100680234991108,0.04066579725996663,0,0,0.0,0.017871428571428573,2850.1666666666665,0
240000,1,2,28,1,0,0,0,0,0,0,1748,0,14944,968,10408,1748,0,14944,968,10408,0,0.0,0.019491666666666668,0.79964665404969,0.9994282447112636,1,1,0.3333333333333333,-0.043366666666666664,4678.0,2
90000,2,2,25,0,0,0,0,0,0,27658,11865,4602,28426,8978,5104,6708,8853,28990,9028,5119,428,0.3073111111111111,0.16043148148148148,1.1033256488676078,0.5653126580144952,0,0,0.0,0.2506,9854.333333333334,0
590000,1,2,31,1,0,0,0,0,0,-154,240,244,-1469,925,3319,1000,1026,0,3000,3000,2271,0.0,0.001335593220338983,2.496097594793496,4.149377593360996,1,1,0.3333333333333333,-0.005625423728813559,1716.1666666666667,1
300000,1,2,37,1,2,0,0,0,0,34085,29305,25945,22318,18636,15374,0,1380,753,630,1000,500,0.11361666666666667,0.08092388888888889,0.03715396681536427,0.0,2,2,1.0,0.06237,710.5,1
100000,2,1,29,0,0,0,0,0,0,500,0,0,0,0,0,0,0,0,0,0,0,0.005,0.0008333333333333333,0.0,0.0,0,0,0.0,0.005,0.0,6
240000,2,1,40,0,0,0,0,0,0,326,326,326,326,326,326,326,326,326,326,326,326,0.0013583333333333334,0.0013583333333333334,0.9969418960244647,0.9969418960244648,0,0,0.0,0.0,326.0,0
130000,4,2,46,2,0,0,0,0,0,79705,59716,38343,37834,37429,36991,2475,1600,1300,1400,1400,2000,0.6131153846153846,0.3718179487179487,0.03855637939663503,0.04144548453539193,1,2,0.6666666666666666,0.3285692307692308,1695.8333333333333,0
10000,3,2,56,2,2,0,0,0,0,10156,8570,6101,6711,7258,7777,0,1500,2000,2000,2000,2000,1.0156,0.7762166666666667,0.21529007501718472,0.0,2,2,1.3333333333333333,0.2379,1583.3333333333333,1
110000,1,2,33,0,0,0,0,0,0,0,0,0,0,0,0,0,0,0,0,0,766,0.0,0.0,0.0,0.0,0,0,0.0,0.0,127.66666666666667,5
70000,3,1,45,2,0,0,0,0,0,67505,61595,46920,47184,48058,48888,2600,2056,1700,2000,2000,2000,0.9643571428571428,0.7622619047619048,0.040916355429498126,0.042210533151503346,1,2,0.6666666666666666,0.26595714285714284,2059.3333333333335,0
50000,3,2,28,0,0,0,0,0,0,51422,50525,49691,49308,30284,30554,2100,2500,28400,1100,2000,1500,1.02844,0.8726133333333332,0.15392195593242752,0.04156275976724855,0,0,0.0,0.41736,6266.666666666667,0
50000,1,2,32,1,2,2,2,2,2,45997,47003,46468,47198,49634,48708,2064,500,1800,3528,0,3000,0.91994,0.9500266666666667,0.032777258979707194,0.04391115649731938,6,2,-0.33333333333333326,-0.05422,1815.3333333333333,1
30000,2,2,29,0,0,0,0,0,0,390,390,390,1438,719,1588,390,390,1438,0,1588,0,0.013,0.027305555555555555,0.7987121313665512,0.9974424552429667,0,0,0.0,-0.039933333333333335,634.3333333333334,2
150000,4,2,29,0,0,0,0,0,0,200442,206334,206221,69995,60000,0,8500,8000,2500,1500,0,0,1.33628,0.8255466666666667,0.028140839811653114,0.041195143819516805,0,0,0.0,1.33628,3416.6666666666665,2
420000,1,2,34,0,0,0,0,0,0,13207,6184,6692,1039,1039,1503,6222,9723,1045,1042,1509,9215,0.031445238095238096,0.011771428571428572,1.0937498481575865,1.0059822150363784,0,0,0.0,0.027866666666666668,4792.666666666667,0
150000,3,2,28,0,0,0,0,0,0,35199,36206,36343,45180,45694,45694,1588,1971,20000,914,0,1746,0.23466,0.2714622222222222,0.11215136951123342,0.043858922307841025,0,0,0.0,-0.06996666666666666,4369.833333333333,1
50000,1,1,41,1,2,2,3,3,2,45313,46262,49188,50084,48980,50050,2000,4000,2000,0,2000,3000,0.90626,0.9662566666666668,0.040888288572535014,0.04323109180122344,6,3,-0.9999999999999998,-0.09474,2166.6666666666665,1
240000,3,1,30,0,0,0,0,0,0,7075,15732,9285,1617,188,98,17003,9343,1617,188,98,0,0.029479166666666667,0.023607638888888886,1.014170051900181,1.0807220491959575,0,0,0.0,0.029070833333333334,4708.166666666667,1
360000,2,2,37,0,0,0,0,0,0,880,22311,-447,-6146,13461,0,22311,26,0,25461,0,0,0.0024444444444444444,0.016968518518518518,1.5782557814224325,0.9999551810684834,0,0,0.0,0.0024444444444444444,7966.333333333333,3
80000,2,2,24,2,0,0,0,0,0,45647,45248,33696,40092,40946,41588,2039,2000,7000,1482,2501,3082,0.5705875,0.5150354166666667,0.07506750482046101,0.04506176932086897,1,2,0.6666666666666666,0.0507375,3017.3333333333335,0
230000,1,2,33,0,0,0,0,0,0,56754,57171,56150,57074,50670,50652,3000,2100,2300,2000,2000,2000,0.24675652173913043,0.23802246376811592,0.04182497824957935,0.05247323864828937,0,0,0.0,0.026530434782608695,2233.3333333333335,0
80000,3,1,46,0,0,0,2,0,0,25505,14696,1278,1107,16634,2136,1000,2278,0,17000,2500,0,0.3188125,0.127825,0.8081852099434756,0.06804109682248077,1,2,-0.6666666666666666,0.2921125,3796.3333333333335,2
80000,2,2,42,0,0,0,0,0,0,75264,75919,78078,28868,29174,29444,3200,4613,1100,1500,1500,966,0.9408,0.6598895833333333,0.04833805812483457,0.04214963119072708,0,0,0.0,0.57275,2146.5,0
260000,2,1,39,0,0,0,0,0,0,0,2399,1647,502,597,4222,2399,1647,502,597,4222,2117,0.0,0.00600448717948718,0.9990158852718174,0.9995833333333334,0,0,0.0,-0.01623846153846154,1914.0,0
160000,1,1,40,1,0,0,0,0,0,0,567,4027,3100,2123,4899,567,4059,3100,2123,4899,3165,0.0,0.015329166666666666,1.000987639136801,0.9982394366197183,1,1,0.3333333333333333,-0.03061875,2985.5,0
200000,3,1,37,0,0,0,0,0,0,65927,59688,53084,46363,39843,33004,2700,2200,1700,1489,1200,1100,0.329635,0.2482575,0.03941453733763005,0.045234465311866506,0,0,0.0,0.164615,1731.5,0
